Fitter report for SimpleRiscExample
Sun May 17 09:02:46 2026
Quartus Prime Version 25.1std.0 Build 1129 10/21/2025 Patches 0.36 SC Lite Edition


---------------------
; Table of Contents ;
---------------------
  1. Legal Notice
  2. Fitter Summary
  3. Fitter Settings
  4. Parallel Compilation
  5. Fitter Netlist Optimizations
  6. Ignored Assignments
  7. Incremental Compilation Preservation Summary
  8. Incremental Compilation Partition Settings
  9. Incremental Compilation Placement Preservation
 10. Pin-Out File
 11. Fitter Resource Usage Summary
 12. Fitter Partition Statistics
 13. Input Pins
 14. Output Pins
 15. Bidir Pins
 16. Dual Purpose and Dedicated Pins
 17. I/O Bank Usage
 18. All Package Pins
 19. PLL Summary
 20. PLL Usage
 21. I/O Assignment Warnings
 22. Fitter Resource Utilization by Entity
 23. Delay Chain Summary
 24. Pad To Core Delay Chain Fanout
 25. Control Signals
 26. Global & Other Fast Signals
 27. Fitter RAM Summary
 28. Fitter DSP Block Usage Summary
 29. DSP Block Details
 30. Routing Usage Summary
 31. LAB Logic Elements
 32. LAB-wide Signals
 33. LAB Signals Sourced
 34. LAB Signals Sourced Out
 35. LAB Distinct Inputs
 36. I/O Rules Summary
 37. I/O Rules Details
 38. I/O Rules Matrix
 39. Fitter Device Options
 40. Operating Settings and Conditions
 41. Estimated Delay Added for Hold Timing Summary
 42. Estimated Delay Added for Hold Timing Details
 43. Fitter Messages
 44. Fitter Suppressed Messages



----------------
; Legal Notice ;
----------------
Copyright (C) 2025  Altera Corporation. All rights reserved.
Your use of Altera Corporation's design tools, logic functions 
and other software and tools, and any partner logic 
functions, and any output files from any of the foregoing 
(including device programming or simulation files), and any 
associated documentation or information are expressly subject 
to the terms and conditions of the Altera Program License 
Subscription Agreement, the Altera Quartus Prime License Agreement,
the Altera IP License Agreement, or other applicable license
agreement, including, without limitation, that your use is for
the sole purpose of programming logic devices manufactured by
Altera and sold by Altera or its authorized distributors.  Please
refer to the Altera Software License Subscription Agreements 
on the Quartus Prime software download page.



+---------------------------------------------------------------------------------------------------+
; Fitter Summary                                                                                    ;
+------------------------------------+--------------------------------------------------------------+
; Fitter Status                      ; Successful - Sun May 17 09:02:46 2026                        ;
; Quartus Prime Version              ; 25.1std.0 Build 1129 10/21/2025 Patches 0.36 SC Lite Edition ;
; Revision Name                      ; SimpleRiscExample                                            ;
; Top-level Entity Name              ; SimpleRiscExample                                            ;
; Family                             ; MAX 10                                                       ;
; Device                             ; 10M50DAF484C6GES                                             ;
; Timing Models                      ; Preliminary                                                  ;
; Total logic elements               ; 5,733 / 49,760 ( 12 % )                                      ;
;     Total combinational functions  ; 4,927 / 49,760 ( 10 % )                                      ;
;     Dedicated logic registers      ; 3,690 / 49,760 ( 7 % )                                       ;
; Total registers                    ; 3690                                                         ;
; Total pins                         ; 118 / 360 ( 33 % )                                           ;
; Total virtual pins                 ; 0                                                            ;
; Total memory bits                  ; 1,474,560 / 1,677,312 ( 88 % )                               ;
; Embedded Multiplier 9-bit elements ; 8 / 288 ( 3 % )                                              ;
; Total PLLs                         ; 1 / 4 ( 25 % )                                               ;
; UFM blocks                         ; 0 / 1 ( 0 % )                                                ;
; ADC blocks                         ; 0 / 2 ( 0 % )                                                ;
+------------------------------------+--------------------------------------------------------------+


+----------------------------------------------------------------------------------------------------------------------------------------------------+
; Fitter Settings                                                                                                                                    ;
+--------------------------------------------------------------------+---------------------------------------+---------------------------------------+
; Option                                                             ; Setting                               ; Default Value                         ;
+--------------------------------------------------------------------+---------------------------------------+---------------------------------------+
; Device                                                             ; 10M50DAF484C6GES                      ;                                       ;
; Minimum Core Junction Temperature                                  ; 0                                     ;                                       ;
; Maximum Core Junction Temperature                                  ; 85                                    ;                                       ;
; Fit Attempts to Skip                                               ; 0                                     ; 0.0                                   ;
; Use smart compilation                                              ; Off                                   ; Off                                   ;
; Enable parallel Assembler and Timing Analyzer during compilation   ; On                                    ; On                                    ;
; Enable compact report table                                        ; Off                                   ; Off                                   ;
; Auto Merge PLLs                                                    ; On                                    ; On                                    ;
; Router Timing Optimization Level                                   ; Normal                                ; Normal                                ;
; Perform Clocking Topology Analysis During Routing                  ; Off                                   ; Off                                   ;
; Placement Effort Multiplier                                        ; 1.0                                   ; 1.0                                   ;
; Router Effort Multiplier                                           ; 1.0                                   ; 1.0                                   ;
; Optimize Hold Timing                                               ; All Paths                             ; All Paths                             ;
; Optimize Multi-Corner Timing                                       ; On                                    ; On                                    ;
; Power Optimization During Fitting                                  ; Normal compilation                    ; Normal compilation                    ;
; SSN Optimization                                                   ; Off                                   ; Off                                   ;
; Optimize Timing                                                    ; Normal compilation                    ; Normal compilation                    ;
; Optimize Timing for ECOs                                           ; Off                                   ; Off                                   ;
; Regenerate Full Fit Report During ECO Compiles                     ; Off                                   ; Off                                   ;
; Optimize IOC Register Placement for Timing                         ; Normal                                ; Normal                                ;
; Final Placement Optimizations                                      ; Automatically                         ; Automatically                         ;
; Fitter Initial Placement Seed                                      ; 1                                     ; 1                                     ;
; Periphery to Core Placement and Routing Optimization               ; Off                                   ; Off                                   ;
; PCI I/O                                                            ; Off                                   ; Off                                   ;
; Weak Pull-Up Resistor                                              ; Off                                   ; Off                                   ;
; Enable Bus-Hold Circuitry                                          ; Off                                   ; Off                                   ;
; Auto Packed Registers                                              ; Auto                                  ; Auto                                  ;
; Auto Delay Chains                                                  ; On                                    ; On                                    ;
; Auto Delay Chains for High Fanout Input Pins                       ; Off                                   ; Off                                   ;
; Allow Single-ended Buffer for Differential-XSTL Input              ; Off                                   ; Off                                   ;
; Treat Bidirectional Pin as Output Pin                              ; Off                                   ; Off                                   ;
; Perform Physical Synthesis for Combinational Logic for Fitting     ; Off                                   ; Off                                   ;
; Perform Physical Synthesis for Combinational Logic for Performance ; Off                                   ; Off                                   ;
; Perform Register Duplication for Performance                       ; Off                                   ; Off                                   ;
; Perform Logic to Memory Mapping for Fitting                        ; Off                                   ; Off                                   ;
; Perform Register Retiming for Performance                          ; Off                                   ; Off                                   ;
; Perform Asynchronous Signal Pipelining                             ; Off                                   ; Off                                   ;
; Fitter Effort                                                      ; Auto Fit                              ; Auto Fit                              ;
; Physical Synthesis Effort Level                                    ; Normal                                ; Normal                                ;
; Logic Cell Insertion - Logic Duplication                           ; Auto                                  ; Auto                                  ;
; Auto Register Duplication                                          ; Auto                                  ; Auto                                  ;
; Auto Global Clock                                                  ; On                                    ; On                                    ;
; Auto Global Register Control Signals                               ; On                                    ; On                                    ;
; Reserve all unused pins                                            ; As input tri-stated with weak pull-up ; As input tri-stated with weak pull-up ;
; Synchronizer Identification                                        ; Auto                                  ; Auto                                  ;
; Enable Beneficial Skew Optimization                                ; On                                    ; On                                    ;
; Optimize Design for Metastability                                  ; On                                    ; On                                    ;
; Force Fitter to Avoid Periphery Placement Warnings                 ; Off                                   ; Off                                   ;
; Enable input tri-state on active configuration pins in user mode   ; Off                                   ; Off                                   ;
+--------------------------------------------------------------------+---------------------------------------+---------------------------------------+


+------------------------------------------+
; Parallel Compilation                     ;
+----------------------------+-------------+
; Processors                 ; Number      ;
+----------------------------+-------------+
; Number detected on machine ; 16          ;
; Maximum allowed            ; 16          ;
;                            ;             ;
; Average used               ; 1.81        ;
; Maximum used               ; 16          ;
;                            ;             ;
; Usage by Processor         ; % Time Used ;
;     Processor 1            ; 100.0%      ;
;     Processor 2            ;   5.9%      ;
;     Processor 3            ;   5.7%      ;
;     Processor 4            ;   5.6%      ;
;     Processor 5            ;   5.6%      ;
;     Processor 6            ;   5.5%      ;
;     Processor 7            ;   5.4%      ;
;     Processor 8            ;   5.4%      ;
;     Processors 9-16        ;   5.2%      ;
+----------------------------+-------------+


+-----------------------------------------------------------------------------------------------------------------------------------------------------------------------------------------------------------------------------------------------------------------------------------------------------------------------------+
; Fitter Netlist Optimizations                                                                                                                                                                                                                                                                                                ;
+-----------------------------------------------------------------------------------+-----------------+------------------+---------------------+-----------+----------------+------------------------------------------------------------------------------------------------------+------------------+-----------------------+
; Node                                                                              ; Action          ; Operation        ; Reason              ; Node Port ; Node Port Name ; Destination Node                                                                                     ; Destination Port ; Destination Port Name ;
+-----------------------------------------------------------------------------------+-----------------+------------------+---------------------+-----------+----------------+------------------------------------------------------------------------------------------------------+------------------+-----------------------+
; System:system|VexRISCVSoftcore:core|VexRiscv:axi_cpu|execute_to_memory_MUL_HH[0]  ; Packed Register ; Register Packing ; Timing optimization ; Q         ;                ; System:system|VexRISCVSoftcore:core|VexRiscv:axi_cpu|lpm_mult:Mult0|mult_tgs:auto_generated|mac_out2 ; DATAOUT          ;                       ;
; System:system|VexRISCVSoftcore:core|VexRiscv:axi_cpu|execute_to_memory_MUL_HH[1]  ; Packed Register ; Register Packing ; Timing optimization ; Q         ;                ; System:system|VexRISCVSoftcore:core|VexRiscv:axi_cpu|execute_to_memory_MUL_HH[0]                     ; DATAOUT          ;                       ;
; System:system|VexRISCVSoftcore:core|VexRiscv:axi_cpu|execute_to_memory_MUL_HH[2]  ; Packed Register ; Register Packing ; Timing optimization ; Q         ;                ; System:system|VexRISCVSoftcore:core|VexRiscv:axi_cpu|execute_to_memory_MUL_HH[0]                     ; DATAOUT          ;                       ;
; System:system|VexRISCVSoftcore:core|VexRiscv:axi_cpu|execute_to_memory_MUL_HH[3]  ; Packed Register ; Register Packing ; Timing optimization ; Q         ;                ; System:system|VexRISCVSoftcore:core|VexRiscv:axi_cpu|execute_to_memory_MUL_HH[0]                     ; DATAOUT          ;                       ;
; System:system|VexRISCVSoftcore:core|VexRiscv:axi_cpu|execute_to_memory_MUL_HH[4]  ; Packed Register ; Register Packing ; Timing optimization ; Q         ;                ; System:system|VexRISCVSoftcore:core|VexRiscv:axi_cpu|execute_to_memory_MUL_HH[0]                     ; DATAOUT          ;                       ;
; System:system|VexRISCVSoftcore:core|VexRiscv:axi_cpu|execute_to_memory_MUL_HH[5]  ; Packed Register ; Register Packing ; Timing optimization ; Q         ;                ; System:system|VexRISCVSoftcore:core|VexRiscv:axi_cpu|execute_to_memory_MUL_HH[0]                     ; DATAOUT          ;                       ;
; System:system|VexRISCVSoftcore:core|VexRiscv:axi_cpu|execute_to_memory_MUL_HH[6]  ; Packed Register ; Register Packing ; Timing optimization ; Q         ;                ; System:system|VexRISCVSoftcore:core|VexRiscv:axi_cpu|execute_to_memory_MUL_HH[0]                     ; DATAOUT          ;                       ;
; System:system|VexRISCVSoftcore:core|VexRiscv:axi_cpu|execute_to_memory_MUL_HH[7]  ; Packed Register ; Register Packing ; Timing optimization ; Q         ;                ; System:system|VexRISCVSoftcore:core|VexRiscv:axi_cpu|execute_to_memory_MUL_HH[0]                     ; DATAOUT          ;                       ;
; System:system|VexRISCVSoftcore:core|VexRiscv:axi_cpu|execute_to_memory_MUL_HH[8]  ; Packed Register ; Register Packing ; Timing optimization ; Q         ;                ; System:system|VexRISCVSoftcore:core|VexRiscv:axi_cpu|execute_to_memory_MUL_HH[0]                     ; DATAOUT          ;                       ;
; System:system|VexRISCVSoftcore:core|VexRiscv:axi_cpu|execute_to_memory_MUL_HH[9]  ; Packed Register ; Register Packing ; Timing optimization ; Q         ;                ; System:system|VexRISCVSoftcore:core|VexRiscv:axi_cpu|execute_to_memory_MUL_HH[0]                     ; DATAOUT          ;                       ;
; System:system|VexRISCVSoftcore:core|VexRiscv:axi_cpu|execute_to_memory_MUL_HH[10] ; Packed Register ; Register Packing ; Timing optimization ; Q         ;                ; System:system|VexRISCVSoftcore:core|VexRiscv:axi_cpu|execute_to_memory_MUL_HH[0]                     ; DATAOUT          ;                       ;
; System:system|VexRISCVSoftcore:core|VexRiscv:axi_cpu|execute_to_memory_MUL_HH[11] ; Packed Register ; Register Packing ; Timing optimization ; Q         ;                ; System:system|VexRISCVSoftcore:core|VexRiscv:axi_cpu|execute_to_memory_MUL_HH[0]                     ; DATAOUT          ;                       ;
; System:system|VexRISCVSoftcore:core|VexRiscv:axi_cpu|execute_to_memory_MUL_HH[12] ; Packed Register ; Register Packing ; Timing optimization ; Q         ;                ; System:system|VexRISCVSoftcore:core|VexRiscv:axi_cpu|execute_to_memory_MUL_HH[0]                     ; DATAOUT          ;                       ;
; System:system|VexRISCVSoftcore:core|VexRiscv:axi_cpu|execute_to_memory_MUL_HH[13] ; Packed Register ; Register Packing ; Timing optimization ; Q         ;                ; System:system|VexRISCVSoftcore:core|VexRiscv:axi_cpu|execute_to_memory_MUL_HH[0]                     ; DATAOUT          ;                       ;
; System:system|VexRISCVSoftcore:core|VexRiscv:axi_cpu|execute_to_memory_MUL_HH[14] ; Packed Register ; Register Packing ; Timing optimization ; Q         ;                ; System:system|VexRISCVSoftcore:core|VexRiscv:axi_cpu|execute_to_memory_MUL_HH[0]                     ; DATAOUT          ;                       ;
; System:system|VexRISCVSoftcore:core|VexRiscv:axi_cpu|execute_to_memory_MUL_HH[15] ; Packed Register ; Register Packing ; Timing optimization ; Q         ;                ; System:system|VexRISCVSoftcore:core|VexRiscv:axi_cpu|execute_to_memory_MUL_HH[0]                     ; DATAOUT          ;                       ;
; System:system|VexRISCVSoftcore:core|VexRiscv:axi_cpu|execute_to_memory_MUL_HH[16] ; Packed Register ; Register Packing ; Timing optimization ; Q         ;                ; System:system|VexRISCVSoftcore:core|VexRiscv:axi_cpu|execute_to_memory_MUL_HH[0]                     ; DATAOUT          ;                       ;
; System:system|VexRISCVSoftcore:core|VexRiscv:axi_cpu|execute_to_memory_MUL_HH[17] ; Packed Register ; Register Packing ; Timing optimization ; Q         ;                ; System:system|VexRISCVSoftcore:core|VexRiscv:axi_cpu|execute_to_memory_MUL_HH[0]                     ; DATAOUT          ;                       ;
; System:system|VexRISCVSoftcore:core|VexRiscv:axi_cpu|execute_to_memory_MUL_HH[18] ; Packed Register ; Register Packing ; Timing optimization ; Q         ;                ; System:system|VexRISCVSoftcore:core|VexRiscv:axi_cpu|execute_to_memory_MUL_HH[0]                     ; DATAOUT          ;                       ;
; System:system|VexRISCVSoftcore:core|VexRiscv:axi_cpu|execute_to_memory_MUL_HH[19] ; Packed Register ; Register Packing ; Timing optimization ; Q         ;                ; System:system|VexRISCVSoftcore:core|VexRiscv:axi_cpu|execute_to_memory_MUL_HH[0]                     ; DATAOUT          ;                       ;
; System:system|VexRISCVSoftcore:core|VexRiscv:axi_cpu|execute_to_memory_MUL_HH[20] ; Packed Register ; Register Packing ; Timing optimization ; Q         ;                ; System:system|VexRISCVSoftcore:core|VexRiscv:axi_cpu|execute_to_memory_MUL_HH[0]                     ; DATAOUT          ;                       ;
; System:system|VexRISCVSoftcore:core|VexRiscv:axi_cpu|execute_to_memory_MUL_HH[21] ; Packed Register ; Register Packing ; Timing optimization ; Q         ;                ; System:system|VexRISCVSoftcore:core|VexRiscv:axi_cpu|execute_to_memory_MUL_HH[0]                     ; DATAOUT          ;                       ;
; System:system|VexRISCVSoftcore:core|VexRiscv:axi_cpu|execute_to_memory_MUL_HH[22] ; Packed Register ; Register Packing ; Timing optimization ; Q         ;                ; System:system|VexRISCVSoftcore:core|VexRiscv:axi_cpu|execute_to_memory_MUL_HH[0]                     ; DATAOUT          ;                       ;
; System:system|VexRISCVSoftcore:core|VexRiscv:axi_cpu|execute_to_memory_MUL_HH[23] ; Packed Register ; Register Packing ; Timing optimization ; Q         ;                ; System:system|VexRISCVSoftcore:core|VexRiscv:axi_cpu|execute_to_memory_MUL_HH[0]                     ; DATAOUT          ;                       ;
; System:system|VexRISCVSoftcore:core|VexRiscv:axi_cpu|execute_to_memory_MUL_HH[24] ; Packed Register ; Register Packing ; Timing optimization ; Q         ;                ; System:system|VexRISCVSoftcore:core|VexRiscv:axi_cpu|execute_to_memory_MUL_HH[0]                     ; DATAOUT          ;                       ;
; System:system|VexRISCVSoftcore:core|VexRiscv:axi_cpu|execute_to_memory_MUL_HH[25] ; Packed Register ; Register Packing ; Timing optimization ; Q         ;                ; System:system|VexRISCVSoftcore:core|VexRiscv:axi_cpu|execute_to_memory_MUL_HH[0]                     ; DATAOUT          ;                       ;
; System:system|VexRISCVSoftcore:core|VexRiscv:axi_cpu|execute_to_memory_MUL_HH[26] ; Packed Register ; Register Packing ; Timing optimization ; Q         ;                ; System:system|VexRISCVSoftcore:core|VexRiscv:axi_cpu|execute_to_memory_MUL_HH[0]                     ; DATAOUT          ;                       ;
; System:system|VexRISCVSoftcore:core|VexRiscv:axi_cpu|execute_to_memory_MUL_HH[27] ; Packed Register ; Register Packing ; Timing optimization ; Q         ;                ; System:system|VexRISCVSoftcore:core|VexRiscv:axi_cpu|execute_to_memory_MUL_HH[0]                     ; DATAOUT          ;                       ;
; System:system|VexRISCVSoftcore:core|VexRiscv:axi_cpu|execute_to_memory_MUL_HH[28] ; Packed Register ; Register Packing ; Timing optimization ; Q         ;                ; System:system|VexRISCVSoftcore:core|VexRiscv:axi_cpu|execute_to_memory_MUL_HH[0]                     ; DATAOUT          ;                       ;
; System:system|VexRISCVSoftcore:core|VexRiscv:axi_cpu|execute_to_memory_MUL_HH[29] ; Packed Register ; Register Packing ; Timing optimization ; Q         ;                ; System:system|VexRISCVSoftcore:core|VexRiscv:axi_cpu|execute_to_memory_MUL_HH[0]                     ; DATAOUT          ;                       ;
; System:system|VexRISCVSoftcore:core|VexRiscv:axi_cpu|execute_to_memory_MUL_HH[30] ; Packed Register ; Register Packing ; Timing optimization ; Q         ;                ; System:system|VexRISCVSoftcore:core|VexRiscv:axi_cpu|execute_to_memory_MUL_HH[0]                     ; DATAOUT          ;                       ;
; System:system|VexRISCVSoftcore:core|VexRiscv:axi_cpu|execute_to_memory_MUL_HH[31] ; Packed Register ; Register Packing ; Timing optimization ; Q         ;                ; System:system|VexRISCVSoftcore:core|VexRiscv:axi_cpu|execute_to_memory_MUL_HH[0]                     ; DATAOUT          ;                       ;
; System:system|VexRISCVSoftcore:core|VexRiscv:axi_cpu|execute_to_memory_MUL_HL[0]  ; Packed Register ; Register Packing ; Timing optimization ; Q         ;                ; System:system|VexRISCVSoftcore:core|VexRiscv:axi_cpu|lpm_mult:Mult3|mult_tgs:auto_generated|mac_out2 ; DATAOUT          ;                       ;
; System:system|VexRISCVSoftcore:core|VexRiscv:axi_cpu|execute_to_memory_MUL_HL[1]  ; Packed Register ; Register Packing ; Timing optimization ; Q         ;                ; System:system|VexRISCVSoftcore:core|VexRiscv:axi_cpu|execute_to_memory_MUL_HL[0]                     ; DATAOUT          ;                       ;
; System:system|VexRISCVSoftcore:core|VexRiscv:axi_cpu|execute_to_memory_MUL_HL[2]  ; Packed Register ; Register Packing ; Timing optimization ; Q         ;                ; System:system|VexRISCVSoftcore:core|VexRiscv:axi_cpu|execute_to_memory_MUL_HL[0]                     ; DATAOUT          ;                       ;
; System:system|VexRISCVSoftcore:core|VexRiscv:axi_cpu|execute_to_memory_MUL_HL[3]  ; Packed Register ; Register Packing ; Timing optimization ; Q         ;                ; System:system|VexRISCVSoftcore:core|VexRiscv:axi_cpu|execute_to_memory_MUL_HL[0]                     ; DATAOUT          ;                       ;
; System:system|VexRISCVSoftcore:core|VexRiscv:axi_cpu|execute_to_memory_MUL_HL[4]  ; Packed Register ; Register Packing ; Timing optimization ; Q         ;                ; System:system|VexRISCVSoftcore:core|VexRiscv:axi_cpu|execute_to_memory_MUL_HL[0]                     ; DATAOUT          ;                       ;
; System:system|VexRISCVSoftcore:core|VexRiscv:axi_cpu|execute_to_memory_MUL_HL[5]  ; Packed Register ; Register Packing ; Timing optimization ; Q         ;                ; System:system|VexRISCVSoftcore:core|VexRiscv:axi_cpu|execute_to_memory_MUL_HL[0]                     ; DATAOUT          ;                       ;
; System:system|VexRISCVSoftcore:core|VexRiscv:axi_cpu|execute_to_memory_MUL_HL[6]  ; Packed Register ; Register Packing ; Timing optimization ; Q         ;                ; System:system|VexRISCVSoftcore:core|VexRiscv:axi_cpu|execute_to_memory_MUL_HL[0]                     ; DATAOUT          ;                       ;
; System:system|VexRISCVSoftcore:core|VexRiscv:axi_cpu|execute_to_memory_MUL_HL[7]  ; Packed Register ; Register Packing ; Timing optimization ; Q         ;                ; System:system|VexRISCVSoftcore:core|VexRiscv:axi_cpu|execute_to_memory_MUL_HL[0]                     ; DATAOUT          ;                       ;
; System:system|VexRISCVSoftcore:core|VexRiscv:axi_cpu|execute_to_memory_MUL_HL[8]  ; Packed Register ; Register Packing ; Timing optimization ; Q         ;                ; System:system|VexRISCVSoftcore:core|VexRiscv:axi_cpu|execute_to_memory_MUL_HL[0]                     ; DATAOUT          ;                       ;
; System:system|VexRISCVSoftcore:core|VexRiscv:axi_cpu|execute_to_memory_MUL_HL[9]  ; Packed Register ; Register Packing ; Timing optimization ; Q         ;                ; System:system|VexRISCVSoftcore:core|VexRiscv:axi_cpu|execute_to_memory_MUL_HL[0]                     ; DATAOUT          ;                       ;
; System:system|VexRISCVSoftcore:core|VexRiscv:axi_cpu|execute_to_memory_MUL_HL[10] ; Packed Register ; Register Packing ; Timing optimization ; Q         ;                ; System:system|VexRISCVSoftcore:core|VexRiscv:axi_cpu|execute_to_memory_MUL_HL[0]                     ; DATAOUT          ;                       ;
; System:system|VexRISCVSoftcore:core|VexRiscv:axi_cpu|execute_to_memory_MUL_HL[11] ; Packed Register ; Register Packing ; Timing optimization ; Q         ;                ; System:system|VexRISCVSoftcore:core|VexRiscv:axi_cpu|execute_to_memory_MUL_HL[0]                     ; DATAOUT          ;                       ;
; System:system|VexRISCVSoftcore:core|VexRiscv:axi_cpu|execute_to_memory_MUL_HL[12] ; Packed Register ; Register Packing ; Timing optimization ; Q         ;                ; System:system|VexRISCVSoftcore:core|VexRiscv:axi_cpu|execute_to_memory_MUL_HL[0]                     ; DATAOUT          ;                       ;
; System:system|VexRISCVSoftcore:core|VexRiscv:axi_cpu|execute_to_memory_MUL_HL[13] ; Packed Register ; Register Packing ; Timing optimization ; Q         ;                ; System:system|VexRISCVSoftcore:core|VexRiscv:axi_cpu|execute_to_memory_MUL_HL[0]                     ; DATAOUT          ;                       ;
; System:system|VexRISCVSoftcore:core|VexRiscv:axi_cpu|execute_to_memory_MUL_HL[14] ; Packed Register ; Register Packing ; Timing optimization ; Q         ;                ; System:system|VexRISCVSoftcore:core|VexRiscv:axi_cpu|execute_to_memory_MUL_HL[0]                     ; DATAOUT          ;                       ;
; System:system|VexRISCVSoftcore:core|VexRiscv:axi_cpu|execute_to_memory_MUL_HL[15] ; Packed Register ; Register Packing ; Timing optimization ; Q         ;                ; System:system|VexRISCVSoftcore:core|VexRiscv:axi_cpu|execute_to_memory_MUL_HL[0]                     ; DATAOUT          ;                       ;
; System:system|VexRISCVSoftcore:core|VexRiscv:axi_cpu|execute_to_memory_MUL_HL[16] ; Packed Register ; Register Packing ; Timing optimization ; Q         ;                ; System:system|VexRISCVSoftcore:core|VexRiscv:axi_cpu|execute_to_memory_MUL_HL[0]                     ; DATAOUT          ;                       ;
; System:system|VexRISCVSoftcore:core|VexRiscv:axi_cpu|execute_to_memory_MUL_HL[17] ; Packed Register ; Register Packing ; Timing optimization ; Q         ;                ; System:system|VexRISCVSoftcore:core|VexRiscv:axi_cpu|execute_to_memory_MUL_HL[0]                     ; DATAOUT          ;                       ;
; System:system|VexRISCVSoftcore:core|VexRiscv:axi_cpu|execute_to_memory_MUL_HL[18] ; Packed Register ; Register Packing ; Timing optimization ; Q         ;                ; System:system|VexRISCVSoftcore:core|VexRiscv:axi_cpu|execute_to_memory_MUL_HL[0]                     ; DATAOUT          ;                       ;
; System:system|VexRISCVSoftcore:core|VexRiscv:axi_cpu|execute_to_memory_MUL_HL[19] ; Packed Register ; Register Packing ; Timing optimization ; Q         ;                ; System:system|VexRISCVSoftcore:core|VexRiscv:axi_cpu|execute_to_memory_MUL_HL[0]                     ; DATAOUT          ;                       ;
; System:system|VexRISCVSoftcore:core|VexRiscv:axi_cpu|execute_to_memory_MUL_HL[20] ; Packed Register ; Register Packing ; Timing optimization ; Q         ;                ; System:system|VexRISCVSoftcore:core|VexRiscv:axi_cpu|execute_to_memory_MUL_HL[0]                     ; DATAOUT          ;                       ;
; System:system|VexRISCVSoftcore:core|VexRiscv:axi_cpu|execute_to_memory_MUL_HL[21] ; Packed Register ; Register Packing ; Timing optimization ; Q         ;                ; System:system|VexRISCVSoftcore:core|VexRiscv:axi_cpu|execute_to_memory_MUL_HL[0]                     ; DATAOUT          ;                       ;
; System:system|VexRISCVSoftcore:core|VexRiscv:axi_cpu|execute_to_memory_MUL_HL[22] ; Packed Register ; Register Packing ; Timing optimization ; Q         ;                ; System:system|VexRISCVSoftcore:core|VexRiscv:axi_cpu|execute_to_memory_MUL_HL[0]                     ; DATAOUT          ;                       ;
; System:system|VexRISCVSoftcore:core|VexRiscv:axi_cpu|execute_to_memory_MUL_HL[23] ; Packed Register ; Register Packing ; Timing optimization ; Q         ;                ; System:system|VexRISCVSoftcore:core|VexRiscv:axi_cpu|execute_to_memory_MUL_HL[0]                     ; DATAOUT          ;                       ;
; System:system|VexRISCVSoftcore:core|VexRiscv:axi_cpu|execute_to_memory_MUL_HL[24] ; Packed Register ; Register Packing ; Timing optimization ; Q         ;                ; System:system|VexRISCVSoftcore:core|VexRiscv:axi_cpu|execute_to_memory_MUL_HL[0]                     ; DATAOUT          ;                       ;
; System:system|VexRISCVSoftcore:core|VexRiscv:axi_cpu|execute_to_memory_MUL_HL[25] ; Packed Register ; Register Packing ; Timing optimization ; Q         ;                ; System:system|VexRISCVSoftcore:core|VexRiscv:axi_cpu|execute_to_memory_MUL_HL[0]                     ; DATAOUT          ;                       ;
; System:system|VexRISCVSoftcore:core|VexRiscv:axi_cpu|execute_to_memory_MUL_HL[26] ; Packed Register ; Register Packing ; Timing optimization ; Q         ;                ; System:system|VexRISCVSoftcore:core|VexRiscv:axi_cpu|execute_to_memory_MUL_HL[0]                     ; DATAOUT          ;                       ;
; System:system|VexRISCVSoftcore:core|VexRiscv:axi_cpu|execute_to_memory_MUL_HL[27] ; Packed Register ; Register Packing ; Timing optimization ; Q         ;                ; System:system|VexRISCVSoftcore:core|VexRiscv:axi_cpu|execute_to_memory_MUL_HL[0]                     ; DATAOUT          ;                       ;
; System:system|VexRISCVSoftcore:core|VexRiscv:axi_cpu|execute_to_memory_MUL_HL[28] ; Packed Register ; Register Packing ; Timing optimization ; Q         ;                ; System:system|VexRISCVSoftcore:core|VexRiscv:axi_cpu|execute_to_memory_MUL_HL[0]                     ; DATAOUT          ;                       ;
; System:system|VexRISCVSoftcore:core|VexRiscv:axi_cpu|execute_to_memory_MUL_HL[29] ; Packed Register ; Register Packing ; Timing optimization ; Q         ;                ; System:system|VexRISCVSoftcore:core|VexRiscv:axi_cpu|execute_to_memory_MUL_HL[0]                     ; DATAOUT          ;                       ;
; System:system|VexRISCVSoftcore:core|VexRiscv:axi_cpu|execute_to_memory_MUL_HL[30] ; Packed Register ; Register Packing ; Timing optimization ; Q         ;                ; System:system|VexRISCVSoftcore:core|VexRiscv:axi_cpu|execute_to_memory_MUL_HL[0]                     ; DATAOUT          ;                       ;
; System:system|VexRISCVSoftcore:core|VexRiscv:axi_cpu|execute_to_memory_MUL_HL[31] ; Packed Register ; Register Packing ; Timing optimization ; Q         ;                ; System:system|VexRISCVSoftcore:core|VexRiscv:axi_cpu|execute_to_memory_MUL_HL[0]                     ; DATAOUT          ;                       ;
; System:system|VexRISCVSoftcore:core|VexRiscv:axi_cpu|execute_to_memory_MUL_HL[32] ; Packed Register ; Register Packing ; Timing optimization ; Q         ;                ; System:system|VexRISCVSoftcore:core|VexRiscv:axi_cpu|execute_to_memory_MUL_HL[0]                     ; DATAOUT          ;                       ;
; System:system|VexRISCVSoftcore:core|VexRiscv:axi_cpu|execute_to_memory_MUL_HL[33] ; Packed Register ; Register Packing ; Timing optimization ; Q         ;                ; System:system|VexRISCVSoftcore:core|VexRiscv:axi_cpu|execute_to_memory_MUL_HL[0]                     ; DATAOUT          ;                       ;
; System:system|VexRISCVSoftcore:core|VexRiscv:axi_cpu|execute_to_memory_MUL_LH[0]  ; Packed Register ; Register Packing ; Timing optimization ; Q         ;                ; System:system|VexRISCVSoftcore:core|VexRiscv:axi_cpu|lpm_mult:Mult2|mult_tgs:auto_generated|mac_out2 ; DATAOUT          ;                       ;
; System:system|VexRISCVSoftcore:core|VexRiscv:axi_cpu|execute_to_memory_MUL_LH[1]  ; Packed Register ; Register Packing ; Timing optimization ; Q         ;                ; System:system|VexRISCVSoftcore:core|VexRiscv:axi_cpu|execute_to_memory_MUL_LH[0]                     ; DATAOUT          ;                       ;
; System:system|VexRISCVSoftcore:core|VexRiscv:axi_cpu|execute_to_memory_MUL_LH[2]  ; Packed Register ; Register Packing ; Timing optimization ; Q         ;                ; System:system|VexRISCVSoftcore:core|VexRiscv:axi_cpu|execute_to_memory_MUL_LH[0]                     ; DATAOUT          ;                       ;
; System:system|VexRISCVSoftcore:core|VexRiscv:axi_cpu|execute_to_memory_MUL_LH[3]  ; Packed Register ; Register Packing ; Timing optimization ; Q         ;                ; System:system|VexRISCVSoftcore:core|VexRiscv:axi_cpu|execute_to_memory_MUL_LH[0]                     ; DATAOUT          ;                       ;
; System:system|VexRISCVSoftcore:core|VexRiscv:axi_cpu|execute_to_memory_MUL_LH[4]  ; Packed Register ; Register Packing ; Timing optimization ; Q         ;                ; System:system|VexRISCVSoftcore:core|VexRiscv:axi_cpu|execute_to_memory_MUL_LH[0]                     ; DATAOUT          ;                       ;
; System:system|VexRISCVSoftcore:core|VexRiscv:axi_cpu|execute_to_memory_MUL_LH[5]  ; Packed Register ; Register Packing ; Timing optimization ; Q         ;                ; System:system|VexRISCVSoftcore:core|VexRiscv:axi_cpu|execute_to_memory_MUL_LH[0]                     ; DATAOUT          ;                       ;
; System:system|VexRISCVSoftcore:core|VexRiscv:axi_cpu|execute_to_memory_MUL_LH[6]  ; Packed Register ; Register Packing ; Timing optimization ; Q         ;                ; System:system|VexRISCVSoftcore:core|VexRiscv:axi_cpu|execute_to_memory_MUL_LH[0]                     ; DATAOUT          ;                       ;
; System:system|VexRISCVSoftcore:core|VexRiscv:axi_cpu|execute_to_memory_MUL_LH[7]  ; Packed Register ; Register Packing ; Timing optimization ; Q         ;                ; System:system|VexRISCVSoftcore:core|VexRiscv:axi_cpu|execute_to_memory_MUL_LH[0]                     ; DATAOUT          ;                       ;
; System:system|VexRISCVSoftcore:core|VexRiscv:axi_cpu|execute_to_memory_MUL_LH[8]  ; Packed Register ; Register Packing ; Timing optimization ; Q         ;                ; System:system|VexRISCVSoftcore:core|VexRiscv:axi_cpu|execute_to_memory_MUL_LH[0]                     ; DATAOUT          ;                       ;
; System:system|VexRISCVSoftcore:core|VexRiscv:axi_cpu|execute_to_memory_MUL_LH[9]  ; Packed Register ; Register Packing ; Timing optimization ; Q         ;                ; System:system|VexRISCVSoftcore:core|VexRiscv:axi_cpu|execute_to_memory_MUL_LH[0]                     ; DATAOUT          ;                       ;
; System:system|VexRISCVSoftcore:core|VexRiscv:axi_cpu|execute_to_memory_MUL_LH[10] ; Packed Register ; Register Packing ; Timing optimization ; Q         ;                ; System:system|VexRISCVSoftcore:core|VexRiscv:axi_cpu|execute_to_memory_MUL_LH[0]                     ; DATAOUT          ;                       ;
; System:system|VexRISCVSoftcore:core|VexRiscv:axi_cpu|execute_to_memory_MUL_LH[11] ; Packed Register ; Register Packing ; Timing optimization ; Q         ;                ; System:system|VexRISCVSoftcore:core|VexRiscv:axi_cpu|execute_to_memory_MUL_LH[0]                     ; DATAOUT          ;                       ;
; System:system|VexRISCVSoftcore:core|VexRiscv:axi_cpu|execute_to_memory_MUL_LH[12] ; Packed Register ; Register Packing ; Timing optimization ; Q         ;                ; System:system|VexRISCVSoftcore:core|VexRiscv:axi_cpu|execute_to_memory_MUL_LH[0]                     ; DATAOUT          ;                       ;
; System:system|VexRISCVSoftcore:core|VexRiscv:axi_cpu|execute_to_memory_MUL_LH[13] ; Packed Register ; Register Packing ; Timing optimization ; Q         ;                ; System:system|VexRISCVSoftcore:core|VexRiscv:axi_cpu|execute_to_memory_MUL_LH[0]                     ; DATAOUT          ;                       ;
; System:system|VexRISCVSoftcore:core|VexRiscv:axi_cpu|execute_to_memory_MUL_LH[14] ; Packed Register ; Register Packing ; Timing optimization ; Q         ;                ; System:system|VexRISCVSoftcore:core|VexRiscv:axi_cpu|execute_to_memory_MUL_LH[0]                     ; DATAOUT          ;                       ;
; System:system|VexRISCVSoftcore:core|VexRiscv:axi_cpu|execute_to_memory_MUL_LH[15] ; Packed Register ; Register Packing ; Timing optimization ; Q         ;                ; System:system|VexRISCVSoftcore:core|VexRiscv:axi_cpu|execute_to_memory_MUL_LH[0]                     ; DATAOUT          ;                       ;
; System:system|VexRISCVSoftcore:core|VexRiscv:axi_cpu|execute_to_memory_MUL_LH[16] ; Packed Register ; Register Packing ; Timing optimization ; Q         ;                ; System:system|VexRISCVSoftcore:core|VexRiscv:axi_cpu|execute_to_memory_MUL_LH[0]                     ; DATAOUT          ;                       ;
; System:system|VexRISCVSoftcore:core|VexRiscv:axi_cpu|execute_to_memory_MUL_LH[17] ; Packed Register ; Register Packing ; Timing optimization ; Q         ;                ; System:system|VexRISCVSoftcore:core|VexRiscv:axi_cpu|execute_to_memory_MUL_LH[0]                     ; DATAOUT          ;                       ;
; System:system|VexRISCVSoftcore:core|VexRiscv:axi_cpu|execute_to_memory_MUL_LH[18] ; Packed Register ; Register Packing ; Timing optimization ; Q         ;                ; System:system|VexRISCVSoftcore:core|VexRiscv:axi_cpu|execute_to_memory_MUL_LH[0]                     ; DATAOUT          ;                       ;
; System:system|VexRISCVSoftcore:core|VexRiscv:axi_cpu|execute_to_memory_MUL_LH[19] ; Packed Register ; Register Packing ; Timing optimization ; Q         ;                ; System:system|VexRISCVSoftcore:core|VexRiscv:axi_cpu|execute_to_memory_MUL_LH[0]                     ; DATAOUT          ;                       ;
; System:system|VexRISCVSoftcore:core|VexRiscv:axi_cpu|execute_to_memory_MUL_LH[20] ; Packed Register ; Register Packing ; Timing optimization ; Q         ;                ; System:system|VexRISCVSoftcore:core|VexRiscv:axi_cpu|execute_to_memory_MUL_LH[0]                     ; DATAOUT          ;                       ;
; System:system|VexRISCVSoftcore:core|VexRiscv:axi_cpu|execute_to_memory_MUL_LH[21] ; Packed Register ; Register Packing ; Timing optimization ; Q         ;                ; System:system|VexRISCVSoftcore:core|VexRiscv:axi_cpu|execute_to_memory_MUL_LH[0]                     ; DATAOUT          ;                       ;
; System:system|VexRISCVSoftcore:core|VexRiscv:axi_cpu|execute_to_memory_MUL_LH[22] ; Packed Register ; Register Packing ; Timing optimization ; Q         ;                ; System:system|VexRISCVSoftcore:core|VexRiscv:axi_cpu|execute_to_memory_MUL_LH[0]                     ; DATAOUT          ;                       ;
; System:system|VexRISCVSoftcore:core|VexRiscv:axi_cpu|execute_to_memory_MUL_LH[23] ; Packed Register ; Register Packing ; Timing optimization ; Q         ;                ; System:system|VexRISCVSoftcore:core|VexRiscv:axi_cpu|execute_to_memory_MUL_LH[0]                     ; DATAOUT          ;                       ;
; System:system|VexRISCVSoftcore:core|VexRiscv:axi_cpu|execute_to_memory_MUL_LH[24] ; Packed Register ; Register Packing ; Timing optimization ; Q         ;                ; System:system|VexRISCVSoftcore:core|VexRiscv:axi_cpu|execute_to_memory_MUL_LH[0]                     ; DATAOUT          ;                       ;
; System:system|VexRISCVSoftcore:core|VexRiscv:axi_cpu|execute_to_memory_MUL_LH[25] ; Packed Register ; Register Packing ; Timing optimization ; Q         ;                ; System:system|VexRISCVSoftcore:core|VexRiscv:axi_cpu|execute_to_memory_MUL_LH[0]                     ; DATAOUT          ;                       ;
; System:system|VexRISCVSoftcore:core|VexRiscv:axi_cpu|execute_to_memory_MUL_LH[26] ; Packed Register ; Register Packing ; Timing optimization ; Q         ;                ; System:system|VexRISCVSoftcore:core|VexRiscv:axi_cpu|execute_to_memory_MUL_LH[0]                     ; DATAOUT          ;                       ;
; System:system|VexRISCVSoftcore:core|VexRiscv:axi_cpu|execute_to_memory_MUL_LH[27] ; Packed Register ; Register Packing ; Timing optimization ; Q         ;                ; System:system|VexRISCVSoftcore:core|VexRiscv:axi_cpu|execute_to_memory_MUL_LH[0]                     ; DATAOUT          ;                       ;
; System:system|VexRISCVSoftcore:core|VexRiscv:axi_cpu|execute_to_memory_MUL_LH[28] ; Packed Register ; Register Packing ; Timing optimization ; Q         ;                ; System:system|VexRISCVSoftcore:core|VexRiscv:axi_cpu|execute_to_memory_MUL_LH[0]                     ; DATAOUT          ;                       ;
; System:system|VexRISCVSoftcore:core|VexRiscv:axi_cpu|execute_to_memory_MUL_LH[29] ; Packed Register ; Register Packing ; Timing optimization ; Q         ;                ; System:system|VexRISCVSoftcore:core|VexRiscv:axi_cpu|execute_to_memory_MUL_LH[0]                     ; DATAOUT          ;                       ;
; System:system|VexRISCVSoftcore:core|VexRiscv:axi_cpu|execute_to_memory_MUL_LH[30] ; Packed Register ; Register Packing ; Timing optimization ; Q         ;                ; System:system|VexRISCVSoftcore:core|VexRiscv:axi_cpu|execute_to_memory_MUL_LH[0]                     ; DATAOUT          ;                       ;
; System:system|VexRISCVSoftcore:core|VexRiscv:axi_cpu|execute_to_memory_MUL_LH[31] ; Packed Register ; Register Packing ; Timing optimization ; Q         ;                ; System:system|VexRISCVSoftcore:core|VexRiscv:axi_cpu|execute_to_memory_MUL_LH[0]                     ; DATAOUT          ;                       ;
; System:system|VexRISCVSoftcore:core|VexRiscv:axi_cpu|execute_to_memory_MUL_LH[32] ; Packed Register ; Register Packing ; Timing optimization ; Q         ;                ; System:system|VexRISCVSoftcore:core|VexRiscv:axi_cpu|execute_to_memory_MUL_LH[0]                     ; DATAOUT          ;                       ;
; System:system|VexRISCVSoftcore:core|VexRiscv:axi_cpu|execute_to_memory_MUL_LH[33] ; Packed Register ; Register Packing ; Timing optimization ; Q         ;                ; System:system|VexRISCVSoftcore:core|VexRiscv:axi_cpu|execute_to_memory_MUL_LH[0]                     ; DATAOUT          ;                       ;
; System:system|VexRISCVSoftcore:core|VexRiscv:axi_cpu|execute_to_memory_MUL_LL[0]  ; Packed Register ; Register Packing ; Timing optimization ; Q         ;                ; System:system|VexRISCVSoftcore:core|VexRiscv:axi_cpu|lpm_mult:Mult1|mult_tns:auto_generated|mac_out2 ; DATAOUT          ;                       ;
; System:system|VexRISCVSoftcore:core|VexRiscv:axi_cpu|execute_to_memory_MUL_LL[1]  ; Packed Register ; Register Packing ; Timing optimization ; Q         ;                ; System:system|VexRISCVSoftcore:core|VexRiscv:axi_cpu|execute_to_memory_MUL_LL[0]                     ; DATAOUT          ;                       ;
; System:system|VexRISCVSoftcore:core|VexRiscv:axi_cpu|execute_to_memory_MUL_LL[2]  ; Packed Register ; Register Packing ; Timing optimization ; Q         ;                ; System:system|VexRISCVSoftcore:core|VexRiscv:axi_cpu|execute_to_memory_MUL_LL[0]                     ; DATAOUT          ;                       ;
; System:system|VexRISCVSoftcore:core|VexRiscv:axi_cpu|execute_to_memory_MUL_LL[3]  ; Packed Register ; Register Packing ; Timing optimization ; Q         ;                ; System:system|VexRISCVSoftcore:core|VexRiscv:axi_cpu|execute_to_memory_MUL_LL[0]                     ; DATAOUT          ;                       ;
; System:system|VexRISCVSoftcore:core|VexRiscv:axi_cpu|execute_to_memory_MUL_LL[4]  ; Packed Register ; Register Packing ; Timing optimization ; Q         ;                ; System:system|VexRISCVSoftcore:core|VexRiscv:axi_cpu|execute_to_memory_MUL_LL[0]                     ; DATAOUT          ;                       ;
; System:system|VexRISCVSoftcore:core|VexRiscv:axi_cpu|execute_to_memory_MUL_LL[5]  ; Packed Register ; Register Packing ; Timing optimization ; Q         ;                ; System:system|VexRISCVSoftcore:core|VexRiscv:axi_cpu|execute_to_memory_MUL_LL[0]                     ; DATAOUT          ;                       ;
; System:system|VexRISCVSoftcore:core|VexRiscv:axi_cpu|execute_to_memory_MUL_LL[6]  ; Packed Register ; Register Packing ; Timing optimization ; Q         ;                ; System:system|VexRISCVSoftcore:core|VexRiscv:axi_cpu|execute_to_memory_MUL_LL[0]                     ; DATAOUT          ;                       ;
; System:system|VexRISCVSoftcore:core|VexRiscv:axi_cpu|execute_to_memory_MUL_LL[7]  ; Packed Register ; Register Packing ; Timing optimization ; Q         ;                ; System:system|VexRISCVSoftcore:core|VexRiscv:axi_cpu|execute_to_memory_MUL_LL[0]                     ; DATAOUT          ;                       ;
; System:system|VexRISCVSoftcore:core|VexRiscv:axi_cpu|execute_to_memory_MUL_LL[8]  ; Packed Register ; Register Packing ; Timing optimization ; Q         ;                ; System:system|VexRISCVSoftcore:core|VexRiscv:axi_cpu|execute_to_memory_MUL_LL[0]                     ; DATAOUT          ;                       ;
; System:system|VexRISCVSoftcore:core|VexRiscv:axi_cpu|execute_to_memory_MUL_LL[9]  ; Packed Register ; Register Packing ; Timing optimization ; Q         ;                ; System:system|VexRISCVSoftcore:core|VexRiscv:axi_cpu|execute_to_memory_MUL_LL[0]                     ; DATAOUT          ;                       ;
; System:system|VexRISCVSoftcore:core|VexRiscv:axi_cpu|execute_to_memory_MUL_LL[10] ; Packed Register ; Register Packing ; Timing optimization ; Q         ;                ; System:system|VexRISCVSoftcore:core|VexRiscv:axi_cpu|execute_to_memory_MUL_LL[0]                     ; DATAOUT          ;                       ;
; System:system|VexRISCVSoftcore:core|VexRiscv:axi_cpu|execute_to_memory_MUL_LL[11] ; Packed Register ; Register Packing ; Timing optimization ; Q         ;                ; System:system|VexRISCVSoftcore:core|VexRiscv:axi_cpu|execute_to_memory_MUL_LL[0]                     ; DATAOUT          ;                       ;
; System:system|VexRISCVSoftcore:core|VexRiscv:axi_cpu|execute_to_memory_MUL_LL[12] ; Packed Register ; Register Packing ; Timing optimization ; Q         ;                ; System:system|VexRISCVSoftcore:core|VexRiscv:axi_cpu|execute_to_memory_MUL_LL[0]                     ; DATAOUT          ;                       ;
; System:system|VexRISCVSoftcore:core|VexRiscv:axi_cpu|execute_to_memory_MUL_LL[13] ; Packed Register ; Register Packing ; Timing optimization ; Q         ;                ; System:system|VexRISCVSoftcore:core|VexRiscv:axi_cpu|execute_to_memory_MUL_LL[0]                     ; DATAOUT          ;                       ;
; System:system|VexRISCVSoftcore:core|VexRiscv:axi_cpu|execute_to_memory_MUL_LL[14] ; Packed Register ; Register Packing ; Timing optimization ; Q         ;                ; System:system|VexRISCVSoftcore:core|VexRiscv:axi_cpu|execute_to_memory_MUL_LL[0]                     ; DATAOUT          ;                       ;
; System:system|VexRISCVSoftcore:core|VexRiscv:axi_cpu|execute_to_memory_MUL_LL[15] ; Packed Register ; Register Packing ; Timing optimization ; Q         ;                ; System:system|VexRISCVSoftcore:core|VexRiscv:axi_cpu|execute_to_memory_MUL_LL[0]                     ; DATAOUT          ;                       ;
; System:system|VexRISCVSoftcore:core|VexRiscv:axi_cpu|execute_to_memory_MUL_LL[16] ; Packed Register ; Register Packing ; Timing optimization ; Q         ;                ; System:system|VexRISCVSoftcore:core|VexRiscv:axi_cpu|execute_to_memory_MUL_LL[0]                     ; DATAOUT          ;                       ;
; System:system|VexRISCVSoftcore:core|VexRiscv:axi_cpu|execute_to_memory_MUL_LL[17] ; Packed Register ; Register Packing ; Timing optimization ; Q         ;                ; System:system|VexRISCVSoftcore:core|VexRiscv:axi_cpu|execute_to_memory_MUL_LL[0]                     ; DATAOUT          ;                       ;
; System:system|VexRISCVSoftcore:core|VexRiscv:axi_cpu|execute_to_memory_MUL_LL[18] ; Packed Register ; Register Packing ; Timing optimization ; Q         ;                ; System:system|VexRISCVSoftcore:core|VexRiscv:axi_cpu|execute_to_memory_MUL_LL[0]                     ; DATAOUT          ;                       ;
; System:system|VexRISCVSoftcore:core|VexRiscv:axi_cpu|execute_to_memory_MUL_LL[19] ; Packed Register ; Register Packing ; Timing optimization ; Q         ;                ; System:system|VexRISCVSoftcore:core|VexRiscv:axi_cpu|execute_to_memory_MUL_LL[0]                     ; DATAOUT          ;                       ;
; System:system|VexRISCVSoftcore:core|VexRiscv:axi_cpu|execute_to_memory_MUL_LL[20] ; Packed Register ; Register Packing ; Timing optimization ; Q         ;                ; System:system|VexRISCVSoftcore:core|VexRiscv:axi_cpu|execute_to_memory_MUL_LL[0]                     ; DATAOUT          ;                       ;
; System:system|VexRISCVSoftcore:core|VexRiscv:axi_cpu|execute_to_memory_MUL_LL[21] ; Packed Register ; Register Packing ; Timing optimization ; Q         ;                ; System:system|VexRISCVSoftcore:core|VexRiscv:axi_cpu|execute_to_memory_MUL_LL[0]                     ; DATAOUT          ;                       ;
; System:system|VexRISCVSoftcore:core|VexRiscv:axi_cpu|execute_to_memory_MUL_LL[22] ; Packed Register ; Register Packing ; Timing optimization ; Q         ;                ; System:system|VexRISCVSoftcore:core|VexRiscv:axi_cpu|execute_to_memory_MUL_LL[0]                     ; DATAOUT          ;                       ;
; System:system|VexRISCVSoftcore:core|VexRiscv:axi_cpu|execute_to_memory_MUL_LL[23] ; Packed Register ; Register Packing ; Timing optimization ; Q         ;                ; System:system|VexRISCVSoftcore:core|VexRiscv:axi_cpu|execute_to_memory_MUL_LL[0]                     ; DATAOUT          ;                       ;
; System:system|VexRISCVSoftcore:core|VexRiscv:axi_cpu|execute_to_memory_MUL_LL[24] ; Packed Register ; Register Packing ; Timing optimization ; Q         ;                ; System:system|VexRISCVSoftcore:core|VexRiscv:axi_cpu|execute_to_memory_MUL_LL[0]                     ; DATAOUT          ;                       ;
; System:system|VexRISCVSoftcore:core|VexRiscv:axi_cpu|execute_to_memory_MUL_LL[25] ; Packed Register ; Register Packing ; Timing optimization ; Q         ;                ; System:system|VexRISCVSoftcore:core|VexRiscv:axi_cpu|execute_to_memory_MUL_LL[0]                     ; DATAOUT          ;                       ;
; System:system|VexRISCVSoftcore:core|VexRiscv:axi_cpu|execute_to_memory_MUL_LL[26] ; Packed Register ; Register Packing ; Timing optimization ; Q         ;                ; System:system|VexRISCVSoftcore:core|VexRiscv:axi_cpu|execute_to_memory_MUL_LL[0]                     ; DATAOUT          ;                       ;
; System:system|VexRISCVSoftcore:core|VexRiscv:axi_cpu|execute_to_memory_MUL_LL[27] ; Packed Register ; Register Packing ; Timing optimization ; Q         ;                ; System:system|VexRISCVSoftcore:core|VexRiscv:axi_cpu|execute_to_memory_MUL_LL[0]                     ; DATAOUT          ;                       ;
; System:system|VexRISCVSoftcore:core|VexRiscv:axi_cpu|execute_to_memory_MUL_LL[28] ; Packed Register ; Register Packing ; Timing optimization ; Q         ;                ; System:system|VexRISCVSoftcore:core|VexRiscv:axi_cpu|execute_to_memory_MUL_LL[0]                     ; DATAOUT          ;                       ;
; System:system|VexRISCVSoftcore:core|VexRiscv:axi_cpu|execute_to_memory_MUL_LL[29] ; Packed Register ; Register Packing ; Timing optimization ; Q         ;                ; System:system|VexRISCVSoftcore:core|VexRiscv:axi_cpu|execute_to_memory_MUL_LL[0]                     ; DATAOUT          ;                       ;
; System:system|VexRISCVSoftcore:core|VexRiscv:axi_cpu|execute_to_memory_MUL_LL[30] ; Packed Register ; Register Packing ; Timing optimization ; Q         ;                ; System:system|VexRISCVSoftcore:core|VexRiscv:axi_cpu|execute_to_memory_MUL_LL[0]                     ; DATAOUT          ;                       ;
; System:system|VexRISCVSoftcore:core|VexRiscv:axi_cpu|execute_to_memory_MUL_LL[31] ; Packed Register ; Register Packing ; Timing optimization ; Q         ;                ; System:system|VexRISCVSoftcore:core|VexRiscv:axi_cpu|execute_to_memory_MUL_LL[0]                     ; DATAOUT          ;                       ;
+-----------------------------------------------------------------------------------+-----------------+------------------+---------------------+-----------+----------------+------------------------------------------------------------------------------------------------------+------------------+-----------------------+


+---------------------------------------------------------------------------------------------+
; Ignored Assignments                                                                         ;
+----------+----------------+--------------+-----------------+---------------+----------------+
; Name     ; Ignored Entity ; Ignored From ; Ignored To      ; Ignored Value ; Ignored Source ;
+----------+----------------+--------------+-----------------+---------------+----------------+
; Location ;                ;              ; ADC_CLK_10      ; PIN_N5        ; QSF Assignment ;
; Location ;                ;              ; ARDUINO_RESET_N ; PIN_F16       ; QSF Assignment ;
; Location ;                ;              ; GPIO[0]         ; PIN_V10       ; QSF Assignment ;
; Location ;                ;              ; GPIO[10]        ; PIN_W5        ; QSF Assignment ;
; Location ;                ;              ; GPIO[11]        ; PIN_AA15      ; QSF Assignment ;
; Location ;                ;              ; GPIO[12]        ; PIN_AA14      ; QSF Assignment ;
; Location ;                ;              ; GPIO[13]        ; PIN_W13       ; QSF Assignment ;
; Location ;                ;              ; GPIO[14]        ; PIN_W12       ; QSF Assignment ;
; Location ;                ;              ; GPIO[15]        ; PIN_AB13      ; QSF Assignment ;
; Location ;                ;              ; GPIO[16]        ; PIN_AB12      ; QSF Assignment ;
; Location ;                ;              ; GPIO[17]        ; PIN_Y11       ; QSF Assignment ;
; Location ;                ;              ; GPIO[18]        ; PIN_AB11      ; QSF Assignment ;
; Location ;                ;              ; GPIO[19]        ; PIN_W11       ; QSF Assignment ;
; Location ;                ;              ; GPIO[1]         ; PIN_W10       ; QSF Assignment ;
; Location ;                ;              ; GPIO[20]        ; PIN_AB10      ; QSF Assignment ;
; Location ;                ;              ; GPIO[21]        ; PIN_AA10      ; QSF Assignment ;
; Location ;                ;              ; GPIO[22]        ; PIN_AA9       ; QSF Assignment ;
; Location ;                ;              ; GPIO[23]        ; PIN_Y8        ; QSF Assignment ;
; Location ;                ;              ; GPIO[24]        ; PIN_AA8       ; QSF Assignment ;
; Location ;                ;              ; GPIO[25]        ; PIN_Y7        ; QSF Assignment ;
; Location ;                ;              ; GPIO[26]        ; PIN_AA7       ; QSF Assignment ;
; Location ;                ;              ; GPIO[27]        ; PIN_Y6        ; QSF Assignment ;
; Location ;                ;              ; GPIO[28]        ; PIN_AA6       ; QSF Assignment ;
; Location ;                ;              ; GPIO[29]        ; PIN_Y5        ; QSF Assignment ;
; Location ;                ;              ; GPIO[2]         ; PIN_V9        ; QSF Assignment ;
; Location ;                ;              ; GPIO[30]        ; PIN_AA5       ; QSF Assignment ;
; Location ;                ;              ; GPIO[31]        ; PIN_Y4        ; QSF Assignment ;
; Location ;                ;              ; GPIO[32]        ; PIN_AB3       ; QSF Assignment ;
; Location ;                ;              ; GPIO[33]        ; PIN_Y3        ; QSF Assignment ;
; Location ;                ;              ; GPIO[34]        ; PIN_AB2       ; QSF Assignment ;
; Location ;                ;              ; GPIO[35]        ; PIN_AA2       ; QSF Assignment ;
; Location ;                ;              ; GPIO[3]         ; PIN_W9        ; QSF Assignment ;
; Location ;                ;              ; GPIO[4]         ; PIN_V8        ; QSF Assignment ;
; Location ;                ;              ; GPIO[5]         ; PIN_W8        ; QSF Assignment ;
; Location ;                ;              ; GPIO[6]         ; PIN_V7        ; QSF Assignment ;
; Location ;                ;              ; GPIO[7]         ; PIN_W7        ; QSF Assignment ;
; Location ;                ;              ; GPIO[8]         ; PIN_W6        ; QSF Assignment ;
; Location ;                ;              ; GPIO[9]         ; PIN_V5        ; QSF Assignment ;
; Location ;                ;              ; GSENSOR_CS_N    ; PIN_AB16      ; QSF Assignment ;
; Location ;                ;              ; GSENSOR_INT[1]  ; PIN_Y14       ; QSF Assignment ;
; Location ;                ;              ; GSENSOR_INT[2]  ; PIN_Y13       ; QSF Assignment ;
; Location ;                ;              ; GSENSOR_SCLK    ; PIN_AB15      ; QSF Assignment ;
; Location ;                ;              ; GSENSOR_SDI     ; PIN_V11       ; QSF Assignment ;
; Location ;                ;              ; GSENSOR_SDO     ; PIN_V12       ; QSF Assignment ;
; Location ;                ;              ; HEX5[0]         ; PIN_J20       ; QSF Assignment ;
; Location ;                ;              ; HEX5[1]         ; PIN_K20       ; QSF Assignment ;
; Location ;                ;              ; HEX5[2]         ; PIN_L18       ; QSF Assignment ;
; Location ;                ;              ; HEX5[3]         ; PIN_N18       ; QSF Assignment ;
; Location ;                ;              ; HEX5[4]         ; PIN_M20       ; QSF Assignment ;
; Location ;                ;              ; HEX5[5]         ; PIN_N19       ; QSF Assignment ;
; Location ;                ;              ; HEX5[6]         ; PIN_N20       ; QSF Assignment ;
; Location ;                ;              ; HEX5[7]         ; PIN_L19       ; QSF Assignment ;
; Location ;                ;              ; MAX10_CLK2_50   ; PIN_N14       ; QSF Assignment ;
; Location ;                ;              ; VGA_B[0]        ; PIN_P1        ; QSF Assignment ;
; Location ;                ;              ; VGA_B[1]        ; PIN_T1        ; QSF Assignment ;
; Location ;                ;              ; VGA_B[2]        ; PIN_P4        ; QSF Assignment ;
; Location ;                ;              ; VGA_B[3]        ; PIN_N2        ; QSF Assignment ;
; Location ;                ;              ; VGA_G[0]        ; PIN_W1        ; QSF Assignment ;
; Location ;                ;              ; VGA_G[1]        ; PIN_T2        ; QSF Assignment ;
; Location ;                ;              ; VGA_G[2]        ; PIN_R2        ; QSF Assignment ;
; Location ;                ;              ; VGA_G[3]        ; PIN_R1        ; QSF Assignment ;
; Location ;                ;              ; VGA_HS          ; PIN_N3        ; QSF Assignment ;
; Location ;                ;              ; VGA_R[0]        ; PIN_AA1       ; QSF Assignment ;
; Location ;                ;              ; VGA_R[1]        ; PIN_V1        ; QSF Assignment ;
; Location ;                ;              ; VGA_R[2]        ; PIN_Y2        ; QSF Assignment ;
; Location ;                ;              ; VGA_R[3]        ; PIN_Y1        ; QSF Assignment ;
; Location ;                ;              ; VGA_VS          ; PIN_N1        ; QSF Assignment ;
+----------+----------------+--------------+-----------------+---------------+----------------+


+---------------------------------------------------------------------------------------------------+
; Incremental Compilation Preservation Summary                                                      ;
+---------------------+---------------------+----------------------------+--------------------------+
; Type                ; Total [A + B]       ; From Design Partitions [A] ; From Rapid Recompile [B] ;
+---------------------+---------------------+----------------------------+--------------------------+
; Placement (by node) ;                     ;                            ;                          ;
;     -- Requested    ; 0.00 % ( 0 / 9264 ) ; 0.00 % ( 0 / 9264 )        ; 0.00 % ( 0 / 9264 )      ;
;     -- Achieved     ; 0.00 % ( 0 / 9264 ) ; 0.00 % ( 0 / 9264 )        ; 0.00 % ( 0 / 9264 )      ;
;                     ;                     ;                            ;                          ;
; Routing (by net)    ;                     ;                            ;                          ;
;     -- Requested    ; 0.00 % ( 0 / 0 )    ; 0.00 % ( 0 / 0 )           ; 0.00 % ( 0 / 0 )         ;
;     -- Achieved     ; 0.00 % ( 0 / 0 )    ; 0.00 % ( 0 / 0 )           ; 0.00 % ( 0 / 0 )         ;
+---------------------+---------------------+----------------------------+--------------------------+


+----------------------------------------------------------------------------------------------------------------------------------------------------------------------------------------+
; Incremental Compilation Partition Settings                                                                                                                                             ;
+--------------------------------+----------------+-------------------+-------------------------+------------------------+------------------------------+--------------------------------+
; Partition Name                 ; Partition Type ; Netlist Type Used ; Preservation Level Used ; Netlist Type Requested ; Preservation Level Requested ; Contents                       ;
+--------------------------------+----------------+-------------------+-------------------------+------------------------+------------------------------+--------------------------------+
; Top                            ; User-created   ; Source File       ; N/A                     ; Source File            ; N/A                          ;                                ;
; hard_block:auto_generated_inst ; Auto-generated ; Source File       ; N/A                     ; Source File            ; N/A                          ; hard_block:auto_generated_inst ;
+--------------------------------+----------------+-------------------+-------------------------+------------------------+------------------------------+--------------------------------+


+------------------------------------------------------------------------------------------------------------------------------------+
; Incremental Compilation Placement Preservation                                                                                     ;
+--------------------------------+-----------------------+-------------------------+-------------------+---------------------+-------+
; Partition Name                 ; Preservation Achieved ; Preservation Level Used ; Netlist Type Used ; Preservation Method ; Notes ;
+--------------------------------+-----------------------+-------------------------+-------------------+---------------------+-------+
; Top                            ; 0.00 % ( 0 / 9245 )   ; N/A                     ; Source File       ; N/A                 ;       ;
; hard_block:auto_generated_inst ; 0.00 % ( 0 / 19 )     ; N/A                     ; Source File       ; N/A                 ;       ;
+--------------------------------+-----------------------+-------------------------+-------------------+---------------------+-------+


+--------------+
; Pin-Out File ;
+--------------+
The pin-out file can be found in C:/Users/marvi/Desktop/fpga_exercises/exercise_12/simple_riscv_example/Quartus/output_files/SimpleRiscExample.pin.


+------------------------------------------------------------------------------+
; Fitter Resource Usage Summary                                                ;
+---------------------------------------------+--------------------------------+
; Resource                                    ; Usage                          ;
+---------------------------------------------+--------------------------------+
; Total logic elements                        ; 5,733 / 49,760 ( 12 % )        ;
;     -- Combinational with no register       ; 2043                           ;
;     -- Register only                        ; 806                            ;
;     -- Combinational with a register        ; 2884                           ;
;                                             ;                                ;
; Logic element usage by number of LUT inputs ;                                ;
;     -- 4 input functions                    ; 3258                           ;
;     -- 3 input functions                    ; 1057                           ;
;     -- <=2 input functions                  ; 612                            ;
;     -- Register only                        ; 806                            ;
;                                             ;                                ;
; Logic elements by mode                      ;                                ;
;     -- normal mode                          ; 4425                           ;
;     -- arithmetic mode                      ; 502                            ;
;                                             ;                                ;
; Total registers*                            ; 3,690 / 51,509 ( 7 % )         ;
;     -- Dedicated logic registers            ; 3,690 / 49,760 ( 7 % )         ;
;     -- I/O registers                        ; 0 / 1,749 ( 0 % )              ;
;                                             ;                                ;
; Total LABs:  partially or completely used   ; 454 / 3,110 ( 15 % )           ;
; Virtual pins                                ; 0                              ;
; I/O pins                                    ; 118 / 360 ( 33 % )             ;
;     -- Clock pins                           ; 1 / 8 ( 13 % )                 ;
;     -- Dedicated input pins                 ; 1 / 1 ( 100 % )                ;
;                                             ;                                ;
; M9Ks                                        ; 180 / 182 ( 99 % )             ;
; UFM blocks                                  ; 0 / 1 ( 0 % )                  ;
; ADC blocks                                  ; 0 / 2 ( 0 % )                  ;
; Total block memory bits                     ; 1,474,560 / 1,677,312 ( 88 % ) ;
; Total block memory implementation bits      ; 1,658,880 / 1,677,312 ( 99 % ) ;
; Embedded Multiplier 9-bit elements          ; 8 / 288 ( 3 % )                ;
; PLLs                                        ; 1 / 4 ( 25 % )                 ;
; Global signals                              ; 3                              ;
;     -- Global clocks                        ; 3 / 20 ( 15 % )                ;
; JTAGs                                       ; 0 / 1 ( 0 % )                  ;
; CRC blocks                                  ; 0 / 1 ( 0 % )                  ;
; Remote update blocks                        ; 0 / 1 ( 0 % )                  ;
; Oscillator blocks                           ; 0 / 1 ( 0 % )                  ;
; Impedance control blocks                    ; 0 / 1 ( 0 % )                  ;
; Average interconnect usage (total/H/V)      ; 7.9% / 7.6% / 8.3%             ;
; Peak interconnect usage (total/H/V)         ; 59.0% / 57.7% / 60.9%          ;
; Maximum fan-out                             ; 3959                           ;
; Highest non-global fan-out                  ; 352                            ;
; Total fan-out                               ; 33154                          ;
; Average fan-out                             ; 3.35                           ;
+---------------------------------------------+--------------------------------+
*  Register count does not include registers inside RAM blocks or DSP blocks.



+------------------------------------------------------------------------------------------------------+
; Fitter Partition Statistics                                                                          ;
+---------------------------------------------+-----------------------+--------------------------------+
; Statistic                                   ; Top                   ; hard_block:auto_generated_inst ;
+---------------------------------------------+-----------------------+--------------------------------+
; Difficulty Clustering Region                ; Low                   ; Low                            ;
;                                             ;                       ;                                ;
; Total logic elements                        ; 5733 / 49760 ( 12 % ) ; 0 / 49760 ( 0 % )              ;
;     -- Combinational with no register       ; 2043                  ; 0                              ;
;     -- Register only                        ; 806                   ; 0                              ;
;     -- Combinational with a register        ; 2884                  ; 0                              ;
;                                             ;                       ;                                ;
; Logic element usage by number of LUT inputs ;                       ;                                ;
;     -- 4 input functions                    ; 3258                  ; 0                              ;
;     -- 3 input functions                    ; 1057                  ; 0                              ;
;     -- <=2 input functions                  ; 612                   ; 0                              ;
;     -- Register only                        ; 806                   ; 0                              ;
;                                             ;                       ;                                ;
; Logic elements by mode                      ;                       ;                                ;
;     -- normal mode                          ; 4425                  ; 0                              ;
;     -- arithmetic mode                      ; 502                   ; 0                              ;
;                                             ;                       ;                                ;
; Total registers                             ; 3690                  ; 0                              ;
;     -- Dedicated logic registers            ; 3690 / 49760 ( 7 % )  ; 0 / 49760 ( 0 % )              ;
;     -- I/O registers                        ; 0                     ; 0                              ;
;                                             ;                       ;                                ;
; Total LABs:  partially or completely used   ; 454 / 3110 ( 15 % )   ; 0 / 3110 ( 0 % )               ;
;                                             ;                       ;                                ;
; Virtual pins                                ; 0                     ; 0                              ;
; I/O pins                                    ; 118                   ; 0                              ;
; Embedded Multiplier 9-bit elements          ; 8 / 288 ( 3 % )       ; 0 / 288 ( 0 % )                ;
; Total memory bits                           ; 1474560               ; 0                              ;
; Total RAM block bits                        ; 1658880               ; 0                              ;
; PLL                                         ; 0 / 4 ( 0 % )         ; 1 / 4 ( 25 % )                 ;
; M9K                                         ; 180 / 182 ( 98 % )    ; 0 / 182 ( 0 % )                ;
; Clock control block                         ; 1 / 24 ( 4 % )        ; 2 / 24 ( 8 % )                 ;
; User Flash Memory                           ; 1 / 1 ( 100 % )       ; 0 / 1 ( 0 % )                  ;
; Analog-to-Digital Converter                 ; 2 / 2 ( 100 % )       ; 0 / 2 ( 0 % )                  ;
;                                             ;                       ;                                ;
; Connections                                 ;                       ;                                ;
;     -- Input Connections                    ; 3986                  ; 1                              ;
;     -- Registered Input Connections         ; 3599                  ; 0                              ;
;     -- Output Connections                   ; 27                    ; 3960                           ;
;     -- Registered Output Connections        ; 0                     ; 0                              ;
;                                             ;                       ;                                ;
; Internal Connections                        ;                       ;                                ;
;     -- Total Connections                    ; 35969                 ; 3972                           ;
;     -- Registered Connections               ; 18855                 ; 0                              ;
;                                             ;                       ;                                ;
; External Connections                        ;                       ;                                ;
;     -- Top                                  ; 52                    ; 3961                           ;
;     -- hard_block:auto_generated_inst       ; 3961                  ; 0                              ;
;                                             ;                       ;                                ;
; Partition Interface                         ;                       ;                                ;
;     -- Input Ports                          ; 17                    ; 1                              ;
;     -- Output Ports                         ; 75                    ; 2                              ;
;     -- Bidir Ports                          ; 26                    ; 0                              ;
;                                             ;                       ;                                ;
; Registered Ports                            ;                       ;                                ;
;     -- Registered Input Ports               ; 0                     ; 0                              ;
;     -- Registered Output Ports              ; 0                     ; 0                              ;
;                                             ;                       ;                                ;
; Port Connectivity                           ;                       ;                                ;
;     -- Input Ports driven by GND            ; 0                     ; 0                              ;
;     -- Output Ports driven by GND           ; 0                     ; 0                              ;
;     -- Input Ports driven by VCC            ; 0                     ; 0                              ;
;     -- Output Ports driven by VCC           ; 0                     ; 0                              ;
;     -- Input Ports with no Source           ; 0                     ; 0                              ;
;     -- Output Ports with no Source          ; 0                     ; 0                              ;
;     -- Input Ports with no Fanout           ; 0                     ; 0                              ;
;     -- Output Ports with no Fanout          ; 0                     ; 0                              ;
+---------------------------------------------+-----------------------+--------------------------------+


+------------------------------------------------------------------------------------------------------------------------------------------------------------------------------------------------------------------------------------------------------------------------------------------------+
; Input Pins                                                                                                                                                                                                                                                                                     ;
+---------------+-------+----------+--------------+--------------+--------------+-----------------------+--------------------+--------+----------------+---------------+-----------------+----------+--------------+--------------+---------------------------+----------------------+-----------+
; Name          ; Pin # ; I/O Bank ; X coordinate ; Y coordinate ; Z coordinate ; Combinational Fan-Out ; Registered Fan-Out ; Global ; Input Register ; Power Up High ; PCI I/O Enabled ; Bus Hold ; Weak Pull Up ; I/O Standard ; Termination Control Block ; Location assigned by ; Slew Rate ;
+---------------+-------+----------+--------------+--------------+--------------+-----------------------+--------------------+--------+----------------+---------------+-----------------+----------+--------------+--------------+---------------------------+----------------------+-----------+
; KEY[0]        ; B8    ; 7        ; 46           ; 54           ; 28           ; 1                     ; 0                  ; no     ; no             ; no            ; yes             ; no       ; Off          ; 2.5 V        ; --                        ; User                 ; 0         ;
; KEY[1]        ; A7    ; 7        ; 49           ; 54           ; 28           ; 0                     ; 0                  ; no     ; no             ; no            ; yes             ; no       ; Off          ; 2.5 V        ; --                        ; User                 ; 0         ;
; MAX10_CLK1_50 ; P11   ; 3        ; 34           ; 0            ; 28           ; 1                     ; 0                  ; no     ; no             ; no            ; yes             ; no       ; Off          ; 2.5 V        ; --                        ; User                 ; 0         ;
; RXD           ; AA20  ; 4        ; 62           ; 0            ; 21           ; 1                     ; 0                  ; no     ; no             ; no            ; yes             ; no       ; Off          ; 2.5 V        ; --                        ; User                 ; 0         ;
; SW[0]         ; C10   ; 7        ; 51           ; 54           ; 28           ; 1                     ; 0                  ; no     ; no             ; no            ; yes             ; no       ; Off          ; 2.5 V        ; --                        ; User                 ; 0         ;
; SW[1]         ; C11   ; 7        ; 51           ; 54           ; 21           ; 1                     ; 0                  ; no     ; no             ; no            ; yes             ; no       ; Off          ; 2.5 V        ; --                        ; User                 ; 0         ;
; SW[2]         ; D12   ; 7        ; 51           ; 54           ; 0            ; 1                     ; 0                  ; no     ; no             ; no            ; yes             ; no       ; Off          ; 2.5 V        ; --                        ; User                 ; 0         ;
; SW[3]         ; C12   ; 7        ; 54           ; 54           ; 28           ; 1                     ; 0                  ; no     ; no             ; no            ; yes             ; no       ; Off          ; 2.5 V        ; --                        ; User                 ; 0         ;
; SW[4]         ; A12   ; 7        ; 54           ; 54           ; 21           ; 1                     ; 0                  ; no     ; no             ; no            ; yes             ; no       ; Off          ; 2.5 V        ; --                        ; User                 ; 0         ;
; SW[5]         ; B12   ; 7        ; 49           ; 54           ; 0            ; 1                     ; 0                  ; no     ; no             ; no            ; yes             ; no       ; Off          ; 2.5 V        ; --                        ; User                 ; 0         ;
; SW[6]         ; A13   ; 7        ; 54           ; 54           ; 14           ; 1                     ; 0                  ; no     ; no             ; no            ; yes             ; no       ; Off          ; 2.5 V        ; --                        ; User                 ; 0         ;
; SW[7]         ; A14   ; 7        ; 58           ; 54           ; 28           ; 1                     ; 0                  ; no     ; no             ; no            ; yes             ; no       ; Off          ; 2.5 V        ; --                        ; User                 ; 0         ;
; SW[8]         ; B14   ; 7        ; 56           ; 54           ; 0            ; 1                     ; 0                  ; no     ; no             ; no            ; yes             ; no       ; Off          ; 2.5 V        ; --                        ; User                 ; 0         ;
; SW[9]         ; F15   ; 7        ; 69           ; 54           ; 0            ; 1                     ; 0                  ; no     ; no             ; no            ; yes             ; no       ; Off          ; 2.5 V        ; --                        ; User                 ; 0         ;
; TCK           ; AB19  ; 4        ; 56           ; 0            ; 7            ; 95                    ; 0                  ; no     ; no             ; no            ; yes             ; no       ; Off          ; 2.5 V        ; --                        ; User                 ; 0         ;
; TDI           ; AA19  ; 4        ; 58           ; 0            ; 14           ; 5                     ; 0                  ; no     ; no             ; no            ; yes             ; no       ; Off          ; 2.5 V        ; --                        ; User                 ; 0         ;
; TMS           ; AB20  ; 4        ; 56           ; 0            ; 0            ; 16                    ; 0                  ; no     ; no             ; no            ; yes             ; no       ; Off          ; 2.5 V        ; --                        ; User                 ; 0         ;
+---------------+-------+----------+--------------+--------------+--------------+-----------------------+--------------------+--------+----------------+---------------+-----------------+----------+--------------+--------------+---------------------------+----------------------+-----------+


+----------------------------------------------------------------------------------------------------------------------------------------------------------------------------------------------------------------------------------------------------------------------------------------------------------------------------------------------------------------------------------------------------------------------------------------------------------------+
; Output Pins                                                                                                                                                                                                                                                                                                                                                                                                                                                    ;
+---------------+-------+----------+--------------+--------------+--------------+-----------------+------------------------+---------------+-----------+-----------------+------------+---------------+----------+--------------+--------------+------------------+-----------------------------------+---------------------------+----------------------------+-----------------------------+----------------------+----------------------+---------------------+
; Name          ; Pin # ; I/O Bank ; X coordinate ; Y coordinate ; Z coordinate ; Output Register ; Output Enable Register ; Power Up High ; Slew Rate ; PCI I/O Enabled ; Open Drain ; TRI Primitive ; Bus Hold ; Weak Pull Up ; I/O Standard ; Current Strength ; Termination                       ; Termination Control Block ; Output Buffer Pre-emphasis ; Voltage Output Differential ; Location assigned by ; Output Enable Source ; Output Enable Group ;
+---------------+-------+----------+--------------+--------------+--------------+-----------------+------------------------+---------------+-----------+-----------------+------------+---------------+----------+--------------+--------------+------------------+-----------------------------------+---------------------------+----------------------------+-----------------------------+----------------------+----------------------+---------------------+
; DRAM_ADDR[0]  ; U17   ; 5        ; 78           ; 3            ; 14           ; no              ; no                     ; no            ; 2         ; no              ; no         ; no            ; no       ; Off          ; 2.5 V        ; Default          ; Series 50 Ohm without Calibration ; --                        ; no                         ; no                          ; User                 ; -                    ; -                   ;
; DRAM_ADDR[10] ; T20   ; 5        ; 78           ; 20           ; 7            ; no              ; no                     ; no            ; 2         ; no              ; no         ; no            ; no       ; Off          ; 2.5 V        ; Default          ; Series 50 Ohm without Calibration ; --                        ; no                         ; no                          ; User                 ; -                    ; -                   ;
; DRAM_ADDR[11] ; P20   ; 5        ; 78           ; 24           ; 0            ; no              ; no                     ; no            ; 2         ; no              ; no         ; no            ; no       ; Off          ; 2.5 V        ; Default          ; Series 50 Ohm without Calibration ; --                        ; no                         ; no                          ; User                 ; -                    ; -                   ;
; DRAM_ADDR[12] ; R20   ; 5        ; 78           ; 20           ; 0            ; no              ; no                     ; no            ; 2         ; no              ; no         ; no            ; no       ; Off          ; 2.5 V        ; Default          ; Series 50 Ohm without Calibration ; --                        ; no                         ; no                          ; User                 ; -                    ; -                   ;
; DRAM_ADDR[1]  ; W19   ; 5        ; 78           ; 16           ; 22           ; no              ; no                     ; no            ; 2         ; no              ; no         ; no            ; no       ; Off          ; 2.5 V        ; Default          ; Series 50 Ohm without Calibration ; --                        ; no                         ; no                          ; User                 ; -                    ; -                   ;
; DRAM_ADDR[2]  ; V18   ; 5        ; 78           ; 15           ; 21           ; no              ; no                     ; no            ; 2         ; no              ; no         ; no            ; no       ; Off          ; 2.5 V        ; Default          ; Series 50 Ohm without Calibration ; --                        ; no                         ; no                          ; User                 ; -                    ; -                   ;
; DRAM_ADDR[3]  ; U18   ; 5        ; 78           ; 3            ; 21           ; no              ; no                     ; no            ; 2         ; no              ; no         ; no            ; no       ; Off          ; 2.5 V        ; Default          ; Series 50 Ohm without Calibration ; --                        ; no                         ; no                          ; User                 ; -                    ; -                   ;
; DRAM_ADDR[4]  ; U19   ; 5        ; 78           ; 15           ; 14           ; no              ; no                     ; no            ; 2         ; no              ; no         ; no            ; no       ; Off          ; 2.5 V        ; Default          ; Series 50 Ohm without Calibration ; --                        ; no                         ; no                          ; User                 ; -                    ; -                   ;
; DRAM_ADDR[5]  ; T18   ; 5        ; 78           ; 20           ; 14           ; no              ; no                     ; no            ; 2         ; no              ; no         ; no            ; no       ; Off          ; 2.5 V        ; Default          ; Series 50 Ohm without Calibration ; --                        ; no                         ; no                          ; User                 ; -                    ; -                   ;
; DRAM_ADDR[6]  ; T19   ; 5        ; 78           ; 20           ; 22           ; no              ; no                     ; no            ; 2         ; no              ; no         ; no            ; no       ; Off          ; 2.5 V        ; Default          ; Series 50 Ohm without Calibration ; --                        ; no                         ; no                          ; User                 ; -                    ; -                   ;
; DRAM_ADDR[7]  ; R18   ; 5        ; 78           ; 24           ; 22           ; no              ; no                     ; no            ; 2         ; no              ; no         ; no            ; no       ; Off          ; 2.5 V        ; Default          ; Series 50 Ohm without Calibration ; --                        ; no                         ; no                          ; User                 ; -                    ; -                   ;
; DRAM_ADDR[8]  ; P18   ; 5        ; 78           ; 24           ; 14           ; no              ; no                     ; no            ; 2         ; no              ; no         ; no            ; no       ; Off          ; 2.5 V        ; Default          ; Series 50 Ohm without Calibration ; --                        ; no                         ; no                          ; User                 ; -                    ; -                   ;
; DRAM_ADDR[9]  ; P19   ; 5        ; 78           ; 24           ; 7            ; no              ; no                     ; no            ; 2         ; no              ; no         ; no            ; no       ; Off          ; 2.5 V        ; Default          ; Series 50 Ohm without Calibration ; --                        ; no                         ; no                          ; User                 ; -                    ; -                   ;
; DRAM_BA[0]    ; T21   ; 5        ; 78           ; 18           ; 7            ; no              ; no                     ; no            ; 2         ; no              ; no         ; no            ; no       ; Off          ; 2.5 V        ; Default          ; Series 50 Ohm without Calibration ; --                        ; no                         ; no                          ; User                 ; -                    ; -                   ;
; DRAM_BA[1]    ; T22   ; 5        ; 78           ; 18           ; 0            ; no              ; no                     ; no            ; 2         ; no              ; no         ; no            ; no       ; Off          ; 2.5 V        ; Default          ; Series 50 Ohm without Calibration ; --                        ; no                         ; no                          ; User                 ; -                    ; -                   ;
; DRAM_CAS_N    ; U21   ; 5        ; 78           ; 21           ; 21           ; no              ; no                     ; no            ; 2         ; no              ; no         ; no            ; no       ; Off          ; 2.5 V        ; Default          ; Series 50 Ohm without Calibration ; --                        ; no                         ; no                          ; User                 ; -                    ; -                   ;
; DRAM_CKE      ; N22   ; 5        ; 78           ; 23           ; 0            ; no              ; no                     ; no            ; 2         ; no              ; no         ; no            ; no       ; Off          ; 2.5 V        ; Default          ; Series 50 Ohm without Calibration ; --                        ; no                         ; no                          ; User                 ; -                    ; -                   ;
; DRAM_CLK      ; L14   ; 6        ; 78           ; 36           ; 22           ; no              ; no                     ; no            ; 2         ; no              ; no         ; no            ; no       ; Off          ; 2.5 V        ; Default          ; Series 50 Ohm without Calibration ; --                        ; no                         ; no                          ; User                 ; -                    ; -                   ;
; DRAM_CS_N     ; U20   ; 5        ; 78           ; 17           ; 14           ; no              ; no                     ; no            ; 2         ; no              ; no         ; no            ; no       ; Off          ; 2.5 V        ; Default          ; Series 50 Ohm without Calibration ; --                        ; no                         ; no                          ; User                 ; -                    ; -                   ;
; DRAM_LDQM     ; V22   ; 5        ; 78           ; 17           ; 0            ; no              ; no                     ; no            ; 2         ; no              ; no         ; no            ; no       ; Off          ; 2.5 V        ; Default          ; Series 50 Ohm without Calibration ; --                        ; no                         ; no                          ; User                 ; -                    ; -                   ;
; DRAM_RAS_N    ; U22   ; 5        ; 78           ; 21           ; 14           ; no              ; no                     ; no            ; 2         ; no              ; no         ; no            ; no       ; Off          ; 2.5 V        ; Default          ; Series 50 Ohm without Calibration ; --                        ; no                         ; no                          ; User                 ; -                    ; -                   ;
; DRAM_UDQM     ; J21   ; 6        ; 78           ; 30           ; 0            ; no              ; no                     ; no            ; 2         ; no              ; no         ; no            ; no       ; Off          ; 2.5 V        ; Default          ; Series 50 Ohm without Calibration ; --                        ; no                         ; no                          ; User                 ; -                    ; -                   ;
; DRAM_WE_N     ; V20   ; 5        ; 78           ; 17           ; 21           ; no              ; no                     ; no            ; 2         ; no              ; no         ; no            ; no       ; Off          ; 2.5 V        ; Default          ; Series 50 Ohm without Calibration ; --                        ; no                         ; no                          ; User                 ; -                    ; -                   ;
; HEX0[0]       ; C14   ; 7        ; 58           ; 54           ; 14           ; no              ; no                     ; no            ; 2         ; no              ; no         ; no            ; no       ; Off          ; 2.5 V        ; Default          ; Series 50 Ohm without Calibration ; --                        ; no                         ; no                          ; User                 ; -                    ; -                   ;
; HEX0[1]       ; E15   ; 7        ; 74           ; 54           ; 7            ; no              ; no                     ; no            ; 2         ; no              ; no         ; no            ; no       ; Off          ; 2.5 V        ; Default          ; Series 50 Ohm without Calibration ; --                        ; no                         ; no                          ; User                 ; -                    ; -                   ;
; HEX0[2]       ; C15   ; 7        ; 60           ; 54           ; 0            ; no              ; no                     ; no            ; 2         ; no              ; no         ; no            ; no       ; Off          ; 2.5 V        ; Default          ; Series 50 Ohm without Calibration ; --                        ; no                         ; no                          ; User                 ; -                    ; -                   ;
; HEX0[3]       ; C16   ; 7        ; 62           ; 54           ; 28           ; no              ; no                     ; no            ; 2         ; no              ; no         ; no            ; no       ; Off          ; 2.5 V        ; Default          ; Series 50 Ohm without Calibration ; --                        ; no                         ; no                          ; User                 ; -                    ; -                   ;
; HEX0[4]       ; E16   ; 7        ; 74           ; 54           ; 0            ; no              ; no                     ; no            ; 2         ; no              ; no         ; no            ; no       ; Off          ; 2.5 V        ; Default          ; Series 50 Ohm without Calibration ; --                        ; no                         ; no                          ; User                 ; -                    ; -                   ;
; HEX0[5]       ; D17   ; 7        ; 74           ; 54           ; 14           ; no              ; no                     ; no            ; 2         ; no              ; no         ; no            ; no       ; Off          ; 2.5 V        ; Default          ; Series 50 Ohm without Calibration ; --                        ; no                         ; no                          ; User                 ; -                    ; -                   ;
; HEX0[6]       ; C17   ; 7        ; 74           ; 54           ; 21           ; no              ; no                     ; no            ; 2         ; no              ; no         ; no            ; no       ; Off          ; 2.5 V        ; Default          ; Series 50 Ohm without Calibration ; --                        ; no                         ; no                          ; User                 ; -                    ; -                   ;
; HEX0[7]       ; D15   ; 7        ; 66           ; 54           ; 14           ; no              ; no                     ; no            ; 2         ; no              ; no         ; no            ; no       ; Off          ; 2.5 V        ; Default          ; Series 50 Ohm without Calibration ; --                        ; no                         ; no                          ; User                 ; -                    ; -                   ;
; HEX1[0]       ; C18   ; 7        ; 69           ; 54           ; 21           ; no              ; no                     ; no            ; 2         ; no              ; no         ; no            ; no       ; Off          ; 2.5 V        ; Default          ; Series 50 Ohm without Calibration ; --                        ; no                         ; no                          ; User                 ; -                    ; -                   ;
; HEX1[1]       ; D18   ; 6        ; 78           ; 49           ; 7            ; no              ; no                     ; no            ; 2         ; no              ; no         ; no            ; no       ; Off          ; 2.5 V        ; Default          ; Series 50 Ohm without Calibration ; --                        ; no                         ; no                          ; User                 ; -                    ; -                   ;
; HEX1[2]       ; E18   ; 6        ; 78           ; 49           ; 0            ; no              ; no                     ; no            ; 2         ; no              ; no         ; no            ; no       ; Off          ; 2.5 V        ; Default          ; Series 50 Ohm without Calibration ; --                        ; no                         ; no                          ; User                 ; -                    ; -                   ;
; HEX1[3]       ; B16   ; 7        ; 60           ; 54           ; 7            ; no              ; no                     ; no            ; 2         ; no              ; no         ; no            ; no       ; Off          ; 2.5 V        ; Default          ; Series 50 Ohm without Calibration ; --                        ; no                         ; no                          ; User                 ; -                    ; -                   ;
; HEX1[4]       ; A17   ; 7        ; 64           ; 54           ; 0            ; no              ; no                     ; no            ; 2         ; no              ; no         ; no            ; no       ; Off          ; 2.5 V        ; Default          ; Series 50 Ohm without Calibration ; --                        ; no                         ; no                          ; User                 ; -                    ; -                   ;
; HEX1[5]       ; A18   ; 7        ; 66           ; 54           ; 28           ; no              ; no                     ; no            ; 2         ; no              ; no         ; no            ; no       ; Off          ; 2.5 V        ; Default          ; Series 50 Ohm without Calibration ; --                        ; no                         ; no                          ; User                 ; -                    ; -                   ;
; HEX1[6]       ; B17   ; 7        ; 69           ; 54           ; 28           ; no              ; no                     ; no            ; 2         ; no              ; no         ; no            ; no       ; Off          ; 2.5 V        ; Default          ; Series 50 Ohm without Calibration ; --                        ; no                         ; no                          ; User                 ; -                    ; -                   ;
; HEX1[7]       ; A16   ; 7        ; 60           ; 54           ; 14           ; no              ; no                     ; no            ; 2         ; no              ; no         ; no            ; no       ; Off          ; 2.5 V        ; Default          ; Series 50 Ohm without Calibration ; --                        ; no                         ; no                          ; User                 ; -                    ; -                   ;
; HEX2[0]       ; B20   ; 6        ; 78           ; 44           ; 7            ; no              ; no                     ; no            ; 2         ; no              ; no         ; no            ; no       ; Off          ; 2.5 V        ; Default          ; Series 50 Ohm without Calibration ; --                        ; no                         ; no                          ; User                 ; -                    ; -                   ;
; HEX2[1]       ; A20   ; 7        ; 66           ; 54           ; 0            ; no              ; no                     ; no            ; 2         ; no              ; no         ; no            ; no       ; Off          ; 2.5 V        ; Default          ; Series 50 Ohm without Calibration ; --                        ; no                         ; no                          ; User                 ; -                    ; -                   ;
; HEX2[2]       ; B19   ; 7        ; 69           ; 54           ; 14           ; no              ; no                     ; no            ; 2         ; no              ; no         ; no            ; no       ; Off          ; 2.5 V        ; Default          ; Series 50 Ohm without Calibration ; --                        ; no                         ; no                          ; User                 ; -                    ; -                   ;
; HEX2[3]       ; A21   ; 6        ; 78           ; 44           ; 0            ; no              ; no                     ; no            ; 2         ; no              ; no         ; no            ; no       ; Off          ; 2.5 V        ; Default          ; Series 50 Ohm without Calibration ; --                        ; no                         ; no                          ; User                 ; -                    ; -                   ;
; HEX2[4]       ; B21   ; 6        ; 78           ; 43           ; 0            ; no              ; no                     ; no            ; 2         ; no              ; no         ; no            ; no       ; Off          ; 2.5 V        ; Default          ; Series 50 Ohm without Calibration ; --                        ; no                         ; no                          ; User                 ; -                    ; -                   ;
; HEX2[5]       ; C22   ; 6        ; 78           ; 35           ; 0            ; no              ; no                     ; no            ; 2         ; no              ; no         ; no            ; no       ; Off          ; 2.5 V        ; Default          ; Series 50 Ohm without Calibration ; --                        ; no                         ; no                          ; User                 ; -                    ; -                   ;
; HEX2[6]       ; B22   ; 6        ; 78           ; 43           ; 7            ; no              ; no                     ; no            ; 2         ; no              ; no         ; no            ; no       ; Off          ; 2.5 V        ; Default          ; Series 50 Ohm without Calibration ; --                        ; no                         ; no                          ; User                 ; -                    ; -                   ;
; HEX2[7]       ; A19   ; 7        ; 66           ; 54           ; 7            ; no              ; no                     ; no            ; 2         ; no              ; no         ; no            ; no       ; Off          ; 2.5 V        ; Default          ; Series 50 Ohm without Calibration ; --                        ; no                         ; no                          ; User                 ; -                    ; -                   ;
; HEX3[0]       ; F21   ; 6        ; 78           ; 35           ; 21           ; no              ; no                     ; no            ; 2         ; no              ; no         ; no            ; no       ; Off          ; 2.5 V        ; Default          ; Series 50 Ohm without Calibration ; --                        ; no                         ; no                          ; User                 ; -                    ; -                   ;
; HEX3[1]       ; E22   ; 6        ; 78           ; 33           ; 7            ; no              ; no                     ; no            ; 2         ; no              ; no         ; no            ; no       ; Off          ; 2.5 V        ; Default          ; Series 50 Ohm without Calibration ; --                        ; no                         ; no                          ; User                 ; -                    ; -                   ;
; HEX3[2]       ; E21   ; 6        ; 78           ; 33           ; 0            ; no              ; no                     ; no            ; 2         ; no              ; no         ; no            ; no       ; Off          ; 2.5 V        ; Default          ; Series 50 Ohm without Calibration ; --                        ; no                         ; no                          ; User                 ; -                    ; -                   ;
; HEX3[3]       ; C19   ; 7        ; 69           ; 54           ; 7            ; no              ; no                     ; no            ; 2         ; no              ; no         ; no            ; no       ; Off          ; 2.5 V        ; Default          ; Series 50 Ohm without Calibration ; --                        ; no                         ; no                          ; User                 ; -                    ; -                   ;
; HEX3[4]       ; C20   ; 6        ; 78           ; 41           ; 7            ; no              ; no                     ; no            ; 2         ; no              ; no         ; no            ; no       ; Off          ; 2.5 V        ; Default          ; Series 50 Ohm without Calibration ; --                        ; no                         ; no                          ; User                 ; -                    ; -                   ;
; HEX3[5]       ; D19   ; 6        ; 78           ; 41           ; 0            ; no              ; no                     ; no            ; 2         ; no              ; no         ; no            ; no       ; Off          ; 2.5 V        ; Default          ; Series 50 Ohm without Calibration ; --                        ; no                         ; no                          ; User                 ; -                    ; -                   ;
; HEX3[6]       ; E17   ; 6        ; 78           ; 43           ; 14           ; no              ; no                     ; no            ; 2         ; no              ; no         ; no            ; no       ; Off          ; 2.5 V        ; Default          ; Series 50 Ohm without Calibration ; --                        ; no                         ; no                          ; User                 ; -                    ; -                   ;
; HEX3[7]       ; D22   ; 6        ; 78           ; 35           ; 7            ; no              ; no                     ; no            ; 2         ; no              ; no         ; no            ; no       ; Off          ; 2.5 V        ; Default          ; Series 50 Ohm without Calibration ; --                        ; no                         ; no                          ; User                 ; -                    ; -                   ;
; HEX4[0]       ; F18   ; 6        ; 78           ; 40           ; 14           ; no              ; no                     ; no            ; 2         ; no              ; no         ; no            ; no       ; Off          ; 2.5 V        ; Default          ; Series 50 Ohm without Calibration ; --                        ; no                         ; no                          ; User                 ; -                    ; -                   ;
; HEX4[1]       ; E20   ; 6        ; 78           ; 40           ; 0            ; no              ; no                     ; no            ; 2         ; no              ; no         ; no            ; no       ; Off          ; 2.5 V        ; Default          ; Series 50 Ohm without Calibration ; --                        ; no                         ; no                          ; User                 ; -                    ; -                   ;
; HEX4[2]       ; E19   ; 6        ; 78           ; 40           ; 21           ; no              ; no                     ; no            ; 2         ; no              ; no         ; no            ; no       ; Off          ; 2.5 V        ; Default          ; Series 50 Ohm without Calibration ; --                        ; no                         ; no                          ; User                 ; -                    ; -                   ;
; HEX4[3]       ; J18   ; 6        ; 78           ; 42           ; 14           ; no              ; no                     ; no            ; 2         ; no              ; no         ; no            ; no       ; Off          ; 2.5 V        ; Default          ; Series 50 Ohm without Calibration ; --                        ; no                         ; no                          ; User                 ; -                    ; -                   ;
; HEX4[4]       ; H19   ; 6        ; 78           ; 45           ; 21           ; no              ; no                     ; no            ; 2         ; no              ; no         ; no            ; no       ; Off          ; 2.5 V        ; Default          ; Series 50 Ohm without Calibration ; --                        ; no                         ; no                          ; User                 ; -                    ; -                   ;
; HEX4[5]       ; F19   ; 6        ; 78           ; 40           ; 7            ; no              ; no                     ; no            ; 2         ; no              ; no         ; no            ; no       ; Off          ; 2.5 V        ; Default          ; Series 50 Ohm without Calibration ; --                        ; no                         ; no                          ; User                 ; -                    ; -                   ;
; HEX4[6]       ; F20   ; 6        ; 78           ; 35           ; 14           ; no              ; no                     ; no            ; 2         ; no              ; no         ; no            ; no       ; Off          ; 2.5 V        ; Default          ; Series 50 Ohm without Calibration ; --                        ; no                         ; no                          ; User                 ; -                    ; -                   ;
; HEX4[7]       ; F17   ; 6        ; 78           ; 43           ; 21           ; no              ; no                     ; no            ; 2         ; no              ; no         ; no            ; no       ; Off          ; 2.5 V        ; Default          ; Series 50 Ohm without Calibration ; --                        ; no                         ; no                          ; User                 ; -                    ; -                   ;
; LEDR[0]       ; A8    ; 7        ; 46           ; 54           ; 0            ; no              ; no                     ; no            ; 2         ; no              ; no         ; no            ; no       ; Off          ; 2.5 V        ; Default          ; Series 50 Ohm without Calibration ; --                        ; no                         ; no                          ; User                 ; -                    ; -                   ;
; LEDR[1]       ; A9    ; 7        ; 46           ; 54           ; 21           ; no              ; no                     ; no            ; 2         ; no              ; no         ; no            ; no       ; Off          ; 2.5 V        ; Default          ; Series 50 Ohm without Calibration ; --                        ; no                         ; no                          ; User                 ; -                    ; -                   ;
; LEDR[2]       ; A10   ; 7        ; 51           ; 54           ; 14           ; no              ; no                     ; no            ; 2         ; no              ; no         ; no            ; no       ; Off          ; 2.5 V        ; Default          ; Series 50 Ohm without Calibration ; --                        ; no                         ; no                          ; User                 ; -                    ; -                   ;
; LEDR[3]       ; B10   ; 7        ; 46           ; 54           ; 7            ; no              ; no                     ; no            ; 2         ; no              ; no         ; no            ; no       ; Off          ; 2.5 V        ; Default          ; Series 50 Ohm without Calibration ; --                        ; no                         ; no                          ; User                 ; -                    ; -                   ;
; LEDR[4]       ; D13   ; 7        ; 56           ; 54           ; 28           ; no              ; no                     ; no            ; 2         ; no              ; no         ; no            ; no       ; Off          ; 2.5 V        ; Default          ; Series 50 Ohm without Calibration ; --                        ; no                         ; no                          ; User                 ; -                    ; -                   ;
; LEDR[5]       ; C13   ; 7        ; 58           ; 54           ; 21           ; no              ; no                     ; no            ; 2         ; no              ; no         ; no            ; no       ; Off          ; 2.5 V        ; Default          ; Series 50 Ohm without Calibration ; --                        ; no                         ; no                          ; User                 ; -                    ; -                   ;
; LEDR[6]       ; E14   ; 7        ; 66           ; 54           ; 21           ; no              ; no                     ; no            ; 2         ; no              ; no         ; no            ; no       ; Off          ; 2.5 V        ; Default          ; Series 50 Ohm without Calibration ; --                        ; no                         ; no                          ; User                 ; -                    ; -                   ;
; LEDR[7]       ; D14   ; 7        ; 56           ; 54           ; 7            ; no              ; no                     ; no            ; 2         ; no              ; no         ; no            ; no       ; Off          ; 2.5 V        ; Default          ; Series 50 Ohm without Calibration ; --                        ; no                         ; no                          ; User                 ; -                    ; -                   ;
; LEDR[8]       ; A11   ; 7        ; 51           ; 54           ; 7            ; no              ; no                     ; no            ; 2         ; no              ; no         ; no            ; no       ; Off          ; 2.5 V        ; Default          ; Series 50 Ohm without Calibration ; --                        ; no                         ; no                          ; User                 ; -                    ; -                   ;
; LEDR[9]       ; B11   ; 7        ; 49           ; 54           ; 7            ; no              ; no                     ; no            ; 2         ; no              ; no         ; no            ; no       ; Off          ; 2.5 V        ; Default          ; Series 50 Ohm without Calibration ; --                        ; no                         ; no                          ; User                 ; -                    ; -                   ;
; TDO           ; Y19   ; 4        ; 62           ; 0            ; 14           ; no              ; no                     ; no            ; 2         ; no              ; no         ; no            ; no       ; Off          ; 2.5 V        ; Default          ; Series 50 Ohm without Calibration ; --                        ; no                         ; no                          ; User                 ; -                    ; -                   ;
; TXD           ; AB21  ; 4        ; 62           ; 0            ; 28           ; no              ; no                     ; no            ; 2         ; no              ; no         ; no            ; no       ; Off          ; 2.5 V        ; Default          ; Series 50 Ohm without Calibration ; --                        ; no                         ; no                          ; User                 ; -                    ; -                   ;
+---------------+-------+----------+--------------+--------------+--------------+-----------------+------------------------+---------------+-----------+-----------------+------------+---------------+----------+--------------+--------------+------------------+-----------------------------------+---------------------------+----------------------------+-----------------------------+----------------------+----------------------+---------------------+


+---------------------------------------------------------------------------------------------------------------------------------------------------------------------------------------------------------------------------------------------------------------------------------------------------------------------------------------------------------------------------------------------------------------------------------------------------------------------------------------------------------------------------------------------------------------------------------------------------+
; Bidir Pins                                                                                                                                                                                                                                                                                                                                                                                                                                                                                                                                                                                        ;
+---------------+-------+----------+--------------+--------------+--------------+-----------------------+--------------------+--------+----------------+-----------------+------------------------+---------------+-----------+-----------------+------------+----------+--------------+--------------+------------------+-----------------------------------+---------------------------+----------------------------+----------------------+----------------------+-------------------------------------------------------------------------------------------------------------------------------+
; Name          ; Pin # ; I/O Bank ; X coordinate ; Y coordinate ; Z coordinate ; Combinational Fan-Out ; Registered Fan-Out ; Global ; Input Register ; Output Register ; Output Enable Register ; Power Up High ; Slew Rate ; PCI I/O Enabled ; Open Drain ; Bus Hold ; Weak Pull Up ; I/O Standard ; Current Strength ; Output Termination                ; Termination Control Block ; Output Buffer Pre-emphasis ; Location assigned by ; Output Enable Source ; Output Enable Group                                                                                                           ;
+---------------+-------+----------+--------------+--------------+--------------+-----------------------+--------------------+--------+----------------+-----------------+------------------------+---------------+-----------+-----------------+------------+----------+--------------+--------------+------------------+-----------------------------------+---------------------------+----------------------------+----------------------+----------------------+-------------------------------------------------------------------------------------------------------------------------------+
; ARDUINO_IO[0] ; AB5   ; 3        ; 29           ; 0            ; 28           ; 0                     ; 0                  ; no     ; no             ; no              ; no                     ; no            ; 2         ; yes             ; yes        ; no       ; Off          ; 2.5 V        ; Default          ; Series 50 Ohm without Calibration ; --                        ; no                         ; User                 ; 0 pF                 ; -                                                                                                                             ;
; ARDUINO_IO[1] ; AB6   ; 3        ; 29           ; 0            ; 7            ; 0                     ; 0                  ; no     ; no             ; no              ; no                     ; no            ; 2         ; yes             ; yes        ; no       ; Off          ; 2.5 V        ; Default          ; Series 50 Ohm without Calibration ; --                        ; no                         ; User                 ; 0 pF                 ; -                                                                                                                             ;
; ARDUINO_IO[2] ; AB7   ; 3        ; 29           ; 0            ; 0            ; 0                     ; 0                  ; no     ; no             ; no              ; no                     ; no            ; 2         ; yes             ; yes        ; no       ; Off          ; 2.5 V        ; Default          ; Series 50 Ohm without Calibration ; --                        ; no                         ; User                 ; 0 pF                 ; -                                                                                                                             ;
; ARDUINO_IO[3] ; AB8   ; 3        ; 31           ; 0            ; 7            ; 0                     ; 0                  ; no     ; no             ; no              ; no                     ; no            ; 2         ; yes             ; yes        ; no       ; Off          ; 2.5 V        ; Default          ; Series 50 Ohm without Calibration ; --                        ; no                         ; User                 ; 0 pF                 ; -                                                                                                                             ;
; ARDUINO_IO[4] ; AB9   ; 3        ; 34           ; 0            ; 14           ; 0                     ; 0                  ; no     ; no             ; no              ; no                     ; no            ; 2         ; yes             ; yes        ; no       ; Off          ; 2.5 V        ; Default          ; Series 50 Ohm without Calibration ; --                        ; no                         ; User                 ; 0 pF                 ; -                                                                                                                             ;
; ARDUINO_IO[5] ; Y10   ; 3        ; 34           ; 0            ; 7            ; 0                     ; 0                  ; no     ; no             ; no              ; no                     ; no            ; 2         ; yes             ; yes        ; no       ; Off          ; 2.5 V        ; Default          ; Series 50 Ohm without Calibration ; --                        ; no                         ; User                 ; 0 pF                 ; -                                                                                                                             ;
; ARDUINO_IO[6] ; AA11  ; 4        ; 40           ; 0            ; 7            ; 0                     ; 0                  ; no     ; no             ; no              ; no                     ; no            ; 2         ; yes             ; yes        ; no       ; Off          ; 2.5 V        ; Default          ; Series 50 Ohm without Calibration ; --                        ; no                         ; User                 ; 0 pF                 ; -                                                                                                                             ;
; ARDUINO_IO[7] ; AA12  ; 4        ; 40           ; 0            ; 0            ; 0                     ; 0                  ; no     ; no             ; no              ; no                     ; no            ; 2         ; yes             ; yes        ; no       ; Off          ; 2.5 V        ; Default          ; Series 50 Ohm without Calibration ; --                        ; no                         ; User                 ; 0 pF                 ; -                                                                                                                             ;
; ARDUINO_IO[8] ; AB17  ; 4        ; 69           ; 0            ; 21           ; 0                     ; 0                  ; no     ; no             ; no              ; no                     ; no            ; 2         ; yes             ; yes        ; no       ; Off          ; 2.5 V        ; Default          ; Series 50 Ohm without Calibration ; --                        ; no                         ; User                 ; 0 pF                 ; -                                                                                                                             ;
; ARDUINO_IO[9] ; AA17  ; 4        ; 58           ; 0            ; 28           ; 0                     ; 0                  ; no     ; no             ; no              ; no                     ; no            ; 2         ; yes             ; yes        ; no       ; Off          ; 2.5 V        ; Default          ; Series 50 Ohm without Calibration ; --                        ; no                         ; User                 ; 0 pF                 ; -                                                                                                                             ;
; DRAM_DQ[0]    ; Y21   ; 5        ; 78           ; 16           ; 0            ; 1                     ; 0                  ; no     ; no             ; no              ; no                     ; no            ; 2         ; yes             ; no         ; no       ; Off          ; 2.5 V        ; Default          ; Series 50 Ohm without Calibration ; --                        ; no                         ; User                 ; 0 pF                 ; System:system|VexRISCVSoftcore:core|Axi4SharedSdramCtrl:axi_sdramCtrl|SdramCtrl:ctrl|chip_sdram_DQ_writeEnable[15] (inverted) ;
; DRAM_DQ[10]   ; H21   ; 6        ; 78           ; 29           ; 0            ; 1                     ; 0                  ; no     ; no             ; no              ; no                     ; no            ; 2         ; yes             ; no         ; no       ; Off          ; 2.5 V        ; Default          ; Series 50 Ohm without Calibration ; --                        ; no                         ; User                 ; 0 pF                 ; System:system|VexRISCVSoftcore:core|Axi4SharedSdramCtrl:axi_sdramCtrl|SdramCtrl:ctrl|chip_sdram_DQ_writeEnable[15] (inverted) ;
; DRAM_DQ[11]   ; H22   ; 6        ; 78           ; 29           ; 7            ; 1                     ; 0                  ; no     ; no             ; no              ; no                     ; no            ; 2         ; yes             ; no         ; no       ; Off          ; 2.5 V        ; Default          ; Series 50 Ohm without Calibration ; --                        ; no                         ; User                 ; 0 pF                 ; System:system|VexRISCVSoftcore:core|Axi4SharedSdramCtrl:axi_sdramCtrl|SdramCtrl:ctrl|chip_sdram_DQ_writeEnable[15] (inverted) ;
; DRAM_DQ[12]   ; G22   ; 6        ; 78           ; 31           ; 7            ; 1                     ; 0                  ; no     ; no             ; no              ; no                     ; no            ; 2         ; yes             ; no         ; no       ; Off          ; 2.5 V        ; Default          ; Series 50 Ohm without Calibration ; --                        ; no                         ; User                 ; 0 pF                 ; System:system|VexRISCVSoftcore:core|Axi4SharedSdramCtrl:axi_sdramCtrl|SdramCtrl:ctrl|chip_sdram_DQ_writeEnable[15] (inverted) ;
; DRAM_DQ[13]   ; G20   ; 6        ; 78           ; 31           ; 21           ; 1                     ; 0                  ; no     ; no             ; no              ; no                     ; no            ; 2         ; yes             ; no         ; no       ; Off          ; 2.5 V        ; Default          ; Series 50 Ohm without Calibration ; --                        ; no                         ; User                 ; 0 pF                 ; System:system|VexRISCVSoftcore:core|Axi4SharedSdramCtrl:axi_sdramCtrl|SdramCtrl:ctrl|chip_sdram_DQ_writeEnable[15] (inverted) ;
; DRAM_DQ[14]   ; G19   ; 6        ; 78           ; 31           ; 14           ; 1                     ; 0                  ; no     ; no             ; no              ; no                     ; no            ; 2         ; yes             ; no         ; no       ; Off          ; 2.5 V        ; Default          ; Series 50 Ohm without Calibration ; --                        ; no                         ; User                 ; 0 pF                 ; System:system|VexRISCVSoftcore:core|Axi4SharedSdramCtrl:axi_sdramCtrl|SdramCtrl:ctrl|chip_sdram_DQ_writeEnable[15] (inverted) ;
; DRAM_DQ[15]   ; F22   ; 6        ; 78           ; 31           ; 0            ; 1                     ; 0                  ; no     ; no             ; no              ; no                     ; no            ; 2         ; yes             ; no         ; no       ; Off          ; 2.5 V        ; Default          ; Series 50 Ohm without Calibration ; --                        ; no                         ; User                 ; 0 pF                 ; System:system|VexRISCVSoftcore:core|Axi4SharedSdramCtrl:axi_sdramCtrl|SdramCtrl:ctrl|chip_sdram_DQ_writeEnable[15] (inverted) ;
; DRAM_DQ[1]    ; Y20   ; 5        ; 78           ; 16           ; 7            ; 1                     ; 0                  ; no     ; no             ; no              ; no                     ; no            ; 2         ; yes             ; no         ; no       ; Off          ; 2.5 V        ; Default          ; Series 50 Ohm without Calibration ; --                        ; no                         ; User                 ; 0 pF                 ; System:system|VexRISCVSoftcore:core|Axi4SharedSdramCtrl:axi_sdramCtrl|SdramCtrl:ctrl|chip_sdram_DQ_writeEnable[15] (inverted) ;
; DRAM_DQ[2]    ; AA22  ; 5        ; 78           ; 3            ; 0            ; 1                     ; 0                  ; no     ; no             ; no              ; no                     ; no            ; 2         ; yes             ; no         ; no       ; Off          ; 2.5 V        ; Default          ; Series 50 Ohm without Calibration ; --                        ; no                         ; User                 ; 0 pF                 ; System:system|VexRISCVSoftcore:core|Axi4SharedSdramCtrl:axi_sdramCtrl|SdramCtrl:ctrl|chip_sdram_DQ_writeEnable[15] (inverted) ;
; DRAM_DQ[3]    ; AA21  ; 5        ; 78           ; 3            ; 7            ; 1                     ; 0                  ; no     ; no             ; no              ; no                     ; no            ; 2         ; yes             ; no         ; no       ; Off          ; 2.5 V        ; Default          ; Series 50 Ohm without Calibration ; --                        ; no                         ; User                 ; 0 pF                 ; System:system|VexRISCVSoftcore:core|Axi4SharedSdramCtrl:axi_sdramCtrl|SdramCtrl:ctrl|chip_sdram_DQ_writeEnable[15] (inverted) ;
; DRAM_DQ[4]    ; Y22   ; 5        ; 78           ; 15           ; 7            ; 1                     ; 0                  ; no     ; no             ; no              ; no                     ; no            ; 2         ; yes             ; no         ; no       ; Off          ; 2.5 V        ; Default          ; Series 50 Ohm without Calibration ; --                        ; no                         ; User                 ; 0 pF                 ; System:system|VexRISCVSoftcore:core|Axi4SharedSdramCtrl:axi_sdramCtrl|SdramCtrl:ctrl|chip_sdram_DQ_writeEnable[15] (inverted) ;
; DRAM_DQ[5]    ; W22   ; 5        ; 78           ; 15           ; 0            ; 1                     ; 0                  ; no     ; no             ; no              ; no                     ; no            ; 2         ; yes             ; no         ; no       ; Off          ; 2.5 V        ; Default          ; Series 50 Ohm without Calibration ; --                        ; no                         ; User                 ; 0 pF                 ; System:system|VexRISCVSoftcore:core|Axi4SharedSdramCtrl:axi_sdramCtrl|SdramCtrl:ctrl|chip_sdram_DQ_writeEnable[15] (inverted) ;
; DRAM_DQ[6]    ; W20   ; 5        ; 78           ; 16           ; 14           ; 1                     ; 0                  ; no     ; no             ; no              ; no                     ; no            ; 2         ; yes             ; no         ; no       ; Off          ; 2.5 V        ; Default          ; Series 50 Ohm without Calibration ; --                        ; no                         ; User                 ; 0 pF                 ; System:system|VexRISCVSoftcore:core|Axi4SharedSdramCtrl:axi_sdramCtrl|SdramCtrl:ctrl|chip_sdram_DQ_writeEnable[15] (inverted) ;
; DRAM_DQ[7]    ; V21   ; 5        ; 78           ; 17           ; 7            ; 1                     ; 0                  ; no     ; no             ; no              ; no                     ; no            ; 2         ; yes             ; no         ; no       ; Off          ; 2.5 V        ; Default          ; Series 50 Ohm without Calibration ; --                        ; no                         ; User                 ; 0 pF                 ; System:system|VexRISCVSoftcore:core|Axi4SharedSdramCtrl:axi_sdramCtrl|SdramCtrl:ctrl|chip_sdram_DQ_writeEnable[15] (inverted) ;
; DRAM_DQ[8]    ; P21   ; 5        ; 78           ; 23           ; 7            ; 1                     ; 0                  ; no     ; no             ; no              ; no                     ; no            ; 2         ; yes             ; no         ; no       ; Off          ; 2.5 V        ; Default          ; Series 50 Ohm without Calibration ; --                        ; no                         ; User                 ; 0 pF                 ; System:system|VexRISCVSoftcore:core|Axi4SharedSdramCtrl:axi_sdramCtrl|SdramCtrl:ctrl|chip_sdram_DQ_writeEnable[15] (inverted) ;
; DRAM_DQ[9]    ; J22   ; 6        ; 78           ; 30           ; 7            ; 1                     ; 0                  ; no     ; no             ; no              ; no                     ; no            ; 2         ; yes             ; no         ; no       ; Off          ; 2.5 V        ; Default          ; Series 50 Ohm without Calibration ; --                        ; no                         ; User                 ; 0 pF                 ; System:system|VexRISCVSoftcore:core|Axi4SharedSdramCtrl:axi_sdramCtrl|SdramCtrl:ctrl|chip_sdram_DQ_writeEnable[15] (inverted) ;
+---------------+-------+----------+--------------+--------------+--------------+-----------------------+--------------------+--------+----------------+-----------------+------------------------+---------------+-----------+-----------------+------------+----------+--------------+--------------+------------------+-----------------------------------+---------------------------+----------------------------+----------------------+----------------------+-------------------------------------------------------------------------------------------------------------------------------+


+-----------------------------------------------------------------------------------------------------------------------------------------+
; Dual Purpose and Dedicated Pins                                                                                                         ;
+----------+----------------------------------------------------+--------------------------------+---------------------+------------------+
; Location ; Pin Name                                           ; Reserved As                    ; User Signal Name    ; Pin Type         ;
+----------+----------------------------------------------------+--------------------------------+---------------------+------------------+
; H2       ; DIFFIO_RX_L17n, DIFFOUT_L17n, TMS, Low_Speed       ; Reserved as secondary function ; ~ALTERA_TMS~        ; Dual Purpose Pin ;
; G2       ; DIFFIO_RX_L17p, DIFFOUT_L17p, TCK, Low_Speed       ; Reserved as secondary function ; ~ALTERA_TCK~        ; Dual Purpose Pin ;
; L4       ; DIFFIO_RX_L18n, DIFFOUT_L18n, TDI, Low_Speed       ; Reserved as secondary function ; ~ALTERA_TDI~        ; Dual Purpose Pin ;
; M5       ; DIFFIO_RX_L18p, DIFFOUT_L18p, TDO, Low_Speed       ; Reserved as secondary function ; ~ALTERA_TDO~        ; Dual Purpose Pin ;
; H10      ; CONFIG_SEL, Low_Speed                              ; Reserved as secondary function ; ~ALTERA_CONFIG_SEL~ ; Dual Purpose Pin ;
; H9       ; nCONFIG, Low_Speed                                 ; Reserved as secondary function ; ~ALTERA_nCONFIG~    ; Dual Purpose Pin ;
; G9       ; DIFFIO_RX_T50p, DIFFOUT_T50p, nSTATUS, Low_Speed   ; Reserved as secondary function ; ~ALTERA_nSTATUS~    ; Dual Purpose Pin ;
; F8       ; DIFFIO_RX_T50n, DIFFOUT_T50n, CONF_DONE, Low_Speed ; Reserved as secondary function ; ~ALTERA_CONF_DONE~  ; Dual Purpose Pin ;
+----------+----------------------------------------------------+--------------------------------+---------------------+------------------+


+------------------------------------------------------------+
; I/O Bank Usage                                             ;
+----------+------------------+---------------+--------------+
; I/O Bank ; Usage            ; VCCIO Voltage ; VREF Voltage ;
+----------+------------------+---------------+--------------+
; 1A       ; 0 / 16 ( 0 % )   ; 2.5V          ; --           ;
; 1B       ; 4 / 24 ( 17 % )  ; 2.5V          ; --           ;
; 2        ; 0 / 36 ( 0 % )   ; 2.5V          ; --           ;
; 3        ; 7 / 48 ( 15 % )  ; 2.5V          ; --           ;
; 4        ; 10 / 48 ( 21 % ) ; 2.5V          ; --           ;
; 5        ; 30 / 40 ( 75 % ) ; 2.5V          ; --           ;
; 6        ; 31 / 60 ( 52 % ) ; 2.5V          ; --           ;
; 7        ; 40 / 52 ( 77 % ) ; 2.5V          ; --           ;
; 8        ; 4 / 36 ( 11 % )  ; 2.5V          ; --           ;
+----------+------------------+---------------+--------------+


+---------------------------------------------------------------------------------------------------------------------------------------------------------------------------------------+
; All Package Pins                                                                                                                                                                      ;
+----------+------------+----------+------------------------------------------------+--------+-----------------------+---------+------------+-----------------+----------+--------------+
; Location ; Pad Number ; I/O Bank ; Pin Name/Usage                                 ; Dir.   ; I/O Standard          ; Voltage ; I/O Type   ; User Assignment ; Bus Hold ; Weak Pull Up ;
+----------+------------+----------+------------------------------------------------+--------+-----------------------+---------+------------+-----------------+----------+--------------+
; A1       ;            ;          ; GND                                            ; gnd    ;                       ;         ; --         ;                 ; --       ; --           ;
; A2       ; 481        ; 8        ; RESERVED_INPUT_WITH_WEAK_PULLUP                ;        ;                       ;         ; Column I/O ;                 ; no       ; On           ;
; A3       ; 483        ; 8        ; RESERVED_INPUT_WITH_WEAK_PULLUP                ;        ;                       ;         ; Column I/O ;                 ; no       ; On           ;
; A4       ; 475        ; 8        ; RESERVED_INPUT_WITH_WEAK_PULLUP                ;        ;                       ;         ; Column I/O ;                 ; no       ; On           ;
; A5       ; 473        ; 8        ; RESERVED_INPUT_WITH_WEAK_PULLUP                ;        ;                       ;         ; Column I/O ;                 ; no       ; On           ;
; A6       ; 471        ; 8        ; RESERVED_INPUT_WITH_WEAK_PULLUP                ;        ;                       ;         ; Column I/O ;                 ; no       ; On           ;
; A7       ; 445        ; 7        ; KEY[1]                                         ; input  ; 2.5 V                 ;         ; Column I/O ; Y               ; no       ; Off          ;
; A8       ; 447        ; 7        ; LEDR[0]                                        ; output ; 2.5 V                 ;         ; Column I/O ; Y               ; no       ; Off          ;
; A9       ; 449        ; 7        ; LEDR[1]                                        ; output ; 2.5 V                 ;         ; Column I/O ; Y               ; no       ; Off          ;
; A10      ; 439        ; 7        ; LEDR[2]                                        ; output ; 2.5 V                 ;         ; Column I/O ; Y               ; no       ; Off          ;
; A11      ; 437        ; 7        ; LEDR[8]                                        ; output ; 2.5 V                 ;         ; Column I/O ; Y               ; no       ; Off          ;
; A12      ; 435        ; 7        ; SW[4]                                          ; input  ; 2.5 V                 ;         ; Column I/O ; Y               ; no       ; Off          ;
; A13      ; 433        ; 7        ; SW[6]                                          ; input  ; 2.5 V                 ;         ; Column I/O ; Y               ; no       ; Off          ;
; A14      ; 425        ; 7        ; SW[7]                                          ; input  ; 2.5 V                 ;         ; Column I/O ; Y               ; no       ; Off          ;
; A15      ; 421        ; 7        ; RESERVED_INPUT_WITH_WEAK_PULLUP                ;        ;                       ;         ; Column I/O ;                 ; no       ; On           ;
; A16      ; 419        ; 7        ; HEX1[7]                                        ; output ; 2.5 V                 ;         ; Column I/O ; Y               ; no       ; Off          ;
; A17      ; 407        ; 7        ; HEX1[4]                                        ; output ; 2.5 V                 ;         ; Column I/O ; Y               ; no       ; Off          ;
; A18      ; 405        ; 7        ; HEX1[5]                                        ; output ; 2.5 V                 ;         ; Column I/O ; Y               ; no       ; Off          ;
; A19      ; 403        ; 7        ; HEX2[7]                                        ; output ; 2.5 V                 ;         ; Column I/O ; Y               ; no       ; Off          ;
; A20      ; 401        ; 7        ; HEX2[1]                                        ; output ; 2.5 V                 ;         ; Column I/O ; Y               ; no       ; Off          ;
; A21      ; 371        ; 6        ; HEX2[3]                                        ; output ; 2.5 V                 ;         ; Row I/O    ; Y               ; no       ; Off          ;
; A22      ;            ;          ; GND                                            ; gnd    ;                       ;         ; --         ;                 ; --       ; --           ;
; AA1      ; 133        ; 3        ; RESERVED_INPUT_WITH_WEAK_PULLUP                ;        ;                       ;         ; Column I/O ;                 ; no       ; On           ;
; AA2      ; 135        ; 3        ; RESERVED_INPUT_WITH_WEAK_PULLUP                ;        ;                       ;         ; Column I/O ;                 ; no       ; On           ;
; AA3      ; 153        ; 3        ; RESERVED_INPUT_WITH_WEAK_PULLUP                ;        ;                       ;         ; Column I/O ;                 ; --       ; --           ;
; AA4      ;            ;          ; GND                                            ; gnd    ;                       ;         ; --         ;                 ; --       ; --           ;
; AA5      ; 157        ; 3        ; RESERVED_INPUT_WITH_WEAK_PULLUP                ;        ;                       ;         ; Column I/O ;                 ; no       ; On           ;
; AA6      ; 156        ; 3        ; RESERVED_INPUT_WITH_WEAK_PULLUP                ;        ;                       ;         ; Column I/O ;                 ; no       ; On           ;
; AA7      ; 158        ; 3        ; RESERVED_INPUT_WITH_WEAK_PULLUP                ;        ;                       ;         ; Column I/O ;                 ; no       ; On           ;
; AA8      ; 165        ; 3        ; RESERVED_INPUT_WITH_WEAK_PULLUP                ;        ;                       ;         ; Column I/O ;                 ; no       ; On           ;
; AA9      ; 169        ; 3        ; RESERVED_INPUT_WITH_WEAK_PULLUP                ;        ;                       ;         ; Column I/O ;                 ; no       ; On           ;
; AA10     ; 170        ; 3        ; RESERVED_INPUT_WITH_WEAK_PULLUP                ;        ;                       ;         ; Column I/O ;                 ; no       ; On           ;
; AA11     ; 180        ; 4        ; ARDUINO_IO[6]                                  ; bidir  ; 2.5 V                 ;         ; Column I/O ; Y               ; no       ; Off          ;
; AA12     ; 182        ; 4        ; ARDUINO_IO[7]                                  ; bidir  ; 2.5 V                 ;         ; Column I/O ; Y               ; no       ; Off          ;
; AA13     ; 197        ; 4        ; RESERVED_INPUT_WITH_WEAK_PULLUP                ;        ;                       ;         ; Column I/O ;                 ; --       ; --           ;
; AA14     ; 201        ; 4        ; RESERVED_INPUT_WITH_WEAK_PULLUP                ;        ;                       ;         ; Column I/O ;                 ; no       ; On           ;
; AA15     ; 205        ; 4        ; RESERVED_INPUT_WITH_WEAK_PULLUP                ;        ;                       ;         ; Column I/O ;                 ; no       ; On           ;
; AA16     ; 211        ; 4        ; RESERVED_INPUT_WITH_WEAK_PULLUP                ;        ;                       ;         ; Column I/O ;                 ; no       ; On           ;
; AA17     ; 212        ; 4        ; ARDUINO_IO[9]                                  ; bidir  ; 2.5 V                 ;         ; Column I/O ; Y               ; no       ; Off          ;
; AA18     ;            ;          ; GND                                            ; gnd    ;                       ;         ; --         ;                 ; --       ; --           ;
; AA19     ; 217        ; 4        ; TDI                                            ; input  ; 2.5 V                 ;         ; Column I/O ; Y               ; no       ; Off          ;
; AA20     ; 227        ; 4        ; RXD                                            ; input  ; 2.5 V                 ;         ; Column I/O ; Y               ; no       ; Off          ;
; AA21     ; 245        ; 5        ; DRAM_DQ[3]                                     ; bidir  ; 2.5 V                 ;         ; Row I/O    ; Y               ; no       ; Off          ;
; AA22     ; 247        ; 5        ; DRAM_DQ[2]                                     ; bidir  ; 2.5 V                 ;         ; Row I/O    ; Y               ; no       ; Off          ;
; AB1      ;            ;          ; GND                                            ; gnd    ;                       ;         ; --         ;                 ; --       ; --           ;
; AB2      ; 145        ; 3        ; RESERVED_INPUT_WITH_WEAK_PULLUP                ;        ;                       ;         ; Column I/O ;                 ; no       ; On           ;
; AB3      ; 147        ; 3        ; RESERVED_INPUT_WITH_WEAK_PULLUP                ;        ;                       ;         ; Column I/O ;                 ; no       ; On           ;
; AB4      ; 155        ; 3        ; RESERVED_INPUT_WITH_WEAK_PULLUP                ;        ;                       ;         ; Column I/O ;                 ; no       ; On           ;
; AB5      ; 159        ; 3        ; ARDUINO_IO[0]                                  ; bidir  ; 2.5 V                 ;         ; Column I/O ; Y               ; no       ; Off          ;
; AB6      ; 161        ; 3        ; ARDUINO_IO[1]                                  ; bidir  ; 2.5 V                 ;         ; Column I/O ; Y               ; no       ; Off          ;
; AB7      ; 163        ; 3        ; ARDUINO_IO[2]                                  ; bidir  ; 2.5 V                 ;         ; Column I/O ; Y               ; no       ; Off          ;
; AB8      ; 167        ; 3        ; ARDUINO_IO[3]                                  ; bidir  ; 2.5 V                 ;         ; Column I/O ; Y               ; no       ; Off          ;
; AB9      ; 171        ; 3        ; ARDUINO_IO[4]                                  ; bidir  ; 2.5 V                 ;         ; Column I/O ; Y               ; no       ; Off          ;
; AB10     ; 177        ; 4        ; RESERVED_INPUT_WITH_WEAK_PULLUP                ;        ;                       ;         ; Column I/O ;                 ; no       ; On           ;
; AB11     ; 179        ; 4        ; RESERVED_INPUT_WITH_WEAK_PULLUP                ;        ;                       ;         ; Column I/O ;                 ; no       ; On           ;
; AB12     ; 181        ; 4        ; RESERVED_INPUT_WITH_WEAK_PULLUP                ;        ;                       ;         ; Column I/O ;                 ; no       ; On           ;
; AB13     ; 183        ; 4        ; RESERVED_INPUT_WITH_WEAK_PULLUP                ;        ;                       ;         ; Column I/O ;                 ; no       ; On           ;
; AB14     ; 199        ; 4        ; RESERVED_INPUT_WITH_WEAK_PULLUP                ;        ;                       ;         ; Column I/O ;                 ; no       ; On           ;
; AB15     ; 203        ; 4        ; RESERVED_INPUT_WITH_WEAK_PULLUP                ;        ;                       ;         ; Column I/O ;                 ; no       ; On           ;
; AB16     ; 209        ; 4        ; RESERVED_INPUT_WITH_WEAK_PULLUP                ;        ;                       ;         ; Column I/O ;                 ; no       ; On           ;
; AB17     ; 241        ; 4        ; ARDUINO_IO[8]                                  ; bidir  ; 2.5 V                 ;         ; Column I/O ; Y               ; no       ; Off          ;
; AB18     ; 243        ; 4        ; RESERVED_INPUT_WITH_WEAK_PULLUP                ;        ;                       ;         ; Column I/O ;                 ; no       ; On           ;
; AB19     ; 213        ; 4        ; TCK                                            ; input  ; 2.5 V                 ;         ; Column I/O ; Y               ; no       ; Off          ;
; AB20     ; 215        ; 4        ; TMS                                            ; input  ; 2.5 V                 ;         ; Column I/O ; Y               ; no       ; Off          ;
; AB21     ; 225        ; 4        ; TXD                                            ; output ; 2.5 V                 ;         ; Column I/O ; Y               ; no       ; Off          ;
; AB22     ;            ;          ; GND                                            ; gnd    ;                       ;         ; --         ;                 ; --       ; --           ;
; B1       ; 495        ; 8        ; RESERVED_INPUT_WITH_WEAK_PULLUP                ;        ;                       ;         ; Column I/O ;                 ; no       ; On           ;
; B2       ; 493        ; 8        ; RESERVED_INPUT_WITH_WEAK_PULLUP                ;        ;                       ;         ; Column I/O ;                 ; no       ; On           ;
; B3       ; 484        ; 8        ; RESERVED_INPUT_WITH_WEAK_PULLUP                ;        ;                       ;         ; Column I/O ;                 ; no       ; On           ;
; B4       ; 486        ; 8        ; RESERVED_INPUT_WITH_WEAK_PULLUP                ;        ;                       ;         ; Column I/O ;                 ; no       ; On           ;
; B5       ; 485        ; 8        ; RESERVED_INPUT_WITH_WEAK_PULLUP                ;        ;                       ;         ; Column I/O ;                 ; no       ; On           ;
; B6       ;            ;          ; GND                                            ; gnd    ;                       ;         ; --         ;                 ; --       ; --           ;
; B7       ; 469        ; 8        ; RESERVED_INPUT_WITH_WEAK_PULLUP                ;        ;                       ;         ; Column I/O ;                 ; no       ; On           ;
; B8       ; 451        ; 7        ; KEY[0]                                         ; input  ; 2.5 V                 ;         ; Column I/O ; Y               ; no       ; Off          ;
; B9       ;            ;          ; GND                                            ; gnd    ;                       ;         ; --         ;                 ; --       ; --           ;
; B10      ; 448        ; 7        ; LEDR[3]                                        ; output ; 2.5 V                 ;         ; Column I/O ; Y               ; no       ; Off          ;
; B11      ; 443        ; 7        ; LEDR[9]                                        ; output ; 2.5 V                 ;         ; Column I/O ; Y               ; no       ; Off          ;
; B12      ; 441        ; 7        ; SW[5]                                          ; input  ; 2.5 V                 ;         ; Column I/O ; Y               ; no       ; Off          ;
; B13      ;            ;          ; GND                                            ; gnd    ;                       ;         ; --         ;                 ; --       ; --           ;
; B14      ; 427        ; 7        ; SW[8]                                          ; input  ; 2.5 V                 ;         ; Column I/O ; Y               ; no       ; Off          ;
; B15      ; 423        ; 7        ; RESERVED_INPUT_WITH_WEAK_PULLUP                ;        ;                       ;         ; Column I/O ;                 ; --       ; --           ;
; B16      ; 417        ; 7        ; HEX1[3]                                        ; output ; 2.5 V                 ;         ; Column I/O ; Y               ; no       ; Off          ;
; B17      ; 402        ; 7        ; HEX1[6]                                        ; output ; 2.5 V                 ;         ; Column I/O ; Y               ; no       ; Off          ;
; B18      ;            ;          ; GND                                            ; gnd    ;                       ;         ; --         ;                 ; --       ; --           ;
; B19      ; 399        ; 7        ; HEX2[2]                                        ; output ; 2.5 V                 ;         ; Column I/O ; Y               ; no       ; Off          ;
; B20      ; 369        ; 6        ; HEX2[0]                                        ; output ; 2.5 V                 ;         ; Row I/O    ; Y               ; no       ; Off          ;
; B21      ; 367        ; 6        ; HEX2[4]                                        ; output ; 2.5 V                 ;         ; Row I/O    ; Y               ; no       ; Off          ;
; B22      ; 365        ; 6        ; HEX2[6]                                        ; output ; 2.5 V                 ;         ; Row I/O    ; Y               ; no       ; Off          ;
; C1       ; 33         ; 1B       ; RESERVED_INPUT_WITH_WEAK_PULLUP                ;        ;                       ;         ; Row I/O    ;                 ; --       ; --           ;
; C2       ; 499        ; 8        ; RESERVED_INPUT_WITH_WEAK_PULLUP                ;        ;                       ;         ; Column I/O ;                 ; no       ; On           ;
; C3       ; 497        ; 8        ; RESERVED_INPUT_WITH_WEAK_PULLUP                ;        ;                       ;         ; Column I/O ;                 ; no       ; On           ;
; C4       ; 487        ; 8        ; RESERVED_INPUT_WITH_WEAK_PULLUP                ;        ;                       ;         ; Column I/O ;                 ; no       ; On           ;
; C5       ; 489        ; 8        ; RESERVED_INPUT_WITH_WEAK_PULLUP                ;        ;                       ;         ; Column I/O ;                 ; no       ; On           ;
; C6       ; 477        ; 8        ; RESERVED_INPUT_WITH_WEAK_PULLUP                ;        ;                       ;         ; Column I/O ;                 ; no       ; On           ;
; C7       ; 467        ; 8        ; RESERVED_INPUT_WITH_WEAK_PULLUP                ;        ;                       ;         ; Column I/O ;                 ; no       ; On           ;
; C8       ; 465        ; 8        ; RESERVED_INPUT_WITH_WEAK_PULLUP                ;        ;                       ;         ; Column I/O ;                 ; no       ; On           ;
; C9       ; 450        ; 7        ; RESERVED_INPUT_WITH_WEAK_PULLUP                ;        ;                       ;         ; Column I/O ;                 ; no       ; On           ;
; C10      ; 442        ; 7        ; SW[0]                                          ; input  ; 2.5 V                 ;         ; Column I/O ; Y               ; no       ; Off          ;
; C11      ; 440        ; 7        ; SW[1]                                          ; input  ; 2.5 V                 ;         ; Column I/O ; Y               ; no       ; Off          ;
; C12      ; 436        ; 7        ; SW[3]                                          ; input  ; 2.5 V                 ;         ; Column I/O ; Y               ; no       ; Off          ;
; C13      ; 426        ; 7        ; LEDR[5]                                        ; output ; 2.5 V                 ;         ; Column I/O ; Y               ; no       ; Off          ;
; C14      ; 424        ; 7        ; HEX0[0]                                        ; output ; 2.5 V                 ;         ; Column I/O ; Y               ; no       ; Off          ;
; C15      ; 418        ; 7        ; HEX0[2]                                        ; output ; 2.5 V                 ;         ; Column I/O ; Y               ; no       ; Off          ;
; C16      ; 416        ; 7        ; HEX0[3]                                        ; output ; 2.5 V                 ;         ; Column I/O ; Y               ; no       ; Off          ;
; C17      ; 391        ; 7        ; HEX0[6]                                        ; output ; 2.5 V                 ;         ; Column I/O ; Y               ; no       ; Off          ;
; C18      ; 400        ; 7        ; HEX1[0]                                        ; output ; 2.5 V                 ;         ; Column I/O ; Y               ; no       ; Off          ;
; C19      ; 397        ; 7        ; HEX3[3]                                        ; output ; 2.5 V                 ;         ; Column I/O ; Y               ; no       ; Off          ;
; C20      ; 357        ; 6        ; HEX3[4]                                        ; output ; 2.5 V                 ;         ; Row I/O    ; Y               ; no       ; Off          ;
; C21      ; 347        ; 6        ; RESERVED_INPUT_WITH_WEAK_PULLUP                ;        ;                       ;         ; Row I/O    ;                 ; no       ; On           ;
; C22      ; 343        ; 6        ; HEX2[5]                                        ; output ; 2.5 V                 ;         ; Row I/O    ; Y               ; no       ; Off          ;
; D1       ; 35         ; 1B       ; RESERVED_INPUT_WITH_WEAK_PULLUP                ;        ;                       ;         ; Row I/O    ;                 ; no       ; On           ;
; D2       ; 31         ; 1B       ; RESERVED_INPUT_WITH_WEAK_PULLUP                ;        ;                       ;         ; Row I/O    ;                 ; no       ; On           ;
; D3       ; 29         ; 1B       ; RESERVED_INPUT_WITH_WEAK_PULLUP                ;        ;                       ;         ; Row I/O    ;                 ; no       ; On           ;
; D4       ;            ;          ; GND                                            ; gnd    ;                       ;         ; --         ;                 ; --       ; --           ;
; D5       ; 491        ; 8        ; RESERVED_INPUT_WITH_WEAK_PULLUP                ;        ;                       ;         ; Column I/O ;                 ; no       ; On           ;
; D6       ; 496        ; 8        ; RESERVED_INPUT_WITH_WEAK_PULLUP                ;        ;                       ;         ; Column I/O ;                 ; no       ; On           ;
; D7       ; 479        ; 8        ; RESERVED_INPUT_WITH_WEAK_PULLUP                ;        ;                       ;         ; Column I/O ;                 ; --       ; --           ;
; D8       ; 472        ; 8        ; RESERVED_INPUT_WITH_WEAK_PULLUP                ;        ;                       ;         ; Column I/O ;                 ; no       ; On           ;
; D9       ; 474        ; 8        ; RESERVED_INPUT_WITH_WEAK_PULLUP                ;        ;                       ;         ; Column I/O ;                 ; no       ; On           ;
; D10      ; 476        ; 8        ; RESERVED_INPUT_WITH_WEAK_PULLUP                ;        ;                       ;         ; Column I/O ;                 ; no       ; On           ;
; D11      ;            ;          ; GND                                            ; gnd    ;                       ;         ; --         ;                 ; --       ; --           ;
; D12      ; 438        ; 7        ; SW[2]                                          ; input  ; 2.5 V                 ;         ; Column I/O ; Y               ; no       ; Off          ;
; D13      ; 431        ; 7        ; LEDR[4]                                        ; output ; 2.5 V                 ;         ; Column I/O ; Y               ; no       ; Off          ;
; D14      ; 428        ; 7        ; LEDR[7]                                        ; output ; 2.5 V                 ;         ; Column I/O ; Y               ; no       ; Off          ;
; D15      ; 404        ; 7        ; HEX0[7]                                        ; output ; 2.5 V                 ;         ; Column I/O ; Y               ; no       ; Off          ;
; D16      ;            ;          ; GND                                            ; gnd    ;                       ;         ; --         ;                 ; --       ; --           ;
; D17      ; 389        ; 7        ; HEX0[5]                                        ; output ; 2.5 V                 ;         ; Column I/O ; Y               ; no       ; Off          ;
; D18      ; 385        ; 6        ; HEX1[1]                                        ; output ; 2.5 V                 ;         ; Row I/O    ; Y               ; no       ; Off          ;
; D19      ; 359        ; 6        ; HEX3[5]                                        ; output ; 2.5 V                 ;         ; Row I/O    ; Y               ; no       ; Off          ;
; D20      ;            ;          ; GND                                            ; gnd    ;                       ;         ; --         ;                 ; --       ; --           ;
; D21      ; 345        ; 6        ; RESERVED_INPUT_WITH_WEAK_PULLUP                ;        ;                       ;         ; Row I/O    ;                 ; --       ; --           ;
; D22      ; 341        ; 6        ; HEX3[7]                                        ; output ; 2.5 V                 ;         ; Row I/O    ; Y               ; no       ; Off          ;
; E1       ; 41         ; 1B       ; RESERVED_INPUT_WITH_WEAK_PULLUP                ;        ;                       ;         ; Row I/O    ;                 ; no       ; On           ;
; E2       ;            ;          ; GND                                            ; gnd    ;                       ;         ; --         ;                 ; --       ; --           ;
; E3       ; 3          ; 1A       ; RESERVED_INPUT_WITH_WEAK_PULLUP                ;        ;                       ;         ; Row I/O    ;                 ; no       ; On           ;
; E4       ; 1          ; 1A       ; RESERVED_INPUT_WITH_WEAK_PULLUP                ;        ;                       ;         ; Row I/O    ;                 ; no       ; On           ;
; E5       ;            ;          ; NC                                             ;        ;                       ;         ; --         ;                 ; --       ; --           ;
; E6       ; 498        ; 8        ; RESERVED_INPUT_WITH_WEAK_PULLUP                ;        ;                       ;         ; Column I/O ;                 ; no       ; On           ;
; E7       ;            ;          ; GND                                            ; gnd    ;                       ;         ; --         ;                 ; --       ; --           ;
; E8       ; 488        ; 8        ; RESERVED_INPUT_WITH_WEAK_PULLUP                ;        ;                       ;         ; Column I/O ;                 ; no       ; On           ;
; E9       ; 478        ; 8        ; RESERVED_INPUT_WITH_WEAK_PULLUP                ;        ;                       ;         ; Column I/O ;                 ; no       ; On           ;
; E10      ; 466        ; 8        ; RESERVED_INPUT_WITH_WEAK_PULLUP                ;        ;                       ;         ; Column I/O ;                 ; no       ; On           ;
; E11      ; 464        ; 8        ; RESERVED_INPUT_WITH_WEAK_PULLUP                ;        ;                       ;         ; Column I/O ;                 ; no       ; On           ;
; E12      ; 429        ; 7        ; RESERVED_INPUT_WITH_WEAK_PULLUP                ;        ;                       ;         ; Column I/O ;                 ; no       ; On           ;
; E13      ; 430        ; 7        ; RESERVED_INPUT_WITH_WEAK_PULLUP                ;        ;                       ;         ; Column I/O ;                 ; no       ; On           ;
; E14      ; 406        ; 7        ; LEDR[6]                                        ; output ; 2.5 V                 ;         ; Column I/O ; Y               ; no       ; Off          ;
; E15      ; 390        ; 7        ; HEX0[1]                                        ; output ; 2.5 V                 ;         ; Column I/O ; Y               ; no       ; Off          ;
; E16      ; 388        ; 7        ; HEX0[4]                                        ; output ; 2.5 V                 ;         ; Column I/O ; Y               ; no       ; Off          ;
; E17      ; 366        ; 6        ; HEX3[6]                                        ; output ; 2.5 V                 ;         ; Row I/O    ; Y               ; no       ; Off          ;
; E18      ; 387        ; 6        ; HEX1[2]                                        ; output ; 2.5 V                 ;         ; Row I/O    ; Y               ; no       ; Off          ;
; E19      ; 352        ; 6        ; HEX4[2]                                        ; output ; 2.5 V                 ;         ; Row I/O    ; Y               ; no       ; Off          ;
; E20      ; 355        ; 6        ; HEX4[1]                                        ; output ; 2.5 V                 ;         ; Row I/O    ; Y               ; no       ; Off          ;
; E21      ; 335        ; 6        ; HEX3[2]                                        ; output ; 2.5 V                 ;         ; Row I/O    ; Y               ; no       ; Off          ;
; E22      ; 333        ; 6        ; HEX3[1]                                        ; output ; 2.5 V                 ;         ; Row I/O    ; Y               ; no       ; Off          ;
; F1       ; 47         ; 1B       ; RESERVED_INPUT_WITH_WEAK_PULLUP                ;        ;                       ;         ; Row I/O    ;                 ; no       ; On           ;
; F2       ; 43         ; 1B       ; RESERVED_INPUT_WITH_WEAK_PULLUP                ;        ;                       ;         ; Row I/O    ;                 ; no       ; On           ;
; F3       ; 7          ; 1A       ; RESERVED_INPUT_WITH_WEAK_PULLUP                ;        ;                       ;         ; Row I/O    ;                 ; no       ; On           ;
; F4       ; 2          ; 1A       ; RESERVED_INPUT_WITH_WEAK_PULLUP                ;        ;                       ;         ; Row I/O    ;                 ; no       ; On           ;
; F5       ; 0          ; 1A       ; RESERVED_INPUT_WITH_WEAK_PULLUP                ;        ;                       ;         ; Row I/O    ;                 ; no       ; On           ;
; F6       ;            ;          ; NC                                             ;        ;                       ;         ; --         ;                 ; --       ; --           ;
; F7       ; 490        ; 8        ; RESERVED_INPUT_WITH_WEAK_PULLUP                ;        ;                       ;         ; Column I/O ;                 ; no       ; On           ;
; F8       ; 494        ; 8        ; ~ALTERA_CONF_DONE~ / RESERVED_INPUT            ; input  ; 2.5 V Schmitt Trigger ;         ; Column I/O ; N               ; no       ; Off          ;
; F9       ;            ; 8        ; VCCIO8                                         ; power  ;                       ; 2.5V    ; --         ;                 ; --       ; --           ;
; F10      ;            ;          ; GND                                            ; gnd    ;                       ;         ; --         ;                 ; --       ; --           ;
; F11      ;            ; 8        ; VCCIO8                                         ; power  ;                       ; 2.5V    ; --         ;                 ; --       ; --           ;
; F12      ;            ; 7        ; VCCIO7                                         ; power  ;                       ; 2.5V    ; --         ;                 ; --       ; --           ;
; F13      ;            ;          ; GND                                            ; gnd    ;                       ;         ; --         ;                 ; --       ; --           ;
; F14      ;            ; 7        ; VCCIO7                                         ; power  ;                       ; 2.5V    ; --         ;                 ; --       ; --           ;
; F15      ; 398        ; 7        ; SW[9]                                          ; input  ; 2.5 V                 ;         ; Column I/O ; Y               ; no       ; Off          ;
; F16      ; 396        ; 7        ; RESERVED_INPUT_WITH_WEAK_PULLUP                ;        ;                       ;         ; Column I/O ;                 ; no       ; On           ;
; F17      ; 364        ; 6        ; HEX4[7]                                        ; output ; 2.5 V                 ;         ; Row I/O    ; Y               ; no       ; Off          ;
; F18      ; 354        ; 6        ; HEX4[0]                                        ; output ; 2.5 V                 ;         ; Row I/O    ; Y               ; no       ; Off          ;
; F19      ; 353        ; 6        ; HEX4[5]                                        ; output ; 2.5 V                 ;         ; Row I/O    ; Y               ; no       ; Off          ;
; F20      ; 342        ; 6        ; HEX4[6]                                        ; output ; 2.5 V                 ;         ; Row I/O    ; Y               ; no       ; Off          ;
; F21      ; 340        ; 6        ; HEX3[0]                                        ; output ; 2.5 V                 ;         ; Row I/O    ; Y               ; no       ; Off          ;
; F22      ; 331        ; 6        ; DRAM_DQ[15]                                    ; bidir  ; 2.5 V                 ;         ; Row I/O    ; Y               ; no       ; Off          ;
; G1       ; 45         ; 1B       ; RESERVED_INPUT_WITH_WEAK_PULLUP                ;        ;                       ;         ; Row I/O    ;                 ; no       ; On           ;
; G2       ; 34         ; 1B       ; ~ALTERA_TCK~ / RESERVED_INPUT                  ; input  ; 2.5 V Schmitt Trigger ;         ; Row I/O    ; N               ; no       ; Off          ;
; G3       ; 11         ; 1A       ; RESERVED_INPUT_WITH_WEAK_PULLUP                ;        ;                       ;         ; Row I/O    ;                 ; no       ; On           ;
; G4       ; 5          ; 1A       ; RESERVED_INPUT_WITH_WEAK_PULLUP                ;        ;                       ;         ; Row I/O    ;                 ; no       ; On           ;
; G5       ;            ;          ; ANAIN1                                         ;        ;                       ;         ; --         ;                 ; --       ; --           ;
; G6       ;            ;          ; GND                                            ; gnd    ;                       ;         ; --         ;                 ; --       ; --           ;
; G7       ;            ;          ; VCCD_PLL3                                      ; power  ;                       ; 1.2V    ; --         ;                 ; --       ; --           ;
; G8       ;            ;          ; GND                                            ; gnd    ;                       ;         ; --         ;                 ; --       ; --           ;
; G9       ; 492        ; 8        ; ~ALTERA_nSTATUS~ / RESERVED_INPUT              ; input  ; 2.5 V Schmitt Trigger ;         ; Column I/O ; N               ; no       ; Off          ;
; G10      ;            ; 8        ; VCCIO8                                         ; power  ;                       ; 2.5V    ; --         ;                 ; --       ; --           ;
; G11      ;            ; 8        ; VCCIO8                                         ; power  ;                       ; 2.5V    ; --         ;                 ; --       ; --           ;
; G12      ;            ; 7        ; VCCIO7                                         ; power  ;                       ; 2.5V    ; --         ;                 ; --       ; --           ;
; G13      ;            ; 7        ; VCCIO7                                         ; power  ;                       ; 2.5V    ; --         ;                 ; --       ; --           ;
; G14      ;            ; 7        ; VCCIO7                                         ; power  ;                       ; 2.5V    ; --         ;                 ; --       ; --           ;
; G15      ;            ;          ; GND                                            ; gnd    ;                       ;         ; --         ;                 ; --       ; --           ;
; G16      ;            ;          ; VCCD_PLL2                                      ; power  ;                       ; 1.2V    ; --         ;                 ; --       ; --           ;
; G17      ; 386        ; 6        ; RESERVED_INPUT_WITH_WEAK_PULLUP                ;        ;                       ;         ; Row I/O    ;                 ; no       ; On           ;
; G18      ;            ;          ; GND                                            ; gnd    ;                       ;         ; --         ;                 ; --       ; --           ;
; G19      ; 330        ; 6        ; DRAM_DQ[14]                                    ; bidir  ; 2.5 V                 ;         ; Row I/O    ; Y               ; no       ; Off          ;
; G20      ; 328        ; 6        ; DRAM_DQ[13]                                    ; bidir  ; 2.5 V                 ;         ; Row I/O    ; Y               ; no       ; Off          ;
; G21      ;            ;          ; GND                                            ; gnd    ;                       ;         ; --         ;                 ; --       ; --           ;
; G22      ; 329        ; 6        ; DRAM_DQ[12]                                    ; bidir  ; 2.5 V                 ;         ; Row I/O    ; Y               ; no       ; Off          ;
; H1       ; 44         ; 1B       ; RESERVED_INPUT_WITH_WEAK_PULLUP                ;        ;                       ;         ; Row I/O    ;                 ; no       ; On           ;
; H2       ; 32         ; 1B       ; ~ALTERA_TMS~ / RESERVED_INPUT_WITH_WEAK_PULLUP ; input  ; 2.5 V Schmitt Trigger ;         ; Row I/O    ; N               ; no       ; On           ;
; H3       ; 10         ; 1A       ; RESERVED_INPUT_WITH_WEAK_PULLUP                ;        ;                       ;         ; Row I/O    ;                 ; no       ; On           ;
; H4       ; 9          ; 1A       ; RESERVED_INPUT_WITH_WEAK_PULLUP                ;        ;                       ;         ; Row I/O    ;                 ; no       ; On           ;
; H5       ;            ;          ; REFGND                                         ;        ;                       ;         ; --         ;                 ; --       ; --           ;
; H6       ;            ;          ; ADC_VREF                                       ;        ;                       ;         ; --         ;                 ; --       ; --           ;
; H7       ;            ; --       ; VCCA_ADC                                       ; power  ;                       ; 2.5V    ; --         ;                 ; --       ; --           ;
; H8       ;            ; --       ; VCCA3                                          ; power  ;                       ; 2.5V    ; --         ;                 ; --       ; --           ;
; H9       ; 482        ; 8        ; ~ALTERA_nCONFIG~ / RESERVED_INPUT              ; input  ; 2.5 V Schmitt Trigger ;         ; Column I/O ; N               ; no       ; Off          ;
; H10      ; 480        ; 8        ; ~ALTERA_CONFIG_SEL~ / RESERVED_INPUT           ; input  ; 2.5 V                 ;         ; Column I/O ; N               ; no       ; Off          ;
; H11      ; 470        ; 8        ; RESERVED_INPUT_WITH_WEAK_PULLUP                ;        ;                       ;         ; Column I/O ;                 ; no       ; On           ;
; H12      ; 444        ; 7        ; RESERVED_INPUT_WITH_WEAK_PULLUP                ;        ;                       ;         ; Column I/O ;                 ; no       ; On           ;
; H13      ; 432        ; 7        ; RESERVED_INPUT_WITH_WEAK_PULLUP                ;        ;                       ;         ; Column I/O ;                 ; no       ; On           ;
; H14      ; 420        ; 7        ; RESERVED_INPUT_WITH_WEAK_PULLUP                ;        ;                       ;         ; Column I/O ;                 ; no       ; On           ;
; H15      ;            ; --       ; VCCA2                                          ; power  ;                       ; 2.5V    ; --         ;                 ; --       ; --           ;
; H16      ;            ; 6        ; VCCIO6                                         ; power  ;                       ; 2.5V    ; --         ;                 ; --       ; --           ;
; H17      ; 384        ; 6        ; RESERVED_INPUT_WITH_WEAK_PULLUP                ;        ;                       ;         ; Row I/O    ;                 ; no       ; On           ;
; H18      ; 374        ; 6        ; RESERVED_INPUT_WITH_WEAK_PULLUP                ;        ;                       ;         ; Row I/O    ;                 ; no       ; On           ;
; H19      ; 372        ; 6        ; HEX4[4]                                        ; output ; 2.5 V                 ;         ; Row I/O    ; Y               ; no       ; Off          ;
; H20      ; 375        ; 6        ; RESERVED_INPUT_WITH_WEAK_PULLUP                ;        ;                       ;         ; Row I/O    ;                 ; no       ; On           ;
; H21      ; 323        ; 6        ; DRAM_DQ[10]                                    ; bidir  ; 2.5 V                 ;         ; Row I/O    ; Y               ; no       ; Off          ;
; H22      ; 321        ; 6        ; DRAM_DQ[11]                                    ; bidir  ; 2.5 V                 ;         ; Row I/O    ; Y               ; no       ; Off          ;
; J1       ; 46         ; 1B       ; RESERVED_INPUT_WITH_WEAK_PULLUP                ;        ;                       ;         ; Row I/O    ;                 ; no       ; On           ;
; J2       ;            ;          ; GND                                            ; gnd    ;                       ;         ; --         ;                 ; --       ; --           ;
; J3       ; 15         ; 1A       ; RESERVED_INPUT_WITH_WEAK_PULLUP                ;        ;                       ;         ; Row I/O    ;                 ; no       ; On           ;
; J4       ; 8          ; 1A       ; RESERVED_INPUT_WITH_WEAK_PULLUP                ;        ;                       ;         ; Row I/O    ;                 ; no       ; On           ;
; J5       ;            ;          ; ANAIN2                                         ;        ;                       ;         ; --         ;                 ; --       ; --           ;
; J6       ;            ;          ; GND                                            ; gnd    ;                       ;         ; --         ;                 ; --       ; --           ;
; J7       ;            ;          ; VCCINT                                         ; power  ;                       ; 1.2V    ; --         ;                 ; --       ; --           ;
; J8       ; 4          ; 1A       ; RESERVED_INPUT_WITH_WEAK_PULLUP                ;        ;                       ;         ; Row I/O    ;                 ; no       ; On           ;
; J9       ; 6          ; 1A       ; RESERVED_INPUT_WITH_WEAK_PULLUP                ;        ;                       ;         ; Row I/O    ;                 ; no       ; On           ;
; J10      ; 468        ; 8        ; RESERVED_INPUT_WITH_WEAK_PULLUP                ;        ;                       ;         ; Column I/O ;                 ; no       ; On           ;
; J11      ; 446        ; 7        ; RESERVED_INPUT_WITH_WEAK_PULLUP                ;        ;                       ;         ; Column I/O ;                 ; no       ; On           ;
; J12      ; 434        ; 7        ; RESERVED_INPUT_WITH_WEAK_PULLUP                ;        ;                       ;         ; Column I/O ;                 ; no       ; On           ;
; J13      ; 422        ; 7        ; RESERVED_INPUT_WITH_WEAK_PULLUP                ;        ;                       ;         ; Column I/O ;                 ; no       ; On           ;
; J14      ; 368        ; 6        ; RESERVED_INPUT_WITH_WEAK_PULLUP                ;        ;                       ;         ; Row I/O    ;                 ; no       ; On           ;
; J15      ; 370        ; 6        ; RESERVED_INPUT_WITH_WEAK_PULLUP                ;        ;                       ;         ; Row I/O    ;                 ; no       ; On           ;
; J16      ;            ;          ; GND                                            ; gnd    ;                       ;         ; --         ;                 ; --       ; --           ;
; J17      ;            ; 6        ; VCCIO6                                         ; power  ;                       ; 2.5V    ; --         ;                 ; --       ; --           ;
; J18      ; 362        ; 6        ; HEX4[3]                                        ; output ; 2.5 V                 ;         ; Row I/O    ; Y               ; no       ; Off          ;
; J19      ;            ;          ; GND                                            ; gnd    ;                       ;         ; --         ;                 ; --       ; --           ;
; J20      ; 373        ; 6        ; RESERVED_INPUT_WITH_WEAK_PULLUP                ;        ;                       ;         ; Row I/O    ;                 ; no       ; On           ;
; J21      ; 327        ; 6        ; DRAM_UDQM                                      ; output ; 2.5 V                 ;         ; Row I/O    ; Y               ; no       ; Off          ;
; J22      ; 325        ; 6        ; DRAM_DQ[9]                                     ; bidir  ; 2.5 V                 ;         ; Row I/O    ; Y               ; no       ; Off          ;
; K1       ; 49         ; 1B       ; RESERVED_INPUT_WITH_WEAK_PULLUP                ;        ;                       ;         ; Row I/O    ;                 ; no       ; On           ;
; K2       ; 37         ; 1B       ; RESERVED_INPUT_WITH_WEAK_PULLUP                ;        ;                       ;         ; Row I/O    ;                 ; no       ; On           ;
; K3       ;            ;          ; GND                                            ; gnd    ;                       ;         ; --         ;                 ; --       ; --           ;
; K4       ; 13         ; 1A       ; RESERVED_INPUT_WITH_WEAK_PULLUP                ;        ;                       ;         ; Row I/O    ;                 ; no       ; On           ;
; K5       ; 12         ; 1A       ; RESERVED_INPUT_WITH_WEAK_PULLUP                ;        ;                       ;         ; Row I/O    ;                 ; no       ; On           ;
; K6       ; 14         ; 1A       ; RESERVED_INPUT_WITH_WEAK_PULLUP                ;        ;                       ;         ; Row I/O    ;                 ; no       ; On           ;
; K7       ;            ; 1A       ; VCCIO1A                                        ; power  ;                       ; 2.5V    ; --         ;                 ; --       ; --           ;
; K8       ; 28         ; 1B       ; RESERVED_INPUT_WITH_WEAK_PULLUP                ;        ;                       ;         ; Row I/O    ;                 ; no       ; On           ;
; K9       ; 30         ; 1B       ; RESERVED_INPUT_WITH_WEAK_PULLUP                ;        ;                       ;         ; Row I/O    ;                 ; no       ; On           ;
; K10      ;            ;          ; GND                                            ; gnd    ;                       ;         ; --         ;                 ; --       ; --           ;
; K11      ;            ; --       ; VCC                                            ; power  ;                       ; 1.2V    ; --         ;                 ; --       ; --           ;
; K12      ;            ;          ; GND                                            ; gnd    ;                       ;         ; --         ;                 ; --       ; --           ;
; K13      ;            ; --       ; VCC                                            ; power  ;                       ; 1.2V    ; --         ;                 ; --       ; --           ;
; K14      ; 356        ; 6        ; RESERVED_INPUT_WITH_WEAK_PULLUP                ;        ;                       ;         ; Row I/O    ;                 ; no       ; On           ;
; K15      ; 358        ; 6        ; RESERVED_INPUT_WITH_WEAK_PULLUP                ;        ;                       ;         ; Row I/O    ;                 ; no       ; On           ;
; K16      ;            ; 6        ; VCCIO6                                         ; power  ;                       ; 2.5V    ; --         ;                 ; --       ; --           ;
; K17      ;            ; 6        ; VCCIO6                                         ; power  ;                       ; 2.5V    ; --         ;                 ; --       ; --           ;
; K18      ; 360        ; 6        ; RESERVED_INPUT_WITH_WEAK_PULLUP                ;        ;                       ;         ; Row I/O    ;                 ; no       ; On           ;
; K19      ; 361        ; 6        ; RESERVED_INPUT_WITH_WEAK_PULLUP                ;        ;                       ;         ; Row I/O    ;                 ; no       ; On           ;
; K20      ; 363        ; 6        ; RESERVED_INPUT_WITH_WEAK_PULLUP                ;        ;                       ;         ; Row I/O    ;                 ; no       ; On           ;
; K21      ; 326        ; 6        ; RESERVED_INPUT_WITH_WEAK_PULLUP                ;        ;                       ;         ; Row I/O    ;                 ; no       ; On           ;
; K22      ; 324        ; 6        ; RESERVED_INPUT_WITH_WEAK_PULLUP                ;        ;                       ;         ; Row I/O    ;                 ; no       ; On           ;
; L1       ; 51         ; 1B       ; RESERVED_INPUT_WITH_WEAK_PULLUP                ;        ;                       ;         ; Row I/O    ;                 ; no       ; On           ;
; L2       ; 39         ; 1B       ; RESERVED_INPUT_WITH_WEAK_PULLUP                ;        ;                       ;         ; Row I/O    ;                 ; no       ; On           ;
; L3       ;            ;          ; DNU                                            ;        ;                       ;         ; --         ;                 ; --       ; --           ;
; L4       ; 36         ; 1B       ; ~ALTERA_TDI~ / RESERVED_INPUT_WITH_WEAK_PULLUP ; input  ; 2.5 V Schmitt Trigger ;         ; Row I/O    ; N               ; no       ; On           ;
; L5       ;            ;          ; GND                                            ; gnd    ;                       ;         ; --         ;                 ; --       ; --           ;
; L6       ;            ; 1A       ; VCCIO1A                                        ; power  ;                       ; 2.5V    ; --         ;                 ; --       ; --           ;
; L7       ;            ; 1B       ; VCCIO1B                                        ; power  ;                       ; 2.5V    ; --         ;                 ; --       ; --           ;
; L8       ; 40         ; 1B       ; RESERVED_INPUT_WITH_WEAK_PULLUP                ;        ;                       ;         ; Row I/O    ;                 ; no       ; On           ;
; L9       ; 42         ; 1B       ; RESERVED_INPUT_WITH_WEAK_PULLUP                ;        ;                       ;         ; Row I/O    ;                 ; no       ; On           ;
; L10      ;            ; --       ; VCC                                            ; power  ;                       ; 1.2V    ; --         ;                 ; --       ; --           ;
; L11      ;            ; --       ; VCC                                            ; power  ;                       ; 1.2V    ; --         ;                 ; --       ; --           ;
; L12      ;            ; --       ; VCC                                            ; power  ;                       ; 1.2V    ; --         ;                 ; --       ; --           ;
; L13      ;            ;          ; GND                                            ; gnd    ;                       ;         ; --         ;                 ; --       ; --           ;
; L14      ; 344        ; 6        ; DRAM_CLK                                       ; output ; 2.5 V                 ;         ; Row I/O    ; Y               ; no       ; Off          ;
; L15      ; 346        ; 6        ; RESERVED_INPUT_WITH_WEAK_PULLUP                ;        ;                       ;         ; Row I/O    ;                 ; no       ; On           ;
; L16      ;            ; 6        ; VCCIO6                                         ; power  ;                       ; 2.5V    ; --         ;                 ; --       ; --           ;
; L17      ;            ;          ; GND                                            ; gnd    ;                       ;         ; --         ;                 ; --       ; --           ;
; L18      ; 350        ; 6        ; RESERVED_INPUT_WITH_WEAK_PULLUP                ;        ;                       ;         ; Row I/O    ;                 ; no       ; On           ;
; L19      ; 349        ; 6        ; RESERVED_INPUT_WITH_WEAK_PULLUP                ;        ;                       ;         ; Row I/O    ;                 ; no       ; On           ;
; L20      ; 351        ; 6        ; RESERVED_INPUT_WITH_WEAK_PULLUP                ;        ;                       ;         ; Row I/O    ;                 ; no       ; On           ;
; L21      ;            ;          ; GND                                            ; gnd    ;                       ;         ; --         ;                 ; --       ; --           ;
; L22      ; 314        ; 5        ; RESERVED_INPUT_WITH_WEAK_PULLUP                ;        ;                       ;         ; Row I/O    ;                 ; no       ; On           ;
; M1       ; 79         ; 2        ; RESERVED_INPUT_WITH_WEAK_PULLUP                ;        ;                       ;         ; Row I/O    ;                 ; no       ; On           ;
; M2       ; 77         ; 2        ; RESERVED_INPUT_WITH_WEAK_PULLUP                ;        ;                       ;         ; Row I/O    ;                 ; --       ; --           ;
; M3       ; 50         ; 1B       ; RESERVED_INPUT_WITH_WEAK_PULLUP                ;        ;                       ;         ; Row I/O    ;                 ; no       ; On           ;
; M4       ; 48         ; 1B       ; RESERVED_INPUT_WITH_WEAK_PULLUP                ;        ;                       ;         ; Row I/O    ;                 ; no       ; On           ;
; M5       ; 38         ; 1B       ; ~ALTERA_TDO~                                   ; output ; 2.5 V                 ;         ; Row I/O    ; N               ; no       ; Off          ;
; M6       ;            ; 1B       ; VCCIO1B                                        ; power  ;                       ; 2.5V    ; --         ;                 ; --       ; --           ;
; M7       ;            ;          ; GND                                            ; gnd    ;                       ;         ; --         ;                 ; --       ; --           ;
; M8       ; 72         ; 2        ; RESERVED_INPUT_WITH_WEAK_PULLUP                ;        ;                       ;         ; Row I/O    ;                 ; no       ; On           ;
; M9       ; 74         ; 2        ; RESERVED_INPUT_WITH_WEAK_PULLUP                ;        ;                       ;         ; Row I/O    ;                 ; no       ; On           ;
; M10      ;            ;          ; GND                                            ; gnd    ;                       ;         ; --         ;                 ; --       ; --           ;
; M11      ;            ; --       ; VCC                                            ; power  ;                       ; 1.2V    ; --         ;                 ; --       ; --           ;
; M12      ;            ; --       ; VCC                                            ; power  ;                       ; 1.2V    ; --         ;                 ; --       ; --           ;
; M13      ;            ; --       ; VCC                                            ; power  ;                       ; 1.2V    ; --         ;                 ; --       ; --           ;
; M14      ; 334        ; 6        ; RESERVED_INPUT_WITH_WEAK_PULLUP                ;        ;                       ;         ; Row I/O    ;                 ; no       ; On           ;
; M15      ; 332        ; 6        ; RESERVED_INPUT_WITH_WEAK_PULLUP                ;        ;                       ;         ; Row I/O    ;                 ; no       ; On           ;
; M16      ;            ;          ; GND                                            ; gnd    ;                       ;         ; --         ;                 ; --       ; --           ;
; M17      ;            ; 6        ; VCCIO6                                         ; power  ;                       ; 2.5V    ; --         ;                 ; --       ; --           ;
; M18      ; 348        ; 6        ; RESERVED_INPUT_WITH_WEAK_PULLUP                ;        ;                       ;         ; Row I/O    ;                 ; no       ; On           ;
; M19      ;            ;          ; GND                                            ; gnd    ;                       ;         ; --         ;                 ; --       ; --           ;
; M20      ; 337        ; 6        ; RESERVED_INPUT_WITH_WEAK_PULLUP                ;        ;                       ;         ; Row I/O    ;                 ; no       ; On           ;
; M21      ; 312        ; 5        ; RESERVED_INPUT_WITH_WEAK_PULLUP                ;        ;                       ;         ; Row I/O    ;                 ; no       ; On           ;
; M22      ; 315        ; 5        ; RESERVED_INPUT_WITH_WEAK_PULLUP                ;        ;                       ;         ; Row I/O    ;                 ; no       ; On           ;
; N1       ; 87         ; 2        ; RESERVED_INPUT_WITH_WEAK_PULLUP                ;        ;                       ;         ; Row I/O    ;                 ; no       ; On           ;
; N2       ; 75         ; 2        ; RESERVED_INPUT_WITH_WEAK_PULLUP                ;        ;                       ;         ; Row I/O    ;                 ; no       ; On           ;
; N3       ; 73         ; 2        ; RESERVED_INPUT_WITH_WEAK_PULLUP                ;        ;                       ;         ; Row I/O    ;                 ; no       ; On           ;
; N4       ; 56         ; 2        ; RESERVED_INPUT_WITH_WEAK_PULLUP                ;        ;                       ;         ; Row I/O    ;                 ; no       ; On           ;
; N5       ; 58         ; 2        ; RESERVED_INPUT_WITH_WEAK_PULLUP                ;        ;                       ;         ; Row I/O    ;                 ; no       ; On           ;
; N6       ;            ; 2        ; VCCIO2                                         ; power  ;                       ; 2.5V    ; --         ;                 ; --       ; --           ;
; N7       ;            ; 2        ; VCCIO2                                         ; power  ;                       ; 2.5V    ; --         ;                 ; --       ; --           ;
; N8       ; 84         ; 2        ; RESERVED_INPUT_WITH_WEAK_PULLUP                ;        ;                       ;         ; Row I/O    ;                 ; no       ; On           ;
; N9       ; 86         ; 2        ; RESERVED_INPUT_WITH_WEAK_PULLUP                ;        ;                       ;         ; Row I/O    ;                 ; no       ; On           ;
; N10      ;            ; --       ; VCC                                            ; power  ;                       ; 1.2V    ; --         ;                 ; --       ; --           ;
; N11      ;            ;          ; GND                                            ; gnd    ;                       ;         ; --         ;                 ; --       ; --           ;
; N12      ;            ; --       ; VCC                                            ; power  ;                       ; 1.2V    ; --         ;                 ; --       ; --           ;
; N13      ;            ;          ; GND                                            ; gnd    ;                       ;         ; --         ;                 ; --       ; --           ;
; N14      ; 320        ; 6        ; RESERVED_INPUT_WITH_WEAK_PULLUP                ;        ;                       ;         ; Row I/O    ;                 ; no       ; On           ;
; N15      ; 322        ; 6        ; RESERVED_INPUT_WITH_WEAK_PULLUP                ;        ;                       ;         ; Row I/O    ;                 ; no       ; On           ;
; N16      ;            ; 5        ; VCCIO5                                         ; power  ;                       ; 2.5V    ; --         ;                 ; --       ; --           ;
; N17      ;            ; 6        ; VCCIO6                                         ; power  ;                       ; 2.5V    ; --         ;                 ; --       ; --           ;
; N18      ; 336        ; 6        ; RESERVED_INPUT_WITH_WEAK_PULLUP                ;        ;                       ;         ; Row I/O    ;                 ; no       ; On           ;
; N19      ; 338        ; 6        ; RESERVED_INPUT_WITH_WEAK_PULLUP                ;        ;                       ;         ; Row I/O    ;                 ; no       ; On           ;
; N20      ; 339        ; 6        ; RESERVED_INPUT_WITH_WEAK_PULLUP                ;        ;                       ;         ; Row I/O    ;                 ; no       ; On           ;
; N21      ; 313        ; 5        ; RESERVED_INPUT_WITH_WEAK_PULLUP                ;        ;                       ;         ; Row I/O    ;                 ; no       ; On           ;
; N22      ; 307        ; 5        ; DRAM_CKE                                       ; output ; 2.5 V                 ;         ; Row I/O    ; Y               ; no       ; Off          ;
; P1       ; 85         ; 2        ; RESERVED_INPUT_WITH_WEAK_PULLUP                ;        ;                       ;         ; Row I/O    ;                 ; no       ; On           ;
; P2       ;            ;          ; GND                                            ; gnd    ;                       ;         ; --         ;                 ; --       ; --           ;
; P3       ; 76         ; 2        ; RESERVED_INPUT_WITH_WEAK_PULLUP                ;        ;                       ;         ; Row I/O    ;                 ; no       ; On           ;
; P4       ; 57         ; 2        ; RESERVED_INPUT_WITH_WEAK_PULLUP                ;        ;                       ;         ; Row I/O    ;                 ; no       ; On           ;
; P5       ; 59         ; 2        ; RESERVED_INPUT_WITH_WEAK_PULLUP                ;        ;                       ;         ; Row I/O    ;                 ; no       ; On           ;
; P6       ;            ;          ; GND                                            ; gnd    ;                       ;         ; --         ;                 ; --       ; --           ;
; P7       ;            ; 2        ; VCCIO2                                         ; power  ;                       ; 2.5V    ; --         ;                 ; --       ; --           ;
; P8       ; 96         ; 2        ; RESERVED_INPUT_WITH_WEAK_PULLUP                ;        ;                       ;         ; Row I/O    ;                 ; no       ; On           ;
; P9       ; 142        ; 3        ; RESERVED_INPUT_WITH_WEAK_PULLUP                ;        ;                       ;         ; Column I/O ;                 ; no       ; On           ;
; P10      ; 154        ; 3        ; RESERVED_INPUT_WITH_WEAK_PULLUP                ;        ;                       ;         ; Column I/O ;                 ; no       ; On           ;
; P11      ; 166        ; 3        ; MAX10_CLK1_50                                  ; input  ; 2.5 V                 ;         ; Column I/O ; Y               ; no       ; Off          ;
; P12      ; 178        ; 4        ; RESERVED_INPUT_WITH_WEAK_PULLUP                ;        ;                       ;         ; Column I/O ;                 ; no       ; On           ;
; P13      ; 198        ; 4        ; RESERVED_INPUT_WITH_WEAK_PULLUP                ;        ;                       ;         ; Column I/O ;                 ; no       ; On           ;
; P14      ; 306        ; 5        ; RESERVED_INPUT_WITH_WEAK_PULLUP                ;        ;                       ;         ; Row I/O    ;                 ; no       ; On           ;
; P15      ; 304        ; 5        ; RESERVED_INPUT_WITH_WEAK_PULLUP                ;        ;                       ;         ; Row I/O    ;                 ; no       ; On           ;
; P16      ;            ; 5        ; VCCIO5                                         ; power  ;                       ; 2.5V    ; --         ;                 ; --       ; --           ;
; P17      ;            ;          ; GND                                            ; gnd    ;                       ;         ; --         ;                 ; --       ; --           ;
; P18      ; 310        ; 5        ; DRAM_ADDR[8]                                   ; output ; 2.5 V                 ;         ; Row I/O    ; Y               ; no       ; Off          ;
; P19      ; 309        ; 5        ; DRAM_ADDR[9]                                   ; output ; 2.5 V                 ;         ; Row I/O    ; Y               ; no       ; Off          ;
; P20      ; 311        ; 5        ; DRAM_ADDR[11]                                  ; output ; 2.5 V                 ;         ; Row I/O    ; Y               ; no       ; Off          ;
; P21      ; 305        ; 5        ; DRAM_DQ[8]                                     ; bidir  ; 2.5 V                 ;         ; Row I/O    ; Y               ; no       ; Off          ;
; P22      ; 303        ; 5        ; RESERVED_INPUT_WITH_WEAK_PULLUP                ;        ;                       ;         ; Row I/O    ;                 ; --       ; --           ;
; R1       ; 121        ; 2        ; RESERVED_INPUT_WITH_WEAK_PULLUP                ;        ;                       ;         ; Row I/O    ;                 ; no       ; On           ;
; R2       ; 123        ; 2        ; RESERVED_INPUT_WITH_WEAK_PULLUP                ;        ;                       ;         ; Row I/O    ;                 ; no       ; On           ;
; R3       ; 78         ; 2        ; RESERVED_INPUT_WITH_WEAK_PULLUP                ;        ;                       ;         ; Row I/O    ;                 ; no       ; On           ;
; R4       ; 80         ; 2        ; RESERVED_INPUT_WITH_WEAK_PULLUP                ;        ;                       ;         ; Row I/O    ;                 ; no       ; On           ;
; R5       ; 82         ; 2        ; RESERVED_INPUT_WITH_WEAK_PULLUP                ;        ;                       ;         ; Row I/O    ;                 ; no       ; On           ;
; R6       ;            ; 2        ; VCCIO2                                         ; power  ;                       ; 2.5V    ; --         ;                 ; --       ; --           ;
; R7       ; 98         ; 2        ; RESERVED_INPUT_WITH_WEAK_PULLUP                ;        ;                       ;         ; Row I/O    ;                 ; no       ; On           ;
; R8       ;            ; --       ; VCCA1                                          ; power  ;                       ; 2.5V    ; --         ;                 ; --       ; --           ;
; R9       ; 140        ; 3        ; RESERVED_INPUT_WITH_WEAK_PULLUP                ;        ;                       ;         ; Column I/O ;                 ; no       ; On           ;
; R10      ; 152        ; 3        ; RESERVED_INPUT_WITH_WEAK_PULLUP                ;        ;                       ;         ; Column I/O ;                 ; no       ; On           ;
; R11      ; 164        ; 3        ; RESERVED_INPUT_WITH_WEAK_PULLUP                ;        ;                       ;         ; Column I/O ;                 ; no       ; On           ;
; R12      ; 176        ; 4        ; RESERVED_INPUT_WITH_WEAK_PULLUP                ;        ;                       ;         ; Column I/O ;                 ; no       ; On           ;
; R13      ; 196        ; 4        ; RESERVED_INPUT_WITH_WEAK_PULLUP                ;        ;                       ;         ; Column I/O ;                 ; no       ; On           ;
; R14      ; 294        ; 5        ; RESERVED_INPUT_WITH_WEAK_PULLUP                ;        ;                       ;         ; Row I/O    ;                 ; no       ; On           ;
; R15      ; 292        ; 5        ; RESERVED_INPUT_WITH_WEAK_PULLUP                ;        ;                       ;         ; Row I/O    ;                 ; no       ; On           ;
; R16      ;            ; 5        ; VCCIO5                                         ; power  ;                       ; 2.5V    ; --         ;                 ; --       ; --           ;
; R17      ;            ; 5        ; VCCIO5                                         ; power  ;                       ; 2.5V    ; --         ;                 ; --       ; --           ;
; R18      ; 308        ; 5        ; DRAM_ADDR[7]                                   ; output ; 2.5 V                 ;         ; Row I/O    ; Y               ; no       ; Off          ;
; R19      ;            ;          ; GND                                            ; gnd    ;                       ;         ; --         ;                 ; --       ; --           ;
; R20      ; 299        ; 5        ; DRAM_ADDR[12]                                  ; output ; 2.5 V                 ;         ; Row I/O    ; Y               ; no       ; Off          ;
; R21      ;            ;          ; GND                                            ; gnd    ;                       ;         ; --         ;                 ; --       ; --           ;
; R22      ; 301        ; 5        ; RESERVED_INPUT_WITH_WEAK_PULLUP                ;        ;                       ;         ; Row I/O    ;                 ; no       ; On           ;
; T1       ; 81         ; 2        ; RESERVED_INPUT_WITH_WEAK_PULLUP                ;        ;                       ;         ; Row I/O    ;                 ; no       ; On           ;
; T2       ; 83         ; 2        ; RESERVED_INPUT_WITH_WEAK_PULLUP                ;        ;                       ;         ; Row I/O    ;                 ; no       ; On           ;
; T3       ; 88         ; 2        ; RESERVED_INPUT_WITH_WEAK_PULLUP                ;        ;                       ;         ; Row I/O    ;                 ; no       ; On           ;
; T4       ;            ;          ; GND                                            ; gnd    ;                       ;         ; --         ;                 ; --       ; --           ;
; T5       ; 120        ; 2        ; RESERVED_INPUT_WITH_WEAK_PULLUP                ;        ;                       ;         ; Row I/O    ;                 ; no       ; On           ;
; T6       ; 122        ; 2        ; RESERVED_INPUT_WITH_WEAK_PULLUP                ;        ;                       ;         ; Row I/O    ;                 ; no       ; On           ;
; T7       ;            ;          ; VCCD_PLL1                                      ; power  ;                       ; 1.2V    ; --         ;                 ; --       ; --           ;
; T8       ;            ;          ; GND                                            ; gnd    ;                       ;         ; --         ;                 ; --       ; --           ;
; T9       ;            ; 3        ; VCCIO3                                         ; power  ;                       ; 2.5V    ; --         ;                 ; --       ; --           ;
; T10      ;            ; 3        ; VCCIO3                                         ; power  ;                       ; 2.5V    ; --         ;                 ; --       ; --           ;
; T11      ;            ; 3        ; VCCIO3                                         ; power  ;                       ; 2.5V    ; --         ;                 ; --       ; --           ;
; T12      ;            ; 4        ; VCCIO4                                         ; power  ;                       ; 2.5V    ; --         ;                 ; --       ; --           ;
; T13      ;            ; 4        ; VCCIO4                                         ; power  ;                       ; 2.5V    ; --         ;                 ; --       ; --           ;
; T14      ;            ;          ; GND                                            ; gnd    ;                       ;         ; --         ;                 ; --       ; --           ;
; T15      ;            ; --       ; VCCA4                                          ; power  ;                       ; 2.5V    ; --         ;                 ; --       ; --           ;
; T16      ;            ;          ; GND                                            ; gnd    ;                       ;         ; --         ;                 ; --       ; --           ;
; T17      ;            ; 5        ; VCCIO5                                         ; power  ;                       ; 2.5V    ; --         ;                 ; --       ; --           ;
; T18      ; 298        ; 5        ; DRAM_ADDR[5]                                   ; output ; 2.5 V                 ;         ; Row I/O    ; Y               ; no       ; Off          ;
; T19      ; 296        ; 5        ; DRAM_ADDR[6]                                   ; output ; 2.5 V                 ;         ; Row I/O    ; Y               ; no       ; Off          ;
; T20      ; 297        ; 5        ; DRAM_ADDR[10]                                  ; output ; 2.5 V                 ;         ; Row I/O    ; Y               ; no       ; Off          ;
; T21      ; 293        ; 5        ; DRAM_BA[0]                                     ; output ; 2.5 V                 ;         ; Row I/O    ; Y               ; no       ; Off          ;
; T22      ; 295        ; 5        ; DRAM_BA[1]                                     ; output ; 2.5 V                 ;         ; Row I/O    ; Y               ; no       ; Off          ;
; U1       ; 89         ; 2        ; RESERVED_INPUT_WITH_WEAK_PULLUP                ;        ;                       ;         ; Row I/O    ;                 ; no       ; On           ;
; U2       ; 90         ; 2        ; RESERVED_INPUT_WITH_WEAK_PULLUP                ;        ;                       ;         ; Row I/O    ;                 ; no       ; On           ;
; U3       ; 93         ; 2        ; RESERVED_INPUT_WITH_WEAK_PULLUP                ;        ;                       ;         ; Row I/O    ;                 ; no       ; On           ;
; U4       ; 92         ; 2        ; RESERVED_INPUT_WITH_WEAK_PULLUP                ;        ;                       ;         ; Row I/O    ;                 ; no       ; On           ;
; U5       ; 94         ; 2        ; RESERVED_INPUT_WITH_WEAK_PULLUP                ;        ;                       ;         ; Row I/O    ;                 ; no       ; On           ;
; U6       ; 128        ; 3        ; RESERVED_INPUT_WITH_WEAK_PULLUP                ;        ;                       ;         ; Column I/O ;                 ; no       ; On           ;
; U7       ; 130        ; 3        ; RESERVED_INPUT_WITH_WEAK_PULLUP                ;        ;                       ;         ; Column I/O ;                 ; no       ; On           ;
; U8       ;            ; 3        ; VCCIO3                                         ; power  ;                       ; 2.5V    ; --         ;                 ; --       ; --           ;
; U9       ;            ; 3        ; VCCIO3                                         ; power  ;                       ; 2.5V    ; --         ;                 ; --       ; --           ;
; U10      ;            ;          ; GND                                            ; gnd    ;                       ;         ; --         ;                 ; --       ; --           ;
; U11      ;            ; 4        ; VCCIO4                                         ; power  ;                       ; 2.5V    ; --         ;                 ; --       ; --           ;
; U12      ;            ; 4        ; VCCIO4                                         ; power  ;                       ; 2.5V    ; --         ;                 ; --       ; --           ;
; U13      ;            ;          ; GND                                            ; gnd    ;                       ;         ; --         ;                 ; --       ; --           ;
; U14      ;            ; 4        ; VCCIO4                                         ; power  ;                       ; 2.5V    ; --         ;                 ; --       ; --           ;
; U15      ; 208        ; 4        ; RESERVED_INPUT_WITH_WEAK_PULLUP                ;        ;                       ;         ; Column I/O ;                 ; no       ; On           ;
; U16      ;            ;          ; VCCD_PLL4                                      ; power  ;                       ; 1.2V    ; --         ;                 ; --       ; --           ;
; U17      ; 246        ; 5        ; DRAM_ADDR[0]                                   ; output ; 2.5 V                 ;         ; Row I/O    ; Y               ; no       ; Off          ;
; U18      ; 244        ; 5        ; DRAM_ADDR[3]                                   ; output ; 2.5 V                 ;         ; Row I/O    ; Y               ; no       ; Off          ;
; U19      ; 282        ; 5        ; DRAM_ADDR[4]                                   ; output ; 2.5 V                 ;         ; Row I/O    ; Y               ; no       ; Off          ;
; U20      ; 290        ; 5        ; DRAM_CS_N                                      ; output ; 2.5 V                 ;         ; Row I/O    ; Y               ; no       ; Off          ;
; U21      ; 300        ; 5        ; DRAM_CAS_N                                     ; output ; 2.5 V                 ;         ; Row I/O    ; Y               ; no       ; Off          ;
; U22      ; 302        ; 5        ; DRAM_RAS_N                                     ; output ; 2.5 V                 ;         ; Row I/O    ; Y               ; no       ; Off          ;
; V1       ; 91         ; 2        ; RESERVED_INPUT_WITH_WEAK_PULLUP                ;        ;                       ;         ; Row I/O    ;                 ; no       ; On           ;
; V2       ;            ;          ; GND                                            ; gnd    ;                       ;         ; --         ;                 ; --       ; --           ;
; V3       ; 95         ; 2        ; RESERVED_INPUT_WITH_WEAK_PULLUP                ;        ;                       ;         ; Row I/O    ;                 ; no       ; On           ;
; V4       ; 125        ; 3        ; RESERVED_INPUT_WITH_WEAK_PULLUP                ;        ;                       ;         ; Column I/O ;                 ; no       ; On           ;
; V5       ; 127        ; 3        ; RESERVED_INPUT_WITH_WEAK_PULLUP                ;        ;                       ;         ; Column I/O ;                 ; no       ; On           ;
; V6       ;            ;          ; GND                                            ; gnd    ;                       ;         ; --         ;                 ; --       ; --           ;
; V7       ; 136        ; 3        ; RESERVED_INPUT_WITH_WEAK_PULLUP                ;        ;                       ;         ; Column I/O ;                 ; no       ; On           ;
; V8       ; 138        ; 3        ; RESERVED_INPUT_WITH_WEAK_PULLUP                ;        ;                       ;         ; Column I/O ;                 ; no       ; On           ;
; V9       ; 160        ; 3        ; RESERVED_INPUT_WITH_WEAK_PULLUP                ;        ;                       ;         ; Column I/O ;                 ; no       ; On           ;
; V10      ; 162        ; 3        ; RESERVED_INPUT_WITH_WEAK_PULLUP                ;        ;                       ;         ; Column I/O ;                 ; no       ; On           ;
; V11      ; 172        ; 4        ; RESERVED_INPUT_WITH_WEAK_PULLUP                ;        ;                       ;         ; Column I/O ;                 ; no       ; On           ;
; V12      ; 174        ; 4        ; RESERVED_INPUT_WITH_WEAK_PULLUP                ;        ;                       ;         ; Column I/O ;                 ; no       ; On           ;
; V13      ; 192        ; 4        ; RESERVED_INPUT_WITH_WEAK_PULLUP                ;        ;                       ;         ; Column I/O ;                 ; no       ; On           ;
; V14      ; 204        ; 4        ; RESERVED_INPUT_WITH_WEAK_PULLUP                ;        ;                       ;         ; Column I/O ;                 ; no       ; On           ;
; V15      ; 216        ; 4        ; RESERVED_INPUT_WITH_WEAK_PULLUP                ;        ;                       ;         ; Column I/O ;                 ; no       ; On           ;
; V16      ; 210        ; 4        ; RESERVED_INPUT_WITH_WEAK_PULLUP                ;        ;                       ;         ; Column I/O ;                 ; no       ; On           ;
; V17      ; 242        ; 4        ; RESERVED_INPUT_WITH_WEAK_PULLUP                ;        ;                       ;         ; Column I/O ;                 ; no       ; On           ;
; V18      ; 280        ; 5        ; DRAM_ADDR[2]                                   ; output ; 2.5 V                 ;         ; Row I/O    ; Y               ; no       ; Off          ;
; V19      ;            ;          ; GND                                            ; gnd    ;                       ;         ; --         ;                 ; --       ; --           ;
; V20      ; 288        ; 5        ; DRAM_WE_N                                      ; output ; 2.5 V                 ;         ; Row I/O    ; Y               ; no       ; Off          ;
; V21      ; 289        ; 5        ; DRAM_DQ[7]                                     ; bidir  ; 2.5 V                 ;         ; Row I/O    ; Y               ; no       ; Off          ;
; V22      ; 291        ; 5        ; DRAM_LDQM                                      ; output ; 2.5 V                 ;         ; Row I/O    ; Y               ; no       ; Off          ;
; W1       ; 97         ; 2        ; RESERVED_INPUT_WITH_WEAK_PULLUP                ;        ;                       ;         ; Row I/O    ;                 ; no       ; On           ;
; W2       ; 99         ; 2        ; RESERVED_INPUT_WITH_WEAK_PULLUP                ;        ;                       ;         ; Row I/O    ;                 ; no       ; On           ;
; W3       ; 134        ; 3        ; RESERVED_INPUT_WITH_WEAK_PULLUP                ;        ;                       ;         ; Column I/O ;                 ; no       ; On           ;
; W4       ; 132        ; 3        ; RESERVED_INPUT_WITH_WEAK_PULLUP                ;        ;                       ;         ; Column I/O ;                 ; no       ; On           ;
; W5       ; 124        ; 3        ; RESERVED_INPUT_WITH_WEAK_PULLUP                ;        ;                       ;         ; Column I/O ;                 ; no       ; On           ;
; W6       ; 126        ; 3        ; RESERVED_INPUT_WITH_WEAK_PULLUP                ;        ;                       ;         ; Column I/O ;                 ; no       ; On           ;
; W7       ; 148        ; 3        ; RESERVED_INPUT_WITH_WEAK_PULLUP                ;        ;                       ;         ; Column I/O ;                 ; no       ; On           ;
; W8       ; 150        ; 3        ; RESERVED_INPUT_WITH_WEAK_PULLUP                ;        ;                       ;         ; Column I/O ;                 ; no       ; On           ;
; W9       ; 144        ; 3        ; RESERVED_INPUT_WITH_WEAK_PULLUP                ;        ;                       ;         ; Column I/O ;                 ; no       ; On           ;
; W10      ; 146        ; 3        ; RESERVED_INPUT_WITH_WEAK_PULLUP                ;        ;                       ;         ; Column I/O ;                 ; no       ; On           ;
; W11      ; 173        ; 4        ; RESERVED_INPUT_WITH_WEAK_PULLUP                ;        ;                       ;         ; Column I/O ;                 ; no       ; On           ;
; W12      ; 193        ; 4        ; RESERVED_INPUT_WITH_WEAK_PULLUP                ;        ;                       ;         ; Column I/O ;                 ; no       ; On           ;
; W13      ; 195        ; 4        ; RESERVED_INPUT_WITH_WEAK_PULLUP                ;        ;                       ;         ; Column I/O ;                 ; no       ; On           ;
; W14      ; 194        ; 4        ; RESERVED_INPUT_WITH_WEAK_PULLUP                ;        ;                       ;         ; Column I/O ;                 ; no       ; On           ;
; W15      ; 206        ; 4        ; RESERVED_INPUT_WITH_WEAK_PULLUP                ;        ;                       ;         ; Column I/O ;                 ; no       ; On           ;
; W16      ; 218        ; 4        ; RESERVED_INPUT_WITH_WEAK_PULLUP                ;        ;                       ;         ; Column I/O ;                 ; no       ; On           ;
; W17      ; 240        ; 4        ; RESERVED_INPUT_WITH_WEAK_PULLUP                ;        ;                       ;         ; Column I/O ;                 ; no       ; On           ;
; W18      ; 226        ; 4        ; RESERVED_INPUT_WITH_WEAK_PULLUP                ;        ;                       ;         ; Column I/O ;                 ; no       ; On           ;
; W19      ; 284        ; 5        ; DRAM_ADDR[1]                                   ; output ; 2.5 V                 ;         ; Row I/O    ; Y               ; no       ; Off          ;
; W20      ; 286        ; 5        ; DRAM_DQ[6]                                     ; bidir  ; 2.5 V                 ;         ; Row I/O    ; Y               ; no       ; Off          ;
; W21      ;            ;          ; GND                                            ; gnd    ;                       ;         ; --         ;                 ; --       ; --           ;
; W22      ; 283        ; 5        ; DRAM_DQ[5]                                     ; bidir  ; 2.5 V                 ;         ; Row I/O    ; Y               ; no       ; Off          ;
; Y1       ; 129        ; 3        ; RESERVED_INPUT_WITH_WEAK_PULLUP                ;        ;                       ;         ; Column I/O ;                 ; no       ; On           ;
; Y2       ; 131        ; 3        ; RESERVED_INPUT_WITH_WEAK_PULLUP                ;        ;                       ;         ; Column I/O ;                 ; no       ; On           ;
; Y3       ; 149        ; 3        ; RESERVED_INPUT_WITH_WEAK_PULLUP                ;        ;                       ;         ; Column I/O ;                 ; no       ; On           ;
; Y4       ; 151        ; 3        ; RESERVED_INPUT_WITH_WEAK_PULLUP                ;        ;                       ;         ; Column I/O ;                 ; no       ; On           ;
; Y5       ; 137        ; 3        ; RESERVED_INPUT_WITH_WEAK_PULLUP                ;        ;                       ;         ; Column I/O ;                 ; no       ; On           ;
; Y6       ; 139        ; 3        ; RESERVED_INPUT_WITH_WEAK_PULLUP                ;        ;                       ;         ; Column I/O ;                 ; no       ; On           ;
; Y7       ; 141        ; 3        ; RESERVED_INPUT_WITH_WEAK_PULLUP                ;        ;                       ;         ; Column I/O ;                 ; no       ; On           ;
; Y8       ; 143        ; 3        ; RESERVED_INPUT_WITH_WEAK_PULLUP                ;        ;                       ;         ; Column I/O ;                 ; no       ; On           ;
; Y9       ;            ;          ; GND                                            ; gnd    ;                       ;         ; --         ;                 ; --       ; --           ;
; Y10      ; 168        ; 3        ; ARDUINO_IO[5]                                  ; bidir  ; 2.5 V                 ;         ; Column I/O ; Y               ; no       ; Off          ;
; Y11      ; 175        ; 4        ; RESERVED_INPUT_WITH_WEAK_PULLUP                ;        ;                       ;         ; Column I/O ;                 ; no       ; On           ;
; Y12      ;            ;          ; GND                                            ; gnd    ;                       ;         ; --         ;                 ; --       ; --           ;
; Y13      ; 200        ; 4        ; RESERVED_INPUT_WITH_WEAK_PULLUP                ;        ;                       ;         ; Column I/O ;                 ; no       ; On           ;
; Y14      ; 202        ; 4        ; RESERVED_INPUT_WITH_WEAK_PULLUP                ;        ;                       ;         ; Column I/O ;                 ; no       ; On           ;
; Y15      ;            ;          ; GND                                            ; gnd    ;                       ;         ; --         ;                 ; --       ; --           ;
; Y16      ; 207        ; 4        ; RESERVED_INPUT_WITH_WEAK_PULLUP                ;        ;                       ;         ; Column I/O ;                 ; no       ; On           ;
; Y17      ; 214        ; 4        ; RESERVED_INPUT_WITH_WEAK_PULLUP                ;        ;                       ;         ; Column I/O ;                 ; no       ; On           ;
; Y18      ; 219        ; 4        ; RESERVED_INPUT_WITH_WEAK_PULLUP                ;        ;                       ;         ; Column I/O ;                 ; no       ; On           ;
; Y19      ; 224        ; 4        ; TDO                                            ; output ; 2.5 V                 ;         ; Column I/O ; Y               ; no       ; Off          ;
; Y20      ; 285        ; 5        ; DRAM_DQ[1]                                     ; bidir  ; 2.5 V                 ;         ; Row I/O    ; Y               ; no       ; Off          ;
; Y21      ; 287        ; 5        ; DRAM_DQ[0]                                     ; bidir  ; 2.5 V                 ;         ; Row I/O    ; Y               ; no       ; Off          ;
; Y22      ; 281        ; 5        ; DRAM_DQ[4]                                     ; bidir  ; 2.5 V                 ;         ; Row I/O    ; Y               ; no       ; Off          ;
+----------+------------+----------+------------------------------------------------+--------+-----------------------+---------+------------+-----------------+----------+--------------+
Note: Pin directions (input, output or bidir) are based on device operating in user mode.


+-----------------------------------------------------------------------------------------------------------------+
; PLL Summary                                                                                                     ;
+-------------------------------+---------------------------------------------------------------------------------+
; Name                          ; System:system|PLL:pll_1_|altpll:altpll_component|PLL_altpll:auto_generated|pll1 ;
+-------------------------------+---------------------------------------------------------------------------------+
; SDC pin name                  ; system|pll_1_|altpll_component|auto_generated|pll1                              ;
; PLL mode                      ; Normal                                                                          ;
; Compensate clock              ; clock1                                                                          ;
; Compensated input/output pins ; --                                                                              ;
; Switchover type               ; --                                                                              ;
; Input frequency 0             ; 50.0 MHz                                                                        ;
; Input frequency 1             ; --                                                                              ;
; Nominal PFD frequency         ; 50.0 MHz                                                                        ;
; Nominal VCO frequency         ; 600.0 MHz                                                                       ;
; VCO post scale K counter      ; 2                                                                               ;
; VCO frequency control         ; Auto                                                                            ;
; VCO phase shift step          ; 208 ps                                                                          ;
; VCO multiply                  ; --                                                                              ;
; VCO divide                    ; --                                                                              ;
; Freq min lock                 ; 25.0 MHz                                                                        ;
; Freq max lock                 ; 54.18 MHz                                                                       ;
; M VCO Tap                     ; 0                                                                               ;
; M Initial                     ; 4                                                                               ;
; M value                       ; 12                                                                              ;
; N value                       ; 1                                                                               ;
; Charge pump current           ; setting 1                                                                       ;
; Loop filter resistance        ; setting 27                                                                      ;
; Loop filter capacitance       ; setting 0                                                                       ;
; Bandwidth                     ; 680 kHz to 980 kHz                                                              ;
; Bandwidth type                ; Medium                                                                          ;
; Real time reconfigurable      ; Off                                                                             ;
; Scan chain MIF file           ; --                                                                              ;
; Preserve PLL counter order    ; Off                                                                             ;
; PLL location                  ; PLL_1                                                                           ;
; Inclk0 signal                 ; MAX10_CLK1_50                                                                   ;
; Inclk1 signal                 ; --                                                                              ;
; Inclk0 signal type            ; Dedicated Pin                                                                   ;
; Inclk1 signal type            ; --                                                                              ;
+-------------------------------+---------------------------------------------------------------------------------+


+------------------------------------------------------------------------------------------------------------------------------------------------------------------------------------------------------------------------------------------------------------------------------------------------------------------------------------+
; PLL Usage                                                                                                                                                                                                                                                                                                                          ;
+---------------------------------------------------------------------------------------------+--------------+------+-----+------------------+----------------+------------------+------------+---------+---------------+------------+---------------+---------+---------+-----------------------------------------------------------+
; Name                                                                                        ; Output Clock ; Mult ; Div ; Output Frequency ; Phase Shift    ; Phase Shift Step ; Duty Cycle ; Counter ; Counter Value ; High / Low ; Cascade Input ; Initial ; VCO Tap ; SDC Pin Name                                              ;
+---------------------------------------------------------------------------------------------+--------------+------+-----+------------------+----------------+------------------+------------+---------+---------------+------------+---------------+---------+---------+-----------------------------------------------------------+
; System:system|PLL:pll_1_|altpll:altpll_component|PLL_altpll:auto_generated|wire_pll1_clk[0] ; clock0       ; 1    ; 1   ; 50.0 MHz         ; -90 (-5000 ps) ; 3.75 (208 ps)    ; 50/50      ; C1      ; 12            ; 6/6 Even   ; --            ; 1       ; 0       ; system|pll_1_|altpll_component|auto_generated|pll1|clk[0] ;
; System:system|PLL:pll_1_|altpll:altpll_component|PLL_altpll:auto_generated|wire_pll1_clk[1] ; clock1       ; 1    ; 1   ; 50.0 MHz         ; 0 (0 ps)       ; 3.75 (208 ps)    ; 50/50      ; C0      ; 12            ; 6/6 Even   ; --            ; 4       ; 0       ; system|pll_1_|altpll_component|auto_generated|pll1|clk[1] ;
+---------------------------------------------------------------------------------------------+--------------+------+-----+------------------+----------------+------------------+------------+---------+---------------+------------+---------------+---------+---------+-----------------------------------------------------------+


+-----------------------------------------------+
; I/O Assignment Warnings                       ;
+---------------+-------------------------------+
; Pin Name      ; Reason                        ;
+---------------+-------------------------------+
; KEY[1]        ; Incomplete set of assignments ;
; LEDR[0]       ; Incomplete set of assignments ;
; LEDR[1]       ; Incomplete set of assignments ;
; LEDR[2]       ; Incomplete set of assignments ;
; LEDR[3]       ; Incomplete set of assignments ;
; LEDR[4]       ; Incomplete set of assignments ;
; LEDR[5]       ; Incomplete set of assignments ;
; LEDR[6]       ; Incomplete set of assignments ;
; LEDR[7]       ; Incomplete set of assignments ;
; LEDR[8]       ; Incomplete set of assignments ;
; LEDR[9]       ; Incomplete set of assignments ;
; HEX0[0]       ; Incomplete set of assignments ;
; HEX0[1]       ; Incomplete set of assignments ;
; HEX0[2]       ; Incomplete set of assignments ;
; HEX0[3]       ; Incomplete set of assignments ;
; HEX0[4]       ; Incomplete set of assignments ;
; HEX0[5]       ; Incomplete set of assignments ;
; HEX0[6]       ; Incomplete set of assignments ;
; HEX0[7]       ; Incomplete set of assignments ;
; HEX1[0]       ; Incomplete set of assignments ;
; HEX1[1]       ; Incomplete set of assignments ;
; HEX1[2]       ; Incomplete set of assignments ;
; HEX1[3]       ; Incomplete set of assignments ;
; HEX1[4]       ; Incomplete set of assignments ;
; HEX1[5]       ; Incomplete set of assignments ;
; HEX1[6]       ; Incomplete set of assignments ;
; HEX1[7]       ; Incomplete set of assignments ;
; HEX2[0]       ; Incomplete set of assignments ;
; HEX2[1]       ; Incomplete set of assignments ;
; HEX2[2]       ; Incomplete set of assignments ;
; HEX2[3]       ; Incomplete set of assignments ;
; HEX2[4]       ; Incomplete set of assignments ;
; HEX2[5]       ; Incomplete set of assignments ;
; HEX2[6]       ; Incomplete set of assignments ;
; HEX2[7]       ; Incomplete set of assignments ;
; HEX3[0]       ; Incomplete set of assignments ;
; HEX3[1]       ; Incomplete set of assignments ;
; HEX3[2]       ; Incomplete set of assignments ;
; HEX3[3]       ; Incomplete set of assignments ;
; HEX3[4]       ; Incomplete set of assignments ;
; HEX3[5]       ; Incomplete set of assignments ;
; HEX3[6]       ; Incomplete set of assignments ;
; HEX3[7]       ; Incomplete set of assignments ;
; HEX4[0]       ; Incomplete set of assignments ;
; HEX4[1]       ; Incomplete set of assignments ;
; HEX4[2]       ; Incomplete set of assignments ;
; HEX4[3]       ; Incomplete set of assignments ;
; HEX4[4]       ; Incomplete set of assignments ;
; HEX4[5]       ; Incomplete set of assignments ;
; HEX4[6]       ; Incomplete set of assignments ;
; HEX4[7]       ; Incomplete set of assignments ;
; TXD           ; Incomplete set of assignments ;
; TDO           ; Incomplete set of assignments ;
; DRAM_ADDR[0]  ; Incomplete set of assignments ;
; DRAM_ADDR[1]  ; Incomplete set of assignments ;
; DRAM_ADDR[2]  ; Incomplete set of assignments ;
; DRAM_ADDR[3]  ; Incomplete set of assignments ;
; DRAM_ADDR[4]  ; Incomplete set of assignments ;
; DRAM_ADDR[5]  ; Incomplete set of assignments ;
; DRAM_ADDR[6]  ; Incomplete set of assignments ;
; DRAM_ADDR[7]  ; Incomplete set of assignments ;
; DRAM_ADDR[8]  ; Incomplete set of assignments ;
; DRAM_ADDR[9]  ; Incomplete set of assignments ;
; DRAM_ADDR[10] ; Incomplete set of assignments ;
; DRAM_ADDR[11] ; Incomplete set of assignments ;
; DRAM_ADDR[12] ; Incomplete set of assignments ;
; DRAM_BA[0]    ; Incomplete set of assignments ;
; DRAM_BA[1]    ; Incomplete set of assignments ;
; DRAM_CAS_N    ; Incomplete set of assignments ;
; DRAM_CKE      ; Incomplete set of assignments ;
; DRAM_CLK      ; Incomplete set of assignments ;
; DRAM_CS_N     ; Incomplete set of assignments ;
; DRAM_RAS_N    ; Incomplete set of assignments ;
; DRAM_WE_N     ; Incomplete set of assignments ;
; DRAM_LDQM     ; Incomplete set of assignments ;
; DRAM_UDQM     ; Incomplete set of assignments ;
; ARDUINO_IO[0] ; Incomplete set of assignments ;
; ARDUINO_IO[1] ; Incomplete set of assignments ;
; ARDUINO_IO[2] ; Incomplete set of assignments ;
; ARDUINO_IO[3] ; Incomplete set of assignments ;
; ARDUINO_IO[4] ; Incomplete set of assignments ;
; ARDUINO_IO[5] ; Incomplete set of assignments ;
; ARDUINO_IO[6] ; Incomplete set of assignments ;
; ARDUINO_IO[7] ; Incomplete set of assignments ;
; ARDUINO_IO[8] ; Incomplete set of assignments ;
; ARDUINO_IO[9] ; Incomplete set of assignments ;
; DRAM_DQ[0]    ; Incomplete set of assignments ;
; DRAM_DQ[1]    ; Incomplete set of assignments ;
; DRAM_DQ[2]    ; Incomplete set of assignments ;
; DRAM_DQ[3]    ; Incomplete set of assignments ;
; DRAM_DQ[4]    ; Incomplete set of assignments ;
; DRAM_DQ[5]    ; Incomplete set of assignments ;
; DRAM_DQ[6]    ; Incomplete set of assignments ;
; DRAM_DQ[7]    ; Incomplete set of assignments ;
; DRAM_DQ[8]    ; Incomplete set of assignments ;
; DRAM_DQ[9]    ; Incomplete set of assignments ;
; DRAM_DQ[10]   ; Incomplete set of assignments ;
; DRAM_DQ[11]   ; Incomplete set of assignments ;
; DRAM_DQ[12]   ; Incomplete set of assignments ;
; DRAM_DQ[13]   ; Incomplete set of assignments ;
; DRAM_DQ[14]   ; Incomplete set of assignments ;
; DRAM_DQ[15]   ; Incomplete set of assignments ;
; TCK           ; Incomplete set of assignments ;
; MAX10_CLK1_50 ; Incomplete set of assignments ;
; TDI           ; Incomplete set of assignments ;
; TMS           ; Incomplete set of assignments ;
; KEY[0]        ; Incomplete set of assignments ;
; RXD           ; Incomplete set of assignments ;
; SW[2]         ; Incomplete set of assignments ;
; SW[9]         ; Incomplete set of assignments ;
; SW[1]         ; Incomplete set of assignments ;
; SW[8]         ; Incomplete set of assignments ;
; SW[0]         ; Incomplete set of assignments ;
; SW[3]         ; Incomplete set of assignments ;
; SW[7]         ; Incomplete set of assignments ;
; SW[6]         ; Incomplete set of assignments ;
; SW[5]         ; Incomplete set of assignments ;
; SW[4]         ; Incomplete set of assignments ;
+---------------+-------------------------------+


+-------------------------------------------------------------------------------------------------------------------------------------------------------------------------------------------------------------------------------------------------------------------------------------------------------------------------------------------------------------------------------------------------------------------------------------------------------------------------------------------------------------------------------------------------+
; Fitter Resource Utilization by Entity                                                                                                                                                                                                                                                                                                                                                                                                                                                                                                           ;
+-----------------------------------------------------------------------------------------+-------------+---------------------------+---------------+-------------+------+------------+--------------+---------+-----------+------+--------------+--------------+-------------------+------------------+------------+------------------------------------------------------------------------------------------------------------------------------------------------------------------------------------+-------------------------+--------------+
; Compilation Hierarchy Node                                                              ; Logic Cells ; Dedicated Logic Registers ; I/O Registers ; Memory Bits ; M9Ks ; UFM Blocks ; DSP Elements ; DSP 9x9 ; DSP 18x18 ; Pins ; Virtual Pins ; LUT-Only LCs ; Register-Only LCs ; LUT/Register LCs ; ADC blocks ; Full Hierarchy Name                                                                                                                                                                ; Entity Name             ; Library Name ;
+-----------------------------------------------------------------------------------------+-------------+---------------------------+---------------+-------------+------+------------+--------------+---------+-----------+------+--------------+--------------+-------------------+------------------+------------+------------------------------------------------------------------------------------------------------------------------------------------------------------------------------------+-------------------------+--------------+
; |SimpleRiscExample                                                                      ; 5733 (1)    ; 3690 (0)                  ; 0 (0)         ; 1474560     ; 180  ; 1          ; 8            ; 0       ; 4         ; 118  ; 0            ; 2043 (1)     ; 806 (0)           ; 2884 (0)         ; 0          ; |SimpleRiscExample                                                                                                                                                                 ; SimpleRiscExample       ; work         ;
;    |ApbMultiplexer:mux|                                                                 ; 63 (63)     ; 0 (0)                     ; 0 (0)         ; 0           ; 0    ; 0          ; 0            ; 0       ; 0         ; 0    ; 0            ; 23 (23)      ; 0 (0)             ; 40 (40)          ; 0          ; |SimpleRiscExample|ApbMultiplexer:mux                                                                                                                                              ; ApbMultiplexer          ; work         ;
;    |ApbRam:ram|                                                                         ; 8 (8)       ; 0 (0)                     ; 0 (0)         ; 32768       ; 4    ; 0          ; 0            ; 0       ; 0         ; 0    ; 0            ; 7 (7)        ; 0 (0)             ; 1 (1)            ; 0          ; |SimpleRiscExample|ApbRam:ram                                                                                                                                                      ; ApbRam                  ; work         ;
;       |altsyncram:ram_rtl_0|                                                            ; 0 (0)       ; 0 (0)                     ; 0 (0)         ; 32768       ; 4    ; 0          ; 0            ; 0       ; 0         ; 0    ; 0            ; 0 (0)        ; 0 (0)             ; 0 (0)            ; 0          ; |SimpleRiscExample|ApbRam:ram|altsyncram:ram_rtl_0                                                                                                                                 ; altsyncram              ; work         ;
;          |altsyncram_rdf1:auto_generated|                                               ; 0 (0)       ; 0 (0)                     ; 0 (0)         ; 32768       ; 4    ; 0          ; 0            ; 0       ; 0         ; 0    ; 0            ; 0 (0)        ; 0 (0)             ; 0 (0)            ; 0          ; |SimpleRiscExample|ApbRam:ram|altsyncram:ram_rtl_0|altsyncram_rdf1:auto_generated                                                                                                  ; altsyncram_rdf1         ; work         ;
;    |ApbReadRegister:readReg|                                                            ; 12 (12)     ; 11 (11)                   ; 0 (0)         ; 0           ; 0    ; 0          ; 0            ; 0       ; 0         ; 0    ; 0            ; 1 (1)        ; 0 (0)             ; 11 (11)          ; 0          ; |SimpleRiscExample|ApbReadRegister:readReg                                                                                                                                         ; ApbReadRegister         ; work         ;
;    |ApbWriteRegister:writeReg1|                                                         ; 34 (34)     ; 32 (32)                   ; 0 (0)         ; 0           ; 0    ; 0          ; 0            ; 0       ; 0         ; 0    ; 0            ; 2 (2)        ; 13 (13)           ; 19 (19)          ; 0          ; |SimpleRiscExample|ApbWriteRegister:writeReg1                                                                                                                                      ; ApbWriteRegister        ; work         ;
;    |ApbWriteRegister:writeReg2|                                                         ; 34 (34)     ; 32 (32)                   ; 0 (0)         ; 0           ; 0    ; 0          ; 0            ; 0       ; 0         ; 0    ; 0            ; 2 (2)        ; 6 (6)             ; 26 (26)          ; 0          ; |SimpleRiscExample|ApbWriteRegister:writeReg2                                                                                                                                      ; ApbWriteRegister        ; work         ;
;    |System:system|                                                                      ; 5636 (0)    ; 3615 (0)                  ; 0 (0)         ; 1441792     ; 176  ; 0          ; 8            ; 0       ; 4         ; 0    ; 0            ; 2007 (0)     ; 787 (0)           ; 2842 (0)         ; 0          ; |SimpleRiscExample|System:system                                                                                                                                                   ; System                  ; work         ;
;       |PLL:pll_1_|                                                                      ; 0 (0)       ; 0 (0)                     ; 0 (0)         ; 0           ; 0    ; 0          ; 0            ; 0       ; 0         ; 0    ; 0            ; 0 (0)        ; 0 (0)             ; 0 (0)            ; 0          ; |SimpleRiscExample|System:system|PLL:pll_1_                                                                                                                                        ; PLL                     ; work         ;
;          |altpll:altpll_component|                                                      ; 0 (0)       ; 0 (0)                     ; 0 (0)         ; 0           ; 0    ; 0          ; 0            ; 0       ; 0         ; 0    ; 0            ; 0 (0)        ; 0 (0)             ; 0 (0)            ; 0          ; |SimpleRiscExample|System:system|PLL:pll_1_|altpll:altpll_component                                                                                                                ; altpll                  ; work         ;
;             |PLL_altpll:auto_generated|                                                 ; 0 (0)       ; 0 (0)                     ; 0 (0)         ; 0           ; 0    ; 0          ; 0            ; 0       ; 0         ; 0    ; 0            ; 0 (0)        ; 0 (0)             ; 0 (0)            ; 0          ; |SimpleRiscExample|System:system|PLL:pll_1_|altpll:altpll_component|PLL_altpll:auto_generated                                                                                      ; PLL_altpll              ; work         ;
;       |VexRISCVSoftcore:core|                                                           ; 5636 (340)  ; 3615 (296)                ; 0 (0)         ; 1441792     ; 176  ; 0          ; 8            ; 0       ; 4         ; 0    ; 0            ; 2007 (43)    ; 787 (153)         ; 2842 (135)       ; 0          ; |SimpleRiscExample|System:system|VexRISCVSoftcore:core                                                                                                                             ; VexRISCVSoftcore        ; work         ;
;          |Apb3Decoder:io_apb_decoder|                                                   ; 10 (10)     ; 0 (0)                     ; 0 (0)         ; 0           ; 0    ; 0          ; 0            ; 0       ; 0         ; 0    ; 0            ; 8 (8)        ; 0 (0)             ; 2 (2)            ; 0          ; |SimpleRiscExample|System:system|VexRISCVSoftcore:core|Apb3Decoder:io_apb_decoder                                                                                                  ; Apb3Decoder             ; work         ;
;          |Apb3Router:apb3Router_1_|                                                     ; 158 (158)   ; 2 (2)                     ; 0 (0)         ; 0           ; 0    ; 0          ; 0            ; 0       ; 0         ; 0    ; 0            ; 92 (92)      ; 0 (0)             ; 66 (66)          ; 0          ; |SimpleRiscExample|System:system|VexRISCVSoftcore:core|Apb3Router:apb3Router_1_                                                                                                    ; Apb3Router              ; work         ;
;          |Apb3UartCtrl:axi_uartCtrl|                                                    ; 570 (61)    ; 394 (33)                  ; 0 (0)         ; 0           ; 0    ; 0          ; 0            ; 0       ; 0         ; 0    ; 0            ; 174 (26)     ; 148 (23)          ; 248 (8)          ; 0          ; |SimpleRiscExample|System:system|VexRISCVSoftcore:core|Apb3UartCtrl:axi_uartCtrl                                                                                                   ; Apb3UartCtrl            ; work         ;
;             |StreamFifo:bridge_write_streamUnbuffered_queueWithOccupancy|               ; 196 (196)   ; 146 (146)                 ; 0 (0)         ; 0           ; 0    ; 0          ; 0            ; 0       ; 0         ; 0    ; 0            ; 50 (50)      ; 61 (61)           ; 85 (85)          ; 0          ; |SimpleRiscExample|System:system|VexRISCVSoftcore:core|Apb3UartCtrl:axi_uartCtrl|StreamFifo:bridge_write_streamUnbuffered_queueWithOccupancy                                       ; StreamFifo              ; work         ;
;             |StreamFifo:uartCtrl_1__io_read_queueWithOccupancy|                         ; 197 (197)   ; 146 (146)                 ; 0 (0)         ; 0           ; 0    ; 0          ; 0            ; 0       ; 0         ; 0    ; 0            ; 51 (51)      ; 61 (61)           ; 85 (85)          ; 0          ; |SimpleRiscExample|System:system|VexRISCVSoftcore:core|Apb3UartCtrl:axi_uartCtrl|StreamFifo:uartCtrl_1__io_read_queueWithOccupancy                                                 ; StreamFifo              ; work         ;
;             |UartCtrl:uartCtrl_1_|                                                      ; 120 (27)    ; 69 (20)                   ; 0 (0)         ; 0           ; 0    ; 0          ; 0            ; 0       ; 0         ; 0    ; 0            ; 47 (6)       ; 3 (0)             ; 70 (21)          ; 0          ; |SimpleRiscExample|System:system|VexRISCVSoftcore:core|Apb3UartCtrl:axi_uartCtrl|UartCtrl:uartCtrl_1_                                                                              ; UartCtrl                ; work         ;
;                |UartCtrlRx:rx|                                                          ; 64 (62)     ; 36 (34)                   ; 0 (0)         ; 0           ; 0    ; 0          ; 0            ; 0       ; 0         ; 0    ; 0            ; 26 (26)      ; 3 (1)             ; 35 (35)          ; 0          ; |SimpleRiscExample|System:system|VexRISCVSoftcore:core|Apb3UartCtrl:axi_uartCtrl|UartCtrl:uartCtrl_1_|UartCtrlRx:rx                                                                ; UartCtrlRx              ; work         ;
;                   |BufferCC:io_rxd_buffercc|                                            ; 2 (2)       ; 2 (2)                     ; 0 (0)         ; 0           ; 0    ; 0          ; 0            ; 0       ; 0         ; 0    ; 0            ; 0 (0)        ; 2 (2)             ; 0 (0)            ; 0          ; |SimpleRiscExample|System:system|VexRISCVSoftcore:core|Apb3UartCtrl:axi_uartCtrl|UartCtrl:uartCtrl_1_|UartCtrlRx:rx|BufferCC:io_rxd_buffercc                                       ; BufferCC                ; work         ;
;                |UartCtrlTx:tx|                                                          ; 30 (30)     ; 13 (13)                   ; 0 (0)         ; 0           ; 0    ; 0          ; 0            ; 0       ; 0         ; 0    ; 0            ; 15 (15)      ; 0 (0)             ; 15 (15)          ; 0          ; |SimpleRiscExample|System:system|VexRISCVSoftcore:core|Apb3UartCtrl:axi_uartCtrl|UartCtrl:uartCtrl_1_|UartCtrlTx:tx                                                                ; UartCtrlTx              ; work         ;
;          |Axi4ReadOnlyDecoder:axi4ReadOnlyDecoder_1_|                                   ; 72 (57)     ; 15 (6)                    ; 0 (0)         ; 0           ; 0    ; 0          ; 0            ; 0       ; 0         ; 0    ; 0            ; 26 (20)      ; 0 (0)             ; 46 (37)          ; 0          ; |SimpleRiscExample|System:system|VexRISCVSoftcore:core|Axi4ReadOnlyDecoder:axi4ReadOnlyDecoder_1_                                                                                  ; Axi4ReadOnlyDecoder     ; work         ;
;             |Axi4ReadOnlyErrorSlave:errorSlave|                                         ; 15 (15)     ; 9 (9)                     ; 0 (0)         ; 0           ; 0    ; 0          ; 0            ; 0       ; 0         ; 0    ; 0            ; 6 (6)        ; 0 (0)             ; 9 (9)            ; 0          ; |SimpleRiscExample|System:system|VexRISCVSoftcore:core|Axi4ReadOnlyDecoder:axi4ReadOnlyDecoder_1_|Axi4ReadOnlyErrorSlave:errorSlave                                                ; Axi4ReadOnlyErrorSlave  ; work         ;
;          |Axi4SharedArbiter:axi_ram_io_axi_arbiter|                                     ; 32 (2)      ; 10 (0)                    ; 0 (0)         ; 0           ; 0    ; 0          ; 0            ; 0       ; 0         ; 0    ; 0            ; 20 (1)       ; 0 (0)             ; 12 (1)           ; 0          ; |SimpleRiscExample|System:system|VexRISCVSoftcore:core|Axi4SharedArbiter:axi_ram_io_axi_arbiter                                                                                    ; Axi4SharedArbiter       ; work         ;
;             |StreamArbiter:cmdArbiter|                                                  ; 13 (13)     ; 3 (3)                     ; 0 (0)         ; 0           ; 0    ; 0          ; 0            ; 0       ; 0         ; 0    ; 0            ; 9 (9)        ; 0 (0)             ; 4 (4)            ; 0          ; |SimpleRiscExample|System:system|VexRISCVSoftcore:core|Axi4SharedArbiter:axi_ram_io_axi_arbiter|StreamArbiter:cmdArbiter                                                           ; StreamArbiter           ; work         ;
;             |StreamFifoLowLatency_2_:streamFork_4__io_outputs_1_thrown_translated_fifo| ; 11 (11)     ; 5 (5)                     ; 0 (0)         ; 0           ; 0    ; 0          ; 0            ; 0       ; 0         ; 0    ; 0            ; 6 (6)        ; 0 (0)             ; 5 (5)            ; 0          ; |SimpleRiscExample|System:system|VexRISCVSoftcore:core|Axi4SharedArbiter:axi_ram_io_axi_arbiter|StreamFifoLowLatency_2_:streamFork_4__io_outputs_1_thrown_translated_fifo          ; StreamFifoLowLatency_2_ ; work         ;
;             |StreamFork:streamFork_4_|                                                  ; 6 (6)       ; 2 (2)                     ; 0 (0)         ; 0           ; 0    ; 0          ; 0            ; 0       ; 0         ; 0    ; 0            ; 4 (4)        ; 0 (0)             ; 2 (2)            ; 0          ; |SimpleRiscExample|System:system|VexRISCVSoftcore:core|Axi4SharedArbiter:axi_ram_io_axi_arbiter|StreamFork:streamFork_4_                                                           ; StreamFork              ; work         ;
;          |Axi4SharedArbiter_1_:axi_sdramCtrl_io_axi_arbiter|                            ; 29 (2)      ; 10 (0)                    ; 0 (0)         ; 0           ; 0    ; 0          ; 0            ; 0       ; 0         ; 0    ; 0            ; 17 (1)       ; 0 (0)             ; 12 (1)           ; 0          ; |SimpleRiscExample|System:system|VexRISCVSoftcore:core|Axi4SharedArbiter_1_:axi_sdramCtrl_io_axi_arbiter                                                                           ; Axi4SharedArbiter_1_    ; work         ;
;             |StreamArbiter_1_:cmdArbiter|                                               ; 12 (12)     ; 3 (3)                     ; 0 (0)         ; 0           ; 0    ; 0          ; 0            ; 0       ; 0         ; 0    ; 0            ; 8 (8)        ; 0 (0)             ; 4 (4)            ; 0          ; |SimpleRiscExample|System:system|VexRISCVSoftcore:core|Axi4SharedArbiter_1_:axi_sdramCtrl_io_axi_arbiter|StreamArbiter_1_:cmdArbiter                                               ; StreamArbiter_1_        ; work         ;
;             |StreamFifoLowLatency_2_:streamFork_4__io_outputs_1_thrown_translated_fifo| ; 9 (9)       ; 5 (5)                     ; 0 (0)         ; 0           ; 0    ; 0          ; 0            ; 0       ; 0         ; 0    ; 0            ; 4 (4)        ; 0 (0)             ; 5 (5)            ; 0          ; |SimpleRiscExample|System:system|VexRISCVSoftcore:core|Axi4SharedArbiter_1_:axi_sdramCtrl_io_axi_arbiter|StreamFifoLowLatency_2_:streamFork_4__io_outputs_1_thrown_translated_fifo ; StreamFifoLowLatency_2_ ; work         ;
;             |StreamFork_1_:streamFork_4_|                                               ; 6 (6)       ; 2 (2)                     ; 0 (0)         ; 0           ; 0    ; 0          ; 0            ; 0       ; 0         ; 0    ; 0            ; 4 (4)        ; 0 (0)             ; 2 (2)            ; 0          ; |SimpleRiscExample|System:system|VexRISCVSoftcore:core|Axi4SharedArbiter_1_:axi_sdramCtrl_io_axi_arbiter|StreamFork_1_:streamFork_4_                                               ; StreamFork_1_           ; work         ;
;          |Axi4SharedArbiter_2_:axi_apbBridge_io_axi_arbiter|                            ; 16 (1)      ; 7 (0)                     ; 0 (0)         ; 0           ; 0    ; 0          ; 0            ; 0       ; 0         ; 0    ; 0            ; 8 (1)        ; 0 (0)             ; 8 (0)            ; 0          ; |SimpleRiscExample|System:system|VexRISCVSoftcore:core|Axi4SharedArbiter_2_:axi_apbBridge_io_axi_arbiter                                                                           ; Axi4SharedArbiter_2_    ; work         ;
;             |StreamFifoLowLatency_2_:streamFork_4__io_outputs_1_thrown_translated_fifo| ; 10 (10)     ; 5 (5)                     ; 0 (0)         ; 0           ; 0    ; 0          ; 0            ; 0       ; 0         ; 0    ; 0            ; 5 (5)        ; 0 (0)             ; 5 (5)            ; 0          ; |SimpleRiscExample|System:system|VexRISCVSoftcore:core|Axi4SharedArbiter_2_:axi_apbBridge_io_axi_arbiter|StreamFifoLowLatency_2_:streamFork_4__io_outputs_1_thrown_translated_fifo ; StreamFifoLowLatency_2_ ; work         ;
;             |StreamFork_2_:streamFork_4_|                                               ; 5 (5)       ; 2 (2)                     ; 0 (0)         ; 0           ; 0    ; 0          ; 0            ; 0       ; 0         ; 0    ; 0            ; 2 (2)        ; 0 (0)             ; 3 (3)            ; 0          ; |SimpleRiscExample|System:system|VexRISCVSoftcore:core|Axi4SharedArbiter_2_:axi_apbBridge_io_axi_arbiter|StreamFork_2_:streamFork_4_                                               ; StreamFork_2_           ; work         ;
;          |Axi4SharedDecoder:axi4SharedDecoder_1_|                                       ; 104 (83)    ; 22 (11)                   ; 0 (0)         ; 0           ; 0    ; 0          ; 0            ; 0       ; 0         ; 0    ; 0            ; 80 (70)      ; 0 (0)             ; 24 (13)          ; 0          ; |SimpleRiscExample|System:system|VexRISCVSoftcore:core|Axi4SharedDecoder:axi4SharedDecoder_1_                                                                                      ; Axi4SharedDecoder       ; work         ;
;             |Axi4SharedErrorSlave:errorSlave|                                           ; 21 (21)     ; 11 (11)                   ; 0 (0)         ; 0           ; 0    ; 0          ; 0            ; 0       ; 0         ; 0    ; 0            ; 10 (10)      ; 0 (0)             ; 11 (11)          ; 0          ; |SimpleRiscExample|System:system|VexRISCVSoftcore:core|Axi4SharedDecoder:axi4SharedDecoder_1_|Axi4SharedErrorSlave:errorSlave                                                      ; Axi4SharedErrorSlave    ; work         ;
;          |Axi4SharedOnChipRam:axi_ram|                                                  ; 159 (4)     ; 15 (3)                    ; 0 (0)         ; 1441792     ; 176  ; 0          ; 0            ; 0       ; 0         ; 0    ; 0            ; 144 (1)      ; 5 (1)             ; 10 (2)           ; 0          ; |SimpleRiscExample|System:system|VexRISCVSoftcore:core|Axi4SharedOnChipRam:axi_ram                                                                                                 ; Axi4SharedOnChipRam     ; work         ;
;             |altsyncram:ram_symbol0_rtl_0|                                              ; 32 (0)      ; 3 (0)                     ; 0 (0)         ; 360448      ; 44   ; 0          ; 0            ; 0       ; 0         ; 0    ; 0            ; 29 (0)       ; 1 (0)             ; 2 (0)            ; 0          ; |SimpleRiscExample|System:system|VexRISCVSoftcore:core|Axi4SharedOnChipRam:axi_ram|altsyncram:ram_symbol0_rtl_0                                                                    ; altsyncram              ; work         ;
;                |altsyncram_2ed1:auto_generated|                                         ; 32 (3)      ; 3 (3)                     ; 0 (0)         ; 360448      ; 44   ; 0          ; 0            ; 0       ; 0         ; 0    ; 0            ; 29 (0)       ; 1 (1)             ; 2 (0)            ; 0          ; |SimpleRiscExample|System:system|VexRISCVSoftcore:core|Axi4SharedOnChipRam:axi_ram|altsyncram:ram_symbol0_rtl_0|altsyncram_2ed1:auto_generated                                     ; altsyncram_2ed1         ; work         ;
;                   |decode_f7a:decode2|                                                  ; 6 (6)       ; 0 (0)                     ; 0 (0)         ; 0           ; 0    ; 0          ; 0            ; 0       ; 0         ; 0    ; 0            ; 6 (6)        ; 0 (0)             ; 0 (0)            ; 0          ; |SimpleRiscExample|System:system|VexRISCVSoftcore:core|Axi4SharedOnChipRam:axi_ram|altsyncram:ram_symbol0_rtl_0|altsyncram_2ed1:auto_generated|decode_f7a:decode2                  ; decode_f7a              ; work         ;
;                   |mux_v1b:mux3|                                                        ; 25 (25)     ; 0 (0)                     ; 0 (0)         ; 0           ; 0    ; 0          ; 0            ; 0       ; 0         ; 0    ; 0            ; 23 (23)      ; 0 (0)             ; 2 (2)            ; 0          ; |SimpleRiscExample|System:system|VexRISCVSoftcore:core|Axi4SharedOnChipRam:axi_ram|altsyncram:ram_symbol0_rtl_0|altsyncram_2ed1:auto_generated|mux_v1b:mux3                        ; mux_v1b                 ; work         ;
;             |altsyncram:ram_symbol1_rtl_0|                                              ; 45 (0)      ; 3 (0)                     ; 0 (0)         ; 360448      ; 44   ; 0          ; 0            ; 0       ; 0         ; 0    ; 0            ; 42 (0)       ; 3 (0)             ; 0 (0)            ; 0          ; |SimpleRiscExample|System:system|VexRISCVSoftcore:core|Axi4SharedOnChipRam:axi_ram|altsyncram:ram_symbol1_rtl_0                                                                    ; altsyncram              ; work         ;
;                |altsyncram_2ed1:auto_generated|                                         ; 45 (3)      ; 3 (3)                     ; 0 (0)         ; 360448      ; 44   ; 0          ; 0            ; 0       ; 0         ; 0    ; 0            ; 42 (0)       ; 3 (3)             ; 0 (0)            ; 0          ; |SimpleRiscExample|System:system|VexRISCVSoftcore:core|Axi4SharedOnChipRam:axi_ram|altsyncram:ram_symbol1_rtl_0|altsyncram_2ed1:auto_generated                                     ; altsyncram_2ed1         ; work         ;
;                   |decode_f7a:decode2|                                                  ; 9 (9)       ; 0 (0)                     ; 0 (0)         ; 0           ; 0    ; 0          ; 0            ; 0       ; 0         ; 0    ; 0            ; 9 (9)        ; 0 (0)             ; 0 (0)            ; 0          ; |SimpleRiscExample|System:system|VexRISCVSoftcore:core|Axi4SharedOnChipRam:axi_ram|altsyncram:ram_symbol1_rtl_0|altsyncram_2ed1:auto_generated|decode_f7a:decode2                  ; decode_f7a              ; work         ;
;                   |mux_v1b:mux3|                                                        ; 33 (33)     ; 0 (0)                     ; 0 (0)         ; 0           ; 0    ; 0          ; 0            ; 0       ; 0         ; 0    ; 0            ; 33 (33)      ; 0 (0)             ; 0 (0)            ; 0          ; |SimpleRiscExample|System:system|VexRISCVSoftcore:core|Axi4SharedOnChipRam:axi_ram|altsyncram:ram_symbol1_rtl_0|altsyncram_2ed1:auto_generated|mux_v1b:mux3                        ; mux_v1b                 ; work         ;
;             |altsyncram:ram_symbol2_rtl_0|                                              ; 39 (0)      ; 3 (0)                     ; 0 (0)         ; 360448      ; 44   ; 0          ; 0            ; 0       ; 0         ; 0    ; 0            ; 36 (0)       ; 0 (0)             ; 3 (0)            ; 0          ; |SimpleRiscExample|System:system|VexRISCVSoftcore:core|Axi4SharedOnChipRam:axi_ram|altsyncram:ram_symbol2_rtl_0                                                                    ; altsyncram              ; work         ;
;                |altsyncram_2ed1:auto_generated|                                         ; 39 (3)      ; 3 (3)                     ; 0 (0)         ; 360448      ; 44   ; 0          ; 0            ; 0       ; 0         ; 0    ; 0            ; 36 (0)       ; 0 (0)             ; 3 (0)            ; 0          ; |SimpleRiscExample|System:system|VexRISCVSoftcore:core|Axi4SharedOnChipRam:axi_ram|altsyncram:ram_symbol2_rtl_0|altsyncram_2ed1:auto_generated                                     ; altsyncram_2ed1         ; work         ;
;                   |decode_f7a:decode2|                                                  ; 6 (6)       ; 0 (0)                     ; 0 (0)         ; 0           ; 0    ; 0          ; 0            ; 0       ; 0         ; 0    ; 0            ; 6 (6)        ; 0 (0)             ; 0 (0)            ; 0          ; |SimpleRiscExample|System:system|VexRISCVSoftcore:core|Axi4SharedOnChipRam:axi_ram|altsyncram:ram_symbol2_rtl_0|altsyncram_2ed1:auto_generated|decode_f7a:decode2                  ; decode_f7a              ; work         ;
;                   |mux_v1b:mux3|                                                        ; 33 (33)     ; 0 (0)                     ; 0 (0)         ; 0           ; 0    ; 0          ; 0            ; 0       ; 0         ; 0    ; 0            ; 30 (30)      ; 0 (0)             ; 3 (3)            ; 0          ; |SimpleRiscExample|System:system|VexRISCVSoftcore:core|Axi4SharedOnChipRam:axi_ram|altsyncram:ram_symbol2_rtl_0|altsyncram_2ed1:auto_generated|mux_v1b:mux3                        ; mux_v1b                 ; work         ;
;             |altsyncram:ram_symbol3_rtl_0|                                              ; 39 (0)      ; 3 (0)                     ; 0 (0)         ; 360448      ; 44   ; 0          ; 0            ; 0       ; 0         ; 0    ; 0            ; 36 (0)       ; 0 (0)             ; 3 (0)            ; 0          ; |SimpleRiscExample|System:system|VexRISCVSoftcore:core|Axi4SharedOnChipRam:axi_ram|altsyncram:ram_symbol3_rtl_0                                                                    ; altsyncram              ; work         ;
;                |altsyncram_2ed1:auto_generated|                                         ; 39 (3)      ; 3 (3)                     ; 0 (0)         ; 360448      ; 44   ; 0          ; 0            ; 0       ; 0         ; 0    ; 0            ; 36 (0)       ; 0 (0)             ; 3 (0)            ; 0          ; |SimpleRiscExample|System:system|VexRISCVSoftcore:core|Axi4SharedOnChipRam:axi_ram|altsyncram:ram_symbol3_rtl_0|altsyncram_2ed1:auto_generated                                     ; altsyncram_2ed1         ; work         ;
;                   |decode_f7a:decode2|                                                  ; 6 (6)       ; 0 (0)                     ; 0 (0)         ; 0           ; 0    ; 0          ; 0            ; 0       ; 0         ; 0    ; 0            ; 6 (6)        ; 0 (0)             ; 0 (0)            ; 0          ; |SimpleRiscExample|System:system|VexRISCVSoftcore:core|Axi4SharedOnChipRam:axi_ram|altsyncram:ram_symbol3_rtl_0|altsyncram_2ed1:auto_generated|decode_f7a:decode2                  ; decode_f7a              ; work         ;
;                   |mux_v1b:mux3|                                                        ; 33 (33)     ; 0 (0)                     ; 0 (0)         ; 0           ; 0    ; 0          ; 0            ; 0       ; 0         ; 0    ; 0            ; 30 (30)      ; 0 (0)             ; 3 (3)            ; 0          ; |SimpleRiscExample|System:system|VexRISCVSoftcore:core|Axi4SharedOnChipRam:axi_ram|altsyncram:ram_symbol3_rtl_0|altsyncram_2ed1:auto_generated|mux_v1b:mux3                        ; mux_v1b                 ; work         ;
;          |Axi4SharedSdramCtrl:axi_sdramCtrl|                                            ; 378 (11)    ; 259 (18)                  ; 0 (0)         ; 0           ; 0    ; 0          ; 0            ; 0       ; 0         ; 0    ; 0            ; 119 (0)      ; 82 (4)            ; 177 (19)         ; 0          ; |SimpleRiscExample|System:system|VexRISCVSoftcore:core|Axi4SharedSdramCtrl:axi_sdramCtrl                                                                                           ; Axi4SharedSdramCtrl     ; work         ;
;             |SdramCtrl:ctrl|                                                            ; 372 (319)   ; 241 (205)                 ; 0 (0)         ; 0           ; 0    ; 0          ; 0            ; 0       ; 0         ; 0    ; 0            ; 119 (115)    ; 78 (61)           ; 175 (140)        ; 0          ; |SimpleRiscExample|System:system|VexRISCVSoftcore:core|Axi4SharedSdramCtrl:axi_sdramCtrl|SdramCtrl:ctrl                                                                            ; SdramCtrl               ; work         ;
;                |StreamFifoLowLatency:chip_backupIn_fifo|                                ; 56 (56)     ; 36 (36)                   ; 0 (0)         ; 0           ; 0    ; 0          ; 0            ; 0       ; 0         ; 0    ; 0            ; 4 (4)        ; 17 (17)           ; 35 (35)          ; 0          ; |SimpleRiscExample|System:system|VexRISCVSoftcore:core|Axi4SharedSdramCtrl:axi_sdramCtrl|SdramCtrl:ctrl|StreamFifoLowLatency:chip_backupIn_fifo                                    ; StreamFifoLowLatency    ; work         ;
;          |Axi4SharedToApb3Bridge:axi_apbBridge|                                         ; 65 (65)     ; 36 (36)                   ; 0 (0)         ; 0           ; 0    ; 0          ; 0            ; 0       ; 0         ; 0    ; 0            ; 28 (28)      ; 0 (0)             ; 37 (37)          ; 0          ; |SimpleRiscExample|System:system|VexRISCVSoftcore:core|Axi4SharedToApb3Bridge:axi_apbBridge                                                                                        ; Axi4SharedToApb3Bridge  ; work         ;
;          |BufferCC_3_:io_asyncReset_buffercc|                                           ; 2 (2)       ; 2 (2)                     ; 0 (0)         ; 0           ; 0    ; 0          ; 0            ; 0       ; 0         ; 0    ; 0            ; 0 (0)        ; 1 (1)             ; 1 (1)            ; 0          ; |SimpleRiscExample|System:system|VexRISCVSoftcore:core|BufferCC_3_:io_asyncReset_buffercc                                                                                          ; BufferCC_3_             ; work         ;
;          |BufferCC_4_:axi_externalInterrupt_buffercc|                                   ; 2 (2)       ; 2 (2)                     ; 0 (0)         ; 0           ; 0    ; 0          ; 0            ; 0       ; 0         ; 0    ; 0            ; 0 (0)        ; 1 (1)             ; 1 (1)            ; 0          ; |SimpleRiscExample|System:system|VexRISCVSoftcore:core|BufferCC_4_:axi_externalInterrupt_buffercc                                                                                  ; BufferCC_4_             ; work         ;
;          |JtagBridge:jtagBridge_1_|                                                     ; 146 (136)   ; 134 (125)                 ; 0 (0)         ; 0           ; 0    ; 0          ; 0            ; 0       ; 0         ; 0    ; 0            ; 12 (11)      ; 35 (27)           ; 99 (98)          ; 0          ; |SimpleRiscExample|System:system|VexRISCVSoftcore:core|JtagBridge:jtagBridge_1_                                                                                                    ; JtagBridge              ; work         ;
;             |FlowCCByToggle:flowCCByToggle_1_|                                          ; 10 (8)      ; 9 (7)                     ; 0 (0)         ; 0           ; 0    ; 0          ; 0            ; 0       ; 0         ; 0    ; 0            ; 1 (1)        ; 8 (6)             ; 1 (1)            ; 0          ; |SimpleRiscExample|System:system|VexRISCVSoftcore:core|JtagBridge:jtagBridge_1_|FlowCCByToggle:flowCCByToggle_1_                                                                   ; FlowCCByToggle          ; work         ;
;                |BufferCC_1_:inputArea_target_buffercc|                                  ; 2 (2)       ; 2 (2)                     ; 0 (0)         ; 0           ; 0    ; 0          ; 0            ; 0       ; 0         ; 0    ; 0            ; 0 (0)        ; 2 (2)             ; 0 (0)            ; 0          ; |SimpleRiscExample|System:system|VexRISCVSoftcore:core|JtagBridge:jtagBridge_1_|FlowCCByToggle:flowCCByToggle_1_|BufferCC_1_:inputArea_target_buffercc                             ; BufferCC_1_             ; work         ;
;          |PinsecTimerCtrl:axi_timerCtrl|                                                ; 319 (191)   ; 222 (118)                 ; 0 (0)         ; 0           ; 0    ; 0          ; 0            ; 0       ; 0         ; 0    ; 0            ; 96 (73)      ; 11 (11)           ; 212 (59)         ; 0          ; |SimpleRiscExample|System:system|VexRISCVSoftcore:core|PinsecTimerCtrl:axi_timerCtrl                                                                                               ; PinsecTimerCtrl         ; work         ;
;             |InterruptCtrl:interruptCtrl_1_|                                            ; 4 (4)       ; 4 (4)                     ; 0 (0)         ; 0           ; 0    ; 0          ; 0            ; 0       ; 0         ; 0    ; 0            ; 0 (0)        ; 0 (0)             ; 4 (4)            ; 0          ; |SimpleRiscExample|System:system|VexRISCVSoftcore:core|PinsecTimerCtrl:axi_timerCtrl|InterruptCtrl:interruptCtrl_1_                                                                ; InterruptCtrl           ; work         ;
;             |Prescaler:prescaler_1_|                                                    ; 28 (28)     ; 16 (16)                   ; 0 (0)         ; 0           ; 0    ; 0          ; 0            ; 0       ; 0         ; 0    ; 0            ; 3 (3)        ; 0 (0)             ; 25 (25)          ; 0          ; |SimpleRiscExample|System:system|VexRISCVSoftcore:core|PinsecTimerCtrl:axi_timerCtrl|Prescaler:prescaler_1_                                                                        ; Prescaler               ; work         ;
;             |Timer:timerA|                                                              ; 57 (57)     ; 33 (33)                   ; 0 (0)         ; 0           ; 0    ; 0          ; 0            ; 0       ; 0         ; 0    ; 0            ; 7 (7)        ; 0 (0)             ; 50 (50)          ; 0          ; |SimpleRiscExample|System:system|VexRISCVSoftcore:core|PinsecTimerCtrl:axi_timerCtrl|Timer:timerA                                                                                  ; Timer                   ; work         ;
;             |Timer_1_:timerB|                                                           ; 29 (29)     ; 17 (17)                   ; 0 (0)         ; 0           ; 0    ; 0          ; 0            ; 0       ; 0         ; 0    ; 0            ; 4 (4)        ; 0 (0)             ; 25 (25)          ; 0          ; |SimpleRiscExample|System:system|VexRISCVSoftcore:core|PinsecTimerCtrl:axi_timerCtrl|Timer_1_:timerB                                                                               ; Timer_1_                ; work         ;
;             |Timer_1_:timerC|                                                           ; 29 (29)     ; 17 (17)                   ; 0 (0)         ; 0           ; 0    ; 0          ; 0            ; 0       ; 0         ; 0    ; 0            ; 5 (5)        ; 0 (0)             ; 24 (24)          ; 0          ; |SimpleRiscExample|System:system|VexRISCVSoftcore:core|PinsecTimerCtrl:axi_timerCtrl|Timer_1_:timerC                                                                               ; Timer_1_                ; work         ;
;             |Timer_1_:timerD|                                                           ; 29 (29)     ; 17 (17)                   ; 0 (0)         ; 0           ; 0    ; 0          ; 0            ; 0       ; 0         ; 0    ; 0            ; 4 (4)        ; 0 (0)             ; 25 (25)          ; 0          ; |SimpleRiscExample|System:system|VexRISCVSoftcore:core|PinsecTimerCtrl:axi_timerCtrl|Timer_1_:timerD                                                                               ; Timer_1_                ; work         ;
;          |StreamFork_3_:streamFork_4_|                                                  ; 7 (7)       ; 2 (2)                     ; 0 (0)         ; 0           ; 0    ; 0          ; 0            ; 0       ; 0         ; 0    ; 0            ; 5 (5)        ; 0 (0)             ; 2 (2)            ; 0          ; |SimpleRiscExample|System:system|VexRISCVSoftcore:core|StreamFork_3_:streamFork_4_                                                                                                 ; StreamFork_3_           ; work         ;
;          |SystemDebugger:systemDebugger_1_|                                             ; 84 (84)     ; 78 (78)                   ; 0 (0)         ; 0           ; 0    ; 0          ; 0            ; 0       ; 0         ; 0    ; 0            ; 6 (6)        ; 68 (68)           ; 10 (10)          ; 0          ; |SimpleRiscExample|System:system|VexRISCVSoftcore:core|SystemDebugger:systemDebugger_1_                                                                                            ; SystemDebugger          ; work         ;
;          |VexRiscv:axi_cpu|                                                             ; 3248 (3212) ; 2109 (2078)               ; 0 (0)         ; 0           ; 0    ; 0          ; 8            ; 0       ; 4         ; 0    ; 0            ; 1129 (1125)  ; 283 (283)         ; 1836 (1804)      ; 0          ; |SimpleRiscExample|System:system|VexRISCVSoftcore:core|VexRiscv:axi_cpu                                                                                                            ; VexRiscv                ; work         ;
;             |StreamFifoLowLatency_1_:IBusSimplePlugin_rspJoin_rspBuffer_c|              ; 36 (36)     ; 31 (31)                   ; 0 (0)         ; 0           ; 0    ; 0          ; 0            ; 0       ; 0         ; 0    ; 0            ; 4 (4)        ; 0 (0)             ; 32 (32)          ; 0          ; |SimpleRiscExample|System:system|VexRISCVSoftcore:core|VexRiscv:axi_cpu|StreamFifoLowLatency_1_:IBusSimplePlugin_rspJoin_rspBuffer_c                                               ; StreamFifoLowLatency_1_ ; work         ;
;             |lpm_mult:Mult0|                                                            ; 0 (0)       ; 0 (0)                     ; 0 (0)         ; 0           ; 0    ; 0          ; 2            ; 0       ; 1         ; 0    ; 0            ; 0 (0)        ; 0 (0)             ; 0 (0)            ; 0          ; |SimpleRiscExample|System:system|VexRISCVSoftcore:core|VexRiscv:axi_cpu|lpm_mult:Mult0                                                                                             ; lpm_mult                ; work         ;
;                |mult_tgs:auto_generated|                                                ; 0 (0)       ; 0 (0)                     ; 0 (0)         ; 0           ; 0    ; 0          ; 2            ; 0       ; 1         ; 0    ; 0            ; 0 (0)        ; 0 (0)             ; 0 (0)            ; 0          ; |SimpleRiscExample|System:system|VexRISCVSoftcore:core|VexRiscv:axi_cpu|lpm_mult:Mult0|mult_tgs:auto_generated                                                                     ; mult_tgs                ; work         ;
;             |lpm_mult:Mult1|                                                            ; 0 (0)       ; 0 (0)                     ; 0 (0)         ; 0           ; 0    ; 0          ; 2            ; 0       ; 1         ; 0    ; 0            ; 0 (0)        ; 0 (0)             ; 0 (0)            ; 0          ; |SimpleRiscExample|System:system|VexRISCVSoftcore:core|VexRiscv:axi_cpu|lpm_mult:Mult1                                                                                             ; lpm_mult                ; work         ;
;                |mult_tns:auto_generated|                                                ; 0 (0)       ; 0 (0)                     ; 0 (0)         ; 0           ; 0    ; 0          ; 2            ; 0       ; 1         ; 0    ; 0            ; 0 (0)        ; 0 (0)             ; 0 (0)            ; 0          ; |SimpleRiscExample|System:system|VexRISCVSoftcore:core|VexRiscv:axi_cpu|lpm_mult:Mult1|mult_tns:auto_generated                                                                     ; mult_tns                ; work         ;
;             |lpm_mult:Mult2|                                                            ; 0 (0)       ; 0 (0)                     ; 0 (0)         ; 0           ; 0    ; 0          ; 2            ; 0       ; 1         ; 0    ; 0            ; 0 (0)        ; 0 (0)             ; 0 (0)            ; 0          ; |SimpleRiscExample|System:system|VexRISCVSoftcore:core|VexRiscv:axi_cpu|lpm_mult:Mult2                                                                                             ; lpm_mult                ; work         ;
;                |mult_tgs:auto_generated|                                                ; 0 (0)       ; 0 (0)                     ; 0 (0)         ; 0           ; 0    ; 0          ; 2            ; 0       ; 1         ; 0    ; 0            ; 0 (0)        ; 0 (0)             ; 0 (0)            ; 0          ; |SimpleRiscExample|System:system|VexRISCVSoftcore:core|VexRiscv:axi_cpu|lpm_mult:Mult2|mult_tgs:auto_generated                                                                     ; mult_tgs                ; work         ;
;             |lpm_mult:Mult3|                                                            ; 0 (0)       ; 0 (0)                     ; 0 (0)         ; 0           ; 0    ; 0          ; 2            ; 0       ; 1         ; 0    ; 0            ; 0 (0)        ; 0 (0)             ; 0 (0)            ; 0          ; |SimpleRiscExample|System:system|VexRISCVSoftcore:core|VexRiscv:axi_cpu|lpm_mult:Mult3                                                                                             ; lpm_mult                ; work         ;
;                |mult_tgs:auto_generated|                                                ; 0 (0)       ; 0 (0)                     ; 0 (0)         ; 0           ; 0    ; 0          ; 2            ; 0       ; 1         ; 0    ; 0            ; 0 (0)        ; 0 (0)             ; 0 (0)            ; 0          ; |SimpleRiscExample|System:system|VexRISCVSoftcore:core|VexRiscv:axi_cpu|lpm_mult:Mult3|mult_tgs:auto_generated                                                                     ; mult_tgs                ; work         ;
+-----------------------------------------------------------------------------------------+-------------+---------------------------+---------------+-------------+------+------------+--------------+---------+-----------+------+--------------+--------------+-------------------+------------------+------------+------------------------------------------------------------------------------------------------------------------------------------------------------------------------------------+-------------------------+--------------+
Note: For table entries with two numbers listed, the numbers in parentheses indicate the number of resources of the given type used by the specific entity alone. The numbers listed outside of parentheses indicate the total resources of the given type used by the specific entity and all of its sub-entities in the hierarchy.


+-----------------------------------------------------------------------------------------------+
; Delay Chain Summary                                                                           ;
+---------------+----------+---------------+---------------+-----------------------+-----+------+
; Name          ; Pin Type ; Pad to Core 0 ; Pad to Core 1 ; Pad to Input Register ; TCO ; TCOE ;
+---------------+----------+---------------+---------------+-----------------------+-----+------+
; KEY[1]        ; Input    ; --            ; --            ; --                    ; --  ; --   ;
; LEDR[0]       ; Output   ; --            ; --            ; --                    ; --  ; --   ;
; LEDR[1]       ; Output   ; --            ; --            ; --                    ; --  ; --   ;
; LEDR[2]       ; Output   ; --            ; --            ; --                    ; --  ; --   ;
; LEDR[3]       ; Output   ; --            ; --            ; --                    ; --  ; --   ;
; LEDR[4]       ; Output   ; --            ; --            ; --                    ; --  ; --   ;
; LEDR[5]       ; Output   ; --            ; --            ; --                    ; --  ; --   ;
; LEDR[6]       ; Output   ; --            ; --            ; --                    ; --  ; --   ;
; LEDR[7]       ; Output   ; --            ; --            ; --                    ; --  ; --   ;
; LEDR[8]       ; Output   ; --            ; --            ; --                    ; --  ; --   ;
; LEDR[9]       ; Output   ; --            ; --            ; --                    ; --  ; --   ;
; HEX0[0]       ; Output   ; --            ; --            ; --                    ; --  ; --   ;
; HEX0[1]       ; Output   ; --            ; --            ; --                    ; --  ; --   ;
; HEX0[2]       ; Output   ; --            ; --            ; --                    ; --  ; --   ;
; HEX0[3]       ; Output   ; --            ; --            ; --                    ; --  ; --   ;
; HEX0[4]       ; Output   ; --            ; --            ; --                    ; --  ; --   ;
; HEX0[5]       ; Output   ; --            ; --            ; --                    ; --  ; --   ;
; HEX0[6]       ; Output   ; --            ; --            ; --                    ; --  ; --   ;
; HEX0[7]       ; Output   ; --            ; --            ; --                    ; --  ; --   ;
; HEX1[0]       ; Output   ; --            ; --            ; --                    ; --  ; --   ;
; HEX1[1]       ; Output   ; --            ; --            ; --                    ; --  ; --   ;
; HEX1[2]       ; Output   ; --            ; --            ; --                    ; --  ; --   ;
; HEX1[3]       ; Output   ; --            ; --            ; --                    ; --  ; --   ;
; HEX1[4]       ; Output   ; --            ; --            ; --                    ; --  ; --   ;
; HEX1[5]       ; Output   ; --            ; --            ; --                    ; --  ; --   ;
; HEX1[6]       ; Output   ; --            ; --            ; --                    ; --  ; --   ;
; HEX1[7]       ; Output   ; --            ; --            ; --                    ; --  ; --   ;
; HEX2[0]       ; Output   ; --            ; --            ; --                    ; --  ; --   ;
; HEX2[1]       ; Output   ; --            ; --            ; --                    ; --  ; --   ;
; HEX2[2]       ; Output   ; --            ; --            ; --                    ; --  ; --   ;
; HEX2[3]       ; Output   ; --            ; --            ; --                    ; --  ; --   ;
; HEX2[4]       ; Output   ; --            ; --            ; --                    ; --  ; --   ;
; HEX2[5]       ; Output   ; --            ; --            ; --                    ; --  ; --   ;
; HEX2[6]       ; Output   ; --            ; --            ; --                    ; --  ; --   ;
; HEX2[7]       ; Output   ; --            ; --            ; --                    ; --  ; --   ;
; HEX3[0]       ; Output   ; --            ; --            ; --                    ; --  ; --   ;
; HEX3[1]       ; Output   ; --            ; --            ; --                    ; --  ; --   ;
; HEX3[2]       ; Output   ; --            ; --            ; --                    ; --  ; --   ;
; HEX3[3]       ; Output   ; --            ; --            ; --                    ; --  ; --   ;
; HEX3[4]       ; Output   ; --            ; --            ; --                    ; --  ; --   ;
; HEX3[5]       ; Output   ; --            ; --            ; --                    ; --  ; --   ;
; HEX3[6]       ; Output   ; --            ; --            ; --                    ; --  ; --   ;
; HEX3[7]       ; Output   ; --            ; --            ; --                    ; --  ; --   ;
; HEX4[0]       ; Output   ; --            ; --            ; --                    ; --  ; --   ;
; HEX4[1]       ; Output   ; --            ; --            ; --                    ; --  ; --   ;
; HEX4[2]       ; Output   ; --            ; --            ; --                    ; --  ; --   ;
; HEX4[3]       ; Output   ; --            ; --            ; --                    ; --  ; --   ;
; HEX4[4]       ; Output   ; --            ; --            ; --                    ; --  ; --   ;
; HEX4[5]       ; Output   ; --            ; --            ; --                    ; --  ; --   ;
; HEX4[6]       ; Output   ; --            ; --            ; --                    ; --  ; --   ;
; HEX4[7]       ; Output   ; --            ; --            ; --                    ; --  ; --   ;
; TXD           ; Output   ; --            ; --            ; --                    ; --  ; --   ;
; TDO           ; Output   ; --            ; --            ; --                    ; --  ; --   ;
; DRAM_ADDR[0]  ; Output   ; --            ; --            ; --                    ; --  ; --   ;
; DRAM_ADDR[1]  ; Output   ; --            ; --            ; --                    ; --  ; --   ;
; DRAM_ADDR[2]  ; Output   ; --            ; --            ; --                    ; --  ; --   ;
; DRAM_ADDR[3]  ; Output   ; --            ; --            ; --                    ; --  ; --   ;
; DRAM_ADDR[4]  ; Output   ; --            ; --            ; --                    ; --  ; --   ;
; DRAM_ADDR[5]  ; Output   ; --            ; --            ; --                    ; --  ; --   ;
; DRAM_ADDR[6]  ; Output   ; --            ; --            ; --                    ; --  ; --   ;
; DRAM_ADDR[7]  ; Output   ; --            ; --            ; --                    ; --  ; --   ;
; DRAM_ADDR[8]  ; Output   ; --            ; --            ; --                    ; --  ; --   ;
; DRAM_ADDR[9]  ; Output   ; --            ; --            ; --                    ; --  ; --   ;
; DRAM_ADDR[10] ; Output   ; --            ; --            ; --                    ; --  ; --   ;
; DRAM_ADDR[11] ; Output   ; --            ; --            ; --                    ; --  ; --   ;
; DRAM_ADDR[12] ; Output   ; --            ; --            ; --                    ; --  ; --   ;
; DRAM_BA[0]    ; Output   ; --            ; --            ; --                    ; --  ; --   ;
; DRAM_BA[1]    ; Output   ; --            ; --            ; --                    ; --  ; --   ;
; DRAM_CAS_N    ; Output   ; --            ; --            ; --                    ; --  ; --   ;
; DRAM_CKE      ; Output   ; --            ; --            ; --                    ; --  ; --   ;
; DRAM_CLK      ; Output   ; --            ; --            ; --                    ; --  ; --   ;
; DRAM_CS_N     ; Output   ; --            ; --            ; --                    ; --  ; --   ;
; DRAM_RAS_N    ; Output   ; --            ; --            ; --                    ; --  ; --   ;
; DRAM_WE_N     ; Output   ; --            ; --            ; --                    ; --  ; --   ;
; DRAM_LDQM     ; Output   ; --            ; --            ; --                    ; --  ; --   ;
; DRAM_UDQM     ; Output   ; --            ; --            ; --                    ; --  ; --   ;
; ARDUINO_IO[0] ; Bidir    ; --            ; --            ; --                    ; --  ; --   ;
; ARDUINO_IO[1] ; Bidir    ; --            ; --            ; --                    ; --  ; --   ;
; ARDUINO_IO[2] ; Bidir    ; --            ; --            ; --                    ; --  ; --   ;
; ARDUINO_IO[3] ; Bidir    ; --            ; --            ; --                    ; --  ; --   ;
; ARDUINO_IO[4] ; Bidir    ; --            ; --            ; --                    ; --  ; --   ;
; ARDUINO_IO[5] ; Bidir    ; --            ; --            ; --                    ; --  ; --   ;
; ARDUINO_IO[6] ; Bidir    ; --            ; --            ; --                    ; --  ; --   ;
; ARDUINO_IO[7] ; Bidir    ; --            ; --            ; --                    ; --  ; --   ;
; ARDUINO_IO[8] ; Bidir    ; --            ; --            ; --                    ; --  ; --   ;
; ARDUINO_IO[9] ; Bidir    ; --            ; --            ; --                    ; --  ; --   ;
; DRAM_DQ[0]    ; Bidir    ; (6) 873 ps    ; --            ; --                    ; --  ; --   ;
; DRAM_DQ[1]    ; Bidir    ; (6) 873 ps    ; --            ; --                    ; --  ; --   ;
; DRAM_DQ[2]    ; Bidir    ; (6) 873 ps    ; --            ; --                    ; --  ; --   ;
; DRAM_DQ[3]    ; Bidir    ; (6) 873 ps    ; --            ; --                    ; --  ; --   ;
; DRAM_DQ[4]    ; Bidir    ; --            ; (6) 873 ps    ; --                    ; --  ; --   ;
; DRAM_DQ[5]    ; Bidir    ; --            ; (6) 873 ps    ; --                    ; --  ; --   ;
; DRAM_DQ[6]    ; Bidir    ; (6) 873 ps    ; --            ; --                    ; --  ; --   ;
; DRAM_DQ[7]    ; Bidir    ; (6) 873 ps    ; --            ; --                    ; --  ; --   ;
; DRAM_DQ[8]    ; Bidir    ; (6) 873 ps    ; --            ; --                    ; --  ; --   ;
; DRAM_DQ[9]    ; Bidir    ; (6) 873 ps    ; --            ; --                    ; --  ; --   ;
; DRAM_DQ[10]   ; Bidir    ; --            ; (6) 873 ps    ; --                    ; --  ; --   ;
; DRAM_DQ[11]   ; Bidir    ; (6) 873 ps    ; --            ; --                    ; --  ; --   ;
; DRAM_DQ[12]   ; Bidir    ; (6) 873 ps    ; --            ; --                    ; --  ; --   ;
; DRAM_DQ[13]   ; Bidir    ; --            ; (6) 873 ps    ; --                    ; --  ; --   ;
; DRAM_DQ[14]   ; Bidir    ; (6) 873 ps    ; --            ; --                    ; --  ; --   ;
; DRAM_DQ[15]   ; Bidir    ; (6) 873 ps    ; --            ; --                    ; --  ; --   ;
; TCK           ; Input    ; (0) 0 ps      ; (0) 0 ps      ; --                    ; --  ; --   ;
; MAX10_CLK1_50 ; Input    ; --            ; --            ; --                    ; --  ; --   ;
; TDI           ; Input    ; (6) 868 ps    ; --            ; --                    ; --  ; --   ;
; TMS           ; Input    ; --            ; (6) 868 ps    ; --                    ; --  ; --   ;
; KEY[0]        ; Input    ; (6) 868 ps    ; --            ; --                    ; --  ; --   ;
; RXD           ; Input    ; (6) 868 ps    ; --            ; --                    ; --  ; --   ;
; SW[2]         ; Input    ; (6) 868 ps    ; --            ; --                    ; --  ; --   ;
; SW[9]         ; Input    ; --            ; (6) 868 ps    ; --                    ; --  ; --   ;
; SW[1]         ; Input    ; (6) 868 ps    ; --            ; --                    ; --  ; --   ;
; SW[8]         ; Input    ; --            ; (6) 868 ps    ; --                    ; --  ; --   ;
; SW[0]         ; Input    ; --            ; (6) 868 ps    ; --                    ; --  ; --   ;
; SW[3]         ; Input    ; (6) 868 ps    ; --            ; --                    ; --  ; --   ;
; SW[7]         ; Input    ; (6) 868 ps    ; --            ; --                    ; --  ; --   ;
; SW[6]         ; Input    ; (6) 868 ps    ; --            ; --                    ; --  ; --   ;
; SW[5]         ; Input    ; --            ; (6) 868 ps    ; --                    ; --  ; --   ;
; SW[4]         ; Input    ; --            ; (6) 868 ps    ; --                    ; --  ; --   ;
+---------------+----------+---------------+---------------+-----------------------+-----+------+


+---------------------------------------------------------------------------------------------------------------------------------------------------------------------------------+
; Pad To Core Delay Chain Fanout                                                                                                                                                  ;
+---------------------------------------------------------------------------------------------------------------------------------------------------+-------------------+---------+
; Source Pin / Fanout                                                                                                                               ; Pad To Core Index ; Setting ;
+---------------------------------------------------------------------------------------------------------------------------------------------------+-------------------+---------+
; KEY[1]                                                                                                                                            ;                   ;         ;
; ARDUINO_IO[0]                                                                                                                                     ;                   ;         ;
; ARDUINO_IO[1]                                                                                                                                     ;                   ;         ;
; ARDUINO_IO[2]                                                                                                                                     ;                   ;         ;
; ARDUINO_IO[3]                                                                                                                                     ;                   ;         ;
; ARDUINO_IO[4]                                                                                                                                     ;                   ;         ;
; ARDUINO_IO[5]                                                                                                                                     ;                   ;         ;
; ARDUINO_IO[6]                                                                                                                                     ;                   ;         ;
; ARDUINO_IO[7]                                                                                                                                     ;                   ;         ;
; ARDUINO_IO[8]                                                                                                                                     ;                   ;         ;
; ARDUINO_IO[9]                                                                                                                                     ;                   ;         ;
; DRAM_DQ[0]                                                                                                                                        ;                   ;         ;
;      - System:system|VexRISCVSoftcore:core|Axi4SharedSdramCtrl:axi_sdramCtrl|SdramCtrl:ctrl|chip_sdram_DQ_read[0]~feeder                          ; 0                 ; 6       ;
; DRAM_DQ[1]                                                                                                                                        ;                   ;         ;
;      - System:system|VexRISCVSoftcore:core|Axi4SharedSdramCtrl:axi_sdramCtrl|SdramCtrl:ctrl|chip_sdram_DQ_read[1]~feeder                          ; 0                 ; 6       ;
; DRAM_DQ[2]                                                                                                                                        ;                   ;         ;
;      - System:system|VexRISCVSoftcore:core|Axi4SharedSdramCtrl:axi_sdramCtrl|SdramCtrl:ctrl|chip_sdram_DQ_read[2]~feeder                          ; 0                 ; 6       ;
; DRAM_DQ[3]                                                                                                                                        ;                   ;         ;
;      - System:system|VexRISCVSoftcore:core|Axi4SharedSdramCtrl:axi_sdramCtrl|SdramCtrl:ctrl|chip_sdram_DQ_read[3]~feeder                          ; 0                 ; 6       ;
; DRAM_DQ[4]                                                                                                                                        ;                   ;         ;
;      - System:system|VexRISCVSoftcore:core|Axi4SharedSdramCtrl:axi_sdramCtrl|SdramCtrl:ctrl|chip_sdram_DQ_read[4]                                 ; 1                 ; 6       ;
; DRAM_DQ[5]                                                                                                                                        ;                   ;         ;
;      - System:system|VexRISCVSoftcore:core|Axi4SharedSdramCtrl:axi_sdramCtrl|SdramCtrl:ctrl|chip_sdram_DQ_read[5]~feeder                          ; 1                 ; 6       ;
; DRAM_DQ[6]                                                                                                                                        ;                   ;         ;
;      - System:system|VexRISCVSoftcore:core|Axi4SharedSdramCtrl:axi_sdramCtrl|SdramCtrl:ctrl|chip_sdram_DQ_read[6]                                 ; 0                 ; 6       ;
; DRAM_DQ[7]                                                                                                                                        ;                   ;         ;
;      - System:system|VexRISCVSoftcore:core|Axi4SharedSdramCtrl:axi_sdramCtrl|SdramCtrl:ctrl|chip_sdram_DQ_read[7]~feeder                          ; 0                 ; 6       ;
; DRAM_DQ[8]                                                                                                                                        ;                   ;         ;
;      - System:system|VexRISCVSoftcore:core|Axi4SharedSdramCtrl:axi_sdramCtrl|SdramCtrl:ctrl|chip_sdram_DQ_read[8]~feeder                          ; 0                 ; 6       ;
; DRAM_DQ[9]                                                                                                                                        ;                   ;         ;
;      - System:system|VexRISCVSoftcore:core|Axi4SharedSdramCtrl:axi_sdramCtrl|SdramCtrl:ctrl|chip_sdram_DQ_read[9]~feeder                          ; 0                 ; 6       ;
; DRAM_DQ[10]                                                                                                                                       ;                   ;         ;
;      - System:system|VexRISCVSoftcore:core|Axi4SharedSdramCtrl:axi_sdramCtrl|SdramCtrl:ctrl|chip_sdram_DQ_read[10]~feeder                         ; 1                 ; 6       ;
; DRAM_DQ[11]                                                                                                                                       ;                   ;         ;
;      - System:system|VexRISCVSoftcore:core|Axi4SharedSdramCtrl:axi_sdramCtrl|SdramCtrl:ctrl|chip_sdram_DQ_read[11]~feeder                         ; 0                 ; 6       ;
; DRAM_DQ[12]                                                                                                                                       ;                   ;         ;
;      - System:system|VexRISCVSoftcore:core|Axi4SharedSdramCtrl:axi_sdramCtrl|SdramCtrl:ctrl|chip_sdram_DQ_read[12]~feeder                         ; 0                 ; 6       ;
; DRAM_DQ[13]                                                                                                                                       ;                   ;         ;
;      - System:system|VexRISCVSoftcore:core|Axi4SharedSdramCtrl:axi_sdramCtrl|SdramCtrl:ctrl|chip_sdram_DQ_read[13]~feeder                         ; 1                 ; 6       ;
; DRAM_DQ[14]                                                                                                                                       ;                   ;         ;
;      - System:system|VexRISCVSoftcore:core|Axi4SharedSdramCtrl:axi_sdramCtrl|SdramCtrl:ctrl|chip_sdram_DQ_read[14]~feeder                         ; 0                 ; 6       ;
; DRAM_DQ[15]                                                                                                                                       ;                   ;         ;
;      - System:system|VexRISCVSoftcore:core|Axi4SharedSdramCtrl:axi_sdramCtrl|SdramCtrl:ctrl|chip_sdram_DQ_read[15]~feeder                         ; 0                 ; 6       ;
; TCK                                                                                                                                               ;                   ;         ;
;      - System:system|VexRISCVSoftcore:core|JtagBridge:jtagBridge_1_|jtag_readArea_shifter[0]                                                      ; 1                 ; 0       ;
;      - System:system|VexRISCVSoftcore:core|JtagBridge:jtagBridge_1_|jtag_idcodeArea_shifter[0]                                                    ; 0                 ; 0       ;
;      - System:system|VexRISCVSoftcore:core|JtagBridge:jtagBridge_1_|jtag_tap_instruction[0]                                                       ; 0                 ; 0       ;
;      - System:system|VexRISCVSoftcore:core|JtagBridge:jtagBridge_1_|jtag_tap_instruction[1]                                                       ; 0                 ; 0       ;
;      - System:system|VexRISCVSoftcore:core|JtagBridge:jtagBridge_1_|jtag_tap_instruction[2]                                                       ; 0                 ; 0       ;
;      - System:system|VexRISCVSoftcore:core|JtagBridge:jtagBridge_1_|jtag_tap_instruction[3]                                                       ; 0                 ; 0       ;
;      - System:system|VexRISCVSoftcore:core|JtagBridge:jtagBridge_1_|jtag_tap_instructionShift[0]                                                  ; 1                 ; 0       ;
;      - System:system|VexRISCVSoftcore:core|JtagBridge:jtagBridge_1_|jtag_tap_bypass                                                               ; 0                 ; 0       ;
;      - System:system|VexRISCVSoftcore:core|JtagBridge:jtagBridge_1_|jtag_tap_tdoUnbufferd_regNext                                                 ; 0                 ; 0       ;
;      - System:system|VexRISCVSoftcore:core|JtagBridge:jtagBridge_1_|jtag_readArea_shifter[1]                                                      ; 1                 ; 0       ;
;      - System:system|VexRISCVSoftcore:core|JtagBridge:jtagBridge_1_|jtag_tap_fsm_state.0100                                                       ; 0                 ; 0       ;
;      - System:system|VexRISCVSoftcore:core|JtagBridge:jtagBridge_1_|jtag_tap_fsm_state.1011                                                       ; 0                 ; 0       ;
;      - System:system|VexRISCVSoftcore:core|JtagBridge:jtagBridge_1_|jtag_tap_fsm_state.1010                                                       ; 0                 ; 0       ;
;      - System:system|VexRISCVSoftcore:core|JtagBridge:jtagBridge_1_|jtag_idcodeArea_shifter[1]                                                    ; 0                 ; 0       ;
;      - System:system|VexRISCVSoftcore:core|JtagBridge:jtagBridge_1_|jtag_tap_fsm_state.0000                                                       ; 0                 ; 0       ;
;      - System:system|VexRISCVSoftcore:core|JtagBridge:jtagBridge_1_|jtag_tap_instructionShift[1]                                                  ; 1                 ; 0       ;
;      - System:system|VexRISCVSoftcore:core|JtagBridge:jtagBridge_1_|jtag_tap_fsm_state.1000                                                       ; 0                 ; 0       ;
;      - System:system|VexRISCVSoftcore:core|JtagBridge:jtagBridge_1_|jtag_tap_fsm_state.0011                                                       ; 0                 ; 0       ;
;      - System:system|VexRISCVSoftcore:core|JtagBridge:jtagBridge_1_|jtag_tap_fsm_state.0111                                                       ; 0                 ; 0       ;
;      - System:system|VexRISCVSoftcore:core|JtagBridge:jtagBridge_1_|jtag_tap_instructionShift[2]                                                  ; 1                 ; 0       ;
;      - System:system|VexRISCVSoftcore:core|JtagBridge:jtagBridge_1_|jtag_tap_instructionShift[3]                                                  ; 1                 ; 0       ;
;      - System:system|VexRISCVSoftcore:core|JtagBridge:jtagBridge_1_|jtag_tap_fsm_state.1110                                                       ; 0                 ; 0       ;
;      - System:system|VexRISCVSoftcore:core|JtagBridge:jtagBridge_1_|jtag_readArea_shifter[2]                                                      ; 1                 ; 0       ;
;      - System:system|VexRISCVSoftcore:core|JtagBridge:jtagBridge_1_|jtag_tap_fsm_state.1001                                                       ; 0                 ; 0       ;
;      - System:system|VexRISCVSoftcore:core|JtagBridge:jtagBridge_1_|jtag_idcodeArea_shifter[2]                                                    ; 0                 ; 0       ;
;      - System:system|VexRISCVSoftcore:core|JtagBridge:jtagBridge_1_|jtag_tap_fsm_state.0010                                                       ; 0                 ; 0       ;
;      - System:system|VexRISCVSoftcore:core|JtagBridge:jtagBridge_1_|jtag_tap_fsm_state.0101                                                       ; 0                 ; 0       ;
;      - System:system|VexRISCVSoftcore:core|JtagBridge:jtagBridge_1_|jtag_tap_fsm_state.0110                                                       ; 0                 ; 0       ;
;      - System:system|VexRISCVSoftcore:core|JtagBridge:jtagBridge_1_|jtag_tap_fsm_state.1101                                                       ; 0                 ; 0       ;
;      - System:system|VexRISCVSoftcore:core|JtagBridge:jtagBridge_1_|jtag_readArea_shifter[3]                                                      ; 1                 ; 0       ;
;      - System:system|VexRISCVSoftcore:core|JtagBridge:jtagBridge_1_|jtag_tap_fsm_state.0001                                                       ; 0                 ; 0       ;
;      - System:system|VexRISCVSoftcore:core|JtagBridge:jtagBridge_1_|jtag_tap_fsm_state.1111                                                       ; 0                 ; 0       ;
;      - System:system|VexRISCVSoftcore:core|JtagBridge:jtagBridge_1_|jtag_idcodeArea_shifter[3]                                                    ; 0                 ; 0       ;
;      - System:system|VexRISCVSoftcore:core|JtagBridge:jtagBridge_1_|jtag_tap_fsm_state.1100                                                       ; 0                 ; 0       ;
;      - System:system|VexRISCVSoftcore:core|JtagBridge:jtagBridge_1_|FlowCCByToggle:flowCCByToggle_1_|inputArea_data_last                          ; 1                 ; 0       ;
;      - System:system|VexRISCVSoftcore:core|JtagBridge:jtagBridge_1_|FlowCCByToggle:flowCCByToggle_1_|inputArea_data_fragment[0]                   ; 1                 ; 0       ;
;      - System:system|VexRISCVSoftcore:core|JtagBridge:jtagBridge_1_|jtag_readArea_shifter[4]                                                      ; 1                 ; 0       ;
;      - System:system|VexRISCVSoftcore:core|JtagBridge:jtagBridge_1_|jtag_idcodeArea_shifter[4]                                                    ; 0                 ; 0       ;
;      - System:system|VexRISCVSoftcore:core|JtagBridge:jtagBridge_1_|jtag_readArea_shifter[5]                                                      ; 0                 ; 0       ;
;      - System:system|VexRISCVSoftcore:core|JtagBridge:jtagBridge_1_|FlowCCByToggle:flowCCByToggle_1_|inputArea_target                             ; 1                 ; 0       ;
;      - System:system|VexRISCVSoftcore:core|JtagBridge:jtagBridge_1_|jtag_idcodeArea_shifter[5]                                                    ; 0                 ; 0       ;
;      - System:system|VexRISCVSoftcore:core|JtagBridge:jtagBridge_1_|jtag_readArea_shifter[6]                                                      ; 0                 ; 0       ;
;      - System:system|VexRISCVSoftcore:core|JtagBridge:jtagBridge_1_|jtag_idcodeArea_shifter[6]                                                    ; 0                 ; 0       ;
;      - System:system|VexRISCVSoftcore:core|JtagBridge:jtagBridge_1_|jtag_readArea_shifter[7]                                                      ; 0                 ; 0       ;
;      - System:system|VexRISCVSoftcore:core|JtagBridge:jtagBridge_1_|jtag_idcodeArea_shifter[7]                                                    ; 0                 ; 0       ;
;      - System:system|VexRISCVSoftcore:core|JtagBridge:jtagBridge_1_|jtag_readArea_shifter[8]                                                      ; 0                 ; 0       ;
;      - System:system|VexRISCVSoftcore:core|JtagBridge:jtagBridge_1_|jtag_idcodeArea_shifter[8]                                                    ; 0                 ; 0       ;
;      - System:system|VexRISCVSoftcore:core|JtagBridge:jtagBridge_1_|jtag_readArea_shifter[9]                                                      ; 0                 ; 0       ;
;      - System:system|VexRISCVSoftcore:core|JtagBridge:jtagBridge_1_|jtag_idcodeArea_shifter[9]                                                    ; 0                 ; 0       ;
;      - System:system|VexRISCVSoftcore:core|JtagBridge:jtagBridge_1_|jtag_readArea_shifter[10]                                                     ; 0                 ; 0       ;
;      - System:system|VexRISCVSoftcore:core|JtagBridge:jtagBridge_1_|jtag_idcodeArea_shifter[10]                                                   ; 0                 ; 0       ;
;      - System:system|VexRISCVSoftcore:core|JtagBridge:jtagBridge_1_|jtag_readArea_shifter[11]                                                     ; 1                 ; 0       ;
;      - System:system|VexRISCVSoftcore:core|JtagBridge:jtagBridge_1_|jtag_idcodeArea_shifter[11]                                                   ; 0                 ; 0       ;
;      - System:system|VexRISCVSoftcore:core|JtagBridge:jtagBridge_1_|jtag_readArea_shifter[12]                                                     ; 1                 ; 0       ;
;      - System:system|VexRISCVSoftcore:core|JtagBridge:jtagBridge_1_|jtag_idcodeArea_shifter[12]                                                   ; 0                 ; 0       ;
;      - System:system|VexRISCVSoftcore:core|JtagBridge:jtagBridge_1_|jtag_readArea_shifter[13]                                                     ; 1                 ; 0       ;
;      - System:system|VexRISCVSoftcore:core|JtagBridge:jtagBridge_1_|jtag_idcodeArea_shifter[13]                                                   ; 0                 ; 0       ;
;      - System:system|VexRISCVSoftcore:core|JtagBridge:jtagBridge_1_|jtag_readArea_shifter[14]                                                     ; 1                 ; 0       ;
;      - System:system|VexRISCVSoftcore:core|JtagBridge:jtagBridge_1_|jtag_idcodeArea_shifter[14]                                                   ; 0                 ; 0       ;
;      - System:system|VexRISCVSoftcore:core|JtagBridge:jtagBridge_1_|jtag_readArea_shifter[15]                                                     ; 1                 ; 0       ;
;      - System:system|VexRISCVSoftcore:core|JtagBridge:jtagBridge_1_|jtag_idcodeArea_shifter[15]                                                   ; 0                 ; 0       ;
;      - System:system|VexRISCVSoftcore:core|JtagBridge:jtagBridge_1_|jtag_readArea_shifter[16]                                                     ; 1                 ; 0       ;
;      - System:system|VexRISCVSoftcore:core|JtagBridge:jtagBridge_1_|jtag_idcodeArea_shifter[16]                                                   ; 0                 ; 0       ;
;      - System:system|VexRISCVSoftcore:core|JtagBridge:jtagBridge_1_|jtag_readArea_shifter[17]                                                     ; 1                 ; 0       ;
;      - System:system|VexRISCVSoftcore:core|JtagBridge:jtagBridge_1_|jtag_idcodeArea_shifter[17]                                                   ; 0                 ; 0       ;
;      - System:system|VexRISCVSoftcore:core|JtagBridge:jtagBridge_1_|jtag_readArea_shifter[18]                                                     ; 1                 ; 0       ;
;      - System:system|VexRISCVSoftcore:core|JtagBridge:jtagBridge_1_|jtag_idcodeArea_shifter[18]                                                   ; 0                 ; 0       ;
;      - System:system|VexRISCVSoftcore:core|JtagBridge:jtagBridge_1_|jtag_readArea_shifter[19]                                                     ; 1                 ; 0       ;
;      - System:system|VexRISCVSoftcore:core|JtagBridge:jtagBridge_1_|jtag_idcodeArea_shifter[19]                                                   ; 0                 ; 0       ;
;      - System:system|VexRISCVSoftcore:core|JtagBridge:jtagBridge_1_|jtag_readArea_shifter[20]                                                     ; 1                 ; 0       ;
;      - System:system|VexRISCVSoftcore:core|JtagBridge:jtagBridge_1_|jtag_idcodeArea_shifter[20]                                                   ; 0                 ; 0       ;
;      - System:system|VexRISCVSoftcore:core|JtagBridge:jtagBridge_1_|jtag_readArea_shifter[21]                                                     ; 1                 ; 0       ;
;      - System:system|VexRISCVSoftcore:core|JtagBridge:jtagBridge_1_|jtag_idcodeArea_shifter[21]                                                   ; 0                 ; 0       ;
;      - System:system|VexRISCVSoftcore:core|JtagBridge:jtagBridge_1_|jtag_readArea_shifter[22]                                                     ; 1                 ; 0       ;
;      - System:system|VexRISCVSoftcore:core|JtagBridge:jtagBridge_1_|jtag_idcodeArea_shifter[22]                                                   ; 0                 ; 0       ;
;      - System:system|VexRISCVSoftcore:core|JtagBridge:jtagBridge_1_|jtag_readArea_shifter[23]                                                     ; 1                 ; 0       ;
;      - System:system|VexRISCVSoftcore:core|JtagBridge:jtagBridge_1_|jtag_idcodeArea_shifter[23]                                                   ; 0                 ; 0       ;
;      - System:system|VexRISCVSoftcore:core|JtagBridge:jtagBridge_1_|jtag_readArea_shifter[24]                                                     ; 1                 ; 0       ;
;      - System:system|VexRISCVSoftcore:core|JtagBridge:jtagBridge_1_|jtag_idcodeArea_shifter[24]                                                   ; 0                 ; 0       ;
;      - System:system|VexRISCVSoftcore:core|JtagBridge:jtagBridge_1_|jtag_readArea_shifter[25]                                                     ; 1                 ; 0       ;
;      - System:system|VexRISCVSoftcore:core|JtagBridge:jtagBridge_1_|jtag_idcodeArea_shifter[25]                                                   ; 0                 ; 0       ;
;      - System:system|VexRISCVSoftcore:core|JtagBridge:jtagBridge_1_|jtag_readArea_shifter[26]                                                     ; 1                 ; 0       ;
;      - System:system|VexRISCVSoftcore:core|JtagBridge:jtagBridge_1_|jtag_idcodeArea_shifter[26]                                                   ; 0                 ; 0       ;
;      - System:system|VexRISCVSoftcore:core|JtagBridge:jtagBridge_1_|jtag_readArea_shifter[27]                                                     ; 1                 ; 0       ;
;      - System:system|VexRISCVSoftcore:core|JtagBridge:jtagBridge_1_|jtag_idcodeArea_shifter[27]                                                   ; 0                 ; 0       ;
;      - System:system|VexRISCVSoftcore:core|JtagBridge:jtagBridge_1_|jtag_readArea_shifter[28]                                                     ; 1                 ; 0       ;
;      - System:system|VexRISCVSoftcore:core|JtagBridge:jtagBridge_1_|jtag_idcodeArea_shifter[28]                                                   ; 0                 ; 0       ;
;      - System:system|VexRISCVSoftcore:core|JtagBridge:jtagBridge_1_|jtag_readArea_shifter[29]                                                     ; 1                 ; 0       ;
;      - System:system|VexRISCVSoftcore:core|JtagBridge:jtagBridge_1_|jtag_idcodeArea_shifter[29]                                                   ; 0                 ; 0       ;
;      - System:system|VexRISCVSoftcore:core|JtagBridge:jtagBridge_1_|jtag_readArea_shifter[30]                                                     ; 1                 ; 0       ;
;      - System:system|VexRISCVSoftcore:core|JtagBridge:jtagBridge_1_|jtag_idcodeArea_shifter[30]                                                   ; 0                 ; 0       ;
;      - System:system|VexRISCVSoftcore:core|JtagBridge:jtagBridge_1_|jtag_readArea_shifter[31]                                                     ; 1                 ; 0       ;
;      - System:system|VexRISCVSoftcore:core|JtagBridge:jtagBridge_1_|jtag_idcodeArea_shifter[31]                                                   ; 0                 ; 0       ;
;      - System:system|VexRISCVSoftcore:core|JtagBridge:jtagBridge_1_|jtag_readArea_shifter[32]                                                     ; 1                 ; 0       ;
;      - System:system|VexRISCVSoftcore:core|JtagBridge:jtagBridge_1_|jtag_readArea_shifter[33]                                                     ; 1                 ; 0       ;
; MAX10_CLK1_50                                                                                                                                     ;                   ;         ;
; TDI                                                                                                                                               ;                   ;         ;
;      - System:system|VexRISCVSoftcore:core|JtagBridge:jtagBridge_1_|jtag_tap_bypass                                                               ; 0                 ; 6       ;
;      - System:system|VexRISCVSoftcore:core|JtagBridge:jtagBridge_1_|Selector11~0                                                                  ; 0                 ; 6       ;
;      - System:system|VexRISCVSoftcore:core|JtagBridge:jtagBridge_1_|jtag_idcodeArea_shifter~33                                                    ; 0                 ; 6       ;
;      - System:system|VexRISCVSoftcore:core|JtagBridge:jtagBridge_1_|jtag_readArea_shifter~34                                                      ; 0                 ; 6       ;
;      - System:system|VexRISCVSoftcore:core|JtagBridge:jtagBridge_1_|FlowCCByToggle:flowCCByToggle_1_|inputArea_data_fragment[0]~feeder            ; 0                 ; 6       ;
; TMS                                                                                                                                               ;                   ;         ;
;      - System:system|VexRISCVSoftcore:core|JtagBridge:jtagBridge_1_|Selector2~0                                                                   ; 1                 ; 6       ;
;      - System:system|VexRISCVSoftcore:core|JtagBridge:jtagBridge_1_|_zz_1_.1010~0                                                                 ; 1                 ; 6       ;
;      - System:system|VexRISCVSoftcore:core|JtagBridge:jtagBridge_1_|Selector0~0                                                                   ; 1                 ; 6       ;
;      - System:system|VexRISCVSoftcore:core|JtagBridge:jtagBridge_1_|Selector5~0                                                                   ; 1                 ; 6       ;
;      - System:system|VexRISCVSoftcore:core|JtagBridge:jtagBridge_1_|_zz_1_.0011~0                                                                 ; 1                 ; 6       ;
;      - System:system|VexRISCVSoftcore:core|JtagBridge:jtagBridge_1_|_zz_1_.0111~0                                                                 ; 1                 ; 6       ;
;      - System:system|VexRISCVSoftcore:core|JtagBridge:jtagBridge_1_|_zz_1_.1110~0                                                                 ; 1                 ; 6       ;
;      - System:system|VexRISCVSoftcore:core|JtagBridge:jtagBridge_1_|Selector6~0                                                                   ; 1                 ; 6       ;
;      - System:system|VexRISCVSoftcore:core|JtagBridge:jtagBridge_1_|_zz_1_.0010~0                                                                 ; 1                 ; 6       ;
;      - System:system|VexRISCVSoftcore:core|JtagBridge:jtagBridge_1_|Selector3~0                                                                   ; 1                 ; 6       ;
;      - System:system|VexRISCVSoftcore:core|JtagBridge:jtagBridge_1_|Selector4~0                                                                   ; 1                 ; 6       ;
;      - System:system|VexRISCVSoftcore:core|JtagBridge:jtagBridge_1_|Selector9~0                                                                   ; 1                 ; 6       ;
;      - System:system|VexRISCVSoftcore:core|JtagBridge:jtagBridge_1_|Selector1~0                                                                   ; 1                 ; 6       ;
;      - System:system|VexRISCVSoftcore:core|JtagBridge:jtagBridge_1_|Selector10~0                                                                  ; 1                 ; 6       ;
;      - System:system|VexRISCVSoftcore:core|JtagBridge:jtagBridge_1_|Selector8~0                                                                   ; 1                 ; 6       ;
;      - System:system|VexRISCVSoftcore:core|JtagBridge:jtagBridge_1_|FlowCCByToggle:flowCCByToggle_1_|inputArea_data_last~feeder                   ; 1                 ; 6       ;
; KEY[0]                                                                                                                                            ;                   ;         ;
;      - System:system|VexRISCVSoftcore:core|BufferCC_3_:io_asyncReset_buffercc|buffers_0~0                                                         ; 0                 ; 6       ;
; RXD                                                                                                                                               ;                   ;         ;
;      - System:system|VexRISCVSoftcore:core|Apb3UartCtrl:axi_uartCtrl|UartCtrl:uartCtrl_1_|UartCtrlRx:rx|BufferCC:io_rxd_buffercc|buffers_0~feeder ; 0                 ; 6       ;
; SW[2]                                                                                                                                             ;                   ;         ;
;      - ApbReadRegister:readReg|read_reg[2]                                                                                                        ; 0                 ; 6       ;
; SW[9]                                                                                                                                             ;                   ;         ;
;      - ApbReadRegister:readReg|read_reg[9]                                                                                                        ; 1                 ; 6       ;
; SW[1]                                                                                                                                             ;                   ;         ;
;      - ApbReadRegister:readReg|read_reg[1]                                                                                                        ; 0                 ; 6       ;
; SW[8]                                                                                                                                             ;                   ;         ;
;      - ApbReadRegister:readReg|read_reg[8]                                                                                                        ; 1                 ; 6       ;
; SW[0]                                                                                                                                             ;                   ;         ;
;      - ApbReadRegister:readReg|read_reg[0]                                                                                                        ; 1                 ; 6       ;
; SW[3]                                                                                                                                             ;                   ;         ;
;      - ApbReadRegister:readReg|read_reg[3]                                                                                                        ; 0                 ; 6       ;
; SW[7]                                                                                                                                             ;                   ;         ;
;      - ApbReadRegister:readReg|read_reg[7]                                                                                                        ; 0                 ; 6       ;
; SW[6]                                                                                                                                             ;                   ;         ;
;      - ApbReadRegister:readReg|read_reg[6]                                                                                                        ; 0                 ; 6       ;
; SW[5]                                                                                                                                             ;                   ;         ;
;      - ApbReadRegister:readReg|read_reg[5]                                                                                                        ; 1                 ; 6       ;
; SW[4]                                                                                                                                             ;                   ;         ;
;      - ApbReadRegister:readReg|read_reg[4]                                                                                                        ; 1                 ; 6       ;
+---------------------------------------------------------------------------------------------------------------------------------------------------+-------------------+---------+


+-----------------------------------------------------------------------------------------------------------------------------------------------------------------------------------------------------------------------------------------------------------------------------------------------------------------------+
; Control Signals                                                                                                                                                                                                                                                                                                       ;
+-----------------------------------------------------------------------------------------------------------------------------------------------------------------+--------------------+---------+---------------------------------------+--------+----------------------+------------------+---------------------------+
; Name                                                                                                                                                            ; Location           ; Fan-Out ; Usage                                 ; Global ; Global Resource Used ; Global Line Name ; Enable Signal Source Name ;
+-----------------------------------------------------------------------------------------------------------------------------------------------------------------+--------------------+---------+---------------------------------------+--------+----------------------+------------------+---------------------------+
; ApbRam:ram|apb_selected_read~2                                                                                                                                  ; LCCOMB_X52_Y24_N30 ; 6       ; Clock enable                          ; no     ; --                   ; --               ; --                        ;
; ApbRam:ram|ram~0                                                                                                                                                ; LCCOMB_X52_Y27_N10 ; 4       ; Clock enable, Write enable            ; no     ; --                   ; --               ; --                        ;
; ApbReadRegister:readReg|always0~0                                                                                                                               ; LCCOMB_X49_Y28_N28 ; 10      ; Clock enable                          ; no     ; --                   ; --               ; --                        ;
; ApbWriteRegister:writeReg1|always0~0                                                                                                                            ; LCCOMB_X52_Y25_N16 ; 32      ; Clock enable                          ; no     ; --                   ; --               ; --                        ;
; ApbWriteRegister:writeReg2|always0~0                                                                                                                            ; LCCOMB_X52_Y25_N2  ; 32      ; Clock enable                          ; no     ; --                   ; --               ; --                        ;
; MAX10_CLK1_50                                                                                                                                                   ; PIN_P11            ; 1       ; Clock                                 ; no     ; --                   ; --               ; --                        ;
; System:system|PLL:pll_1_|altpll:altpll_component|PLL_altpll:auto_generated|wire_pll1_clk[1]                                                                     ; PLL_1              ; 3779    ; Clock                                 ; yes    ; Global Clock         ; GCLK18           ; --                        ;
; System:system|VexRISCVSoftcore:core|Apb3Router:apb3Router_1_|selIndex[1]                                                                                        ; FF_X52_Y24_N19     ; 36      ; Sync. load                            ; no     ; --                   ; --               ; --                        ;
; System:system|VexRISCVSoftcore:core|Apb3UartCtrl:axi_uartCtrl|StreamFifo:bridge_write_streamUnbuffered_queueWithOccupancy|logic_ram~209                         ; LCCOMB_X57_Y25_N28 ; 8       ; Clock enable                          ; no     ; --                   ; --               ; --                        ;
; System:system|VexRISCVSoftcore:core|Apb3UartCtrl:axi_uartCtrl|StreamFifo:bridge_write_streamUnbuffered_queueWithOccupancy|logic_ram~211                         ; LCCOMB_X58_Y26_N0  ; 8       ; Clock enable                          ; no     ; --                   ; --               ; --                        ;
; System:system|VexRISCVSoftcore:core|Apb3UartCtrl:axi_uartCtrl|StreamFifo:bridge_write_streamUnbuffered_queueWithOccupancy|logic_ram~213                         ; LCCOMB_X59_Y26_N28 ; 8       ; Clock enable                          ; no     ; --                   ; --               ; --                        ;
; System:system|VexRISCVSoftcore:core|Apb3UartCtrl:axi_uartCtrl|StreamFifo:bridge_write_streamUnbuffered_queueWithOccupancy|logic_ram~215                         ; LCCOMB_X58_Y26_N24 ; 8       ; Clock enable                          ; no     ; --                   ; --               ; --                        ;
; System:system|VexRISCVSoftcore:core|Apb3UartCtrl:axi_uartCtrl|StreamFifo:bridge_write_streamUnbuffered_queueWithOccupancy|logic_ram~217                         ; LCCOMB_X59_Y26_N0  ; 8       ; Clock enable                          ; no     ; --                   ; --               ; --                        ;
; System:system|VexRISCVSoftcore:core|Apb3UartCtrl:axi_uartCtrl|StreamFifo:bridge_write_streamUnbuffered_queueWithOccupancy|logic_ram~219                         ; LCCOMB_X59_Y26_N4  ; 8       ; Clock enable                          ; no     ; --                   ; --               ; --                        ;
; System:system|VexRISCVSoftcore:core|Apb3UartCtrl:axi_uartCtrl|StreamFifo:bridge_write_streamUnbuffered_queueWithOccupancy|logic_ram~221                         ; LCCOMB_X59_Y26_N8  ; 8       ; Clock enable                          ; no     ; --                   ; --               ; --                        ;
; System:system|VexRISCVSoftcore:core|Apb3UartCtrl:axi_uartCtrl|StreamFifo:bridge_write_streamUnbuffered_queueWithOccupancy|logic_ram~223                         ; LCCOMB_X59_Y26_N20 ; 8       ; Clock enable                          ; no     ; --                   ; --               ; --                        ;
; System:system|VexRISCVSoftcore:core|Apb3UartCtrl:axi_uartCtrl|StreamFifo:bridge_write_streamUnbuffered_queueWithOccupancy|logic_ram~225                         ; LCCOMB_X58_Y26_N30 ; 8       ; Clock enable                          ; no     ; --                   ; --               ; --                        ;
; System:system|VexRISCVSoftcore:core|Apb3UartCtrl:axi_uartCtrl|StreamFifo:bridge_write_streamUnbuffered_queueWithOccupancy|logic_ram~227                         ; LCCOMB_X57_Y25_N24 ; 8       ; Clock enable                          ; no     ; --                   ; --               ; --                        ;
; System:system|VexRISCVSoftcore:core|Apb3UartCtrl:axi_uartCtrl|StreamFifo:bridge_write_streamUnbuffered_queueWithOccupancy|logic_ram~229                         ; LCCOMB_X59_Y28_N28 ; 8       ; Clock enable                          ; no     ; --                   ; --               ; --                        ;
; System:system|VexRISCVSoftcore:core|Apb3UartCtrl:axi_uartCtrl|StreamFifo:bridge_write_streamUnbuffered_queueWithOccupancy|logic_ram~231                         ; LCCOMB_X59_Y26_N2  ; 8       ; Clock enable                          ; no     ; --                   ; --               ; --                        ;
; System:system|VexRISCVSoftcore:core|Apb3UartCtrl:axi_uartCtrl|StreamFifo:bridge_write_streamUnbuffered_queueWithOccupancy|logic_ram~233                         ; LCCOMB_X59_Y26_N22 ; 8       ; Clock enable                          ; no     ; --                   ; --               ; --                        ;
; System:system|VexRISCVSoftcore:core|Apb3UartCtrl:axi_uartCtrl|StreamFifo:bridge_write_streamUnbuffered_queueWithOccupancy|logic_ram~235                         ; LCCOMB_X57_Y27_N24 ; 8       ; Clock enable                          ; no     ; --                   ; --               ; --                        ;
; System:system|VexRISCVSoftcore:core|Apb3UartCtrl:axi_uartCtrl|StreamFifo:bridge_write_streamUnbuffered_queueWithOccupancy|logic_ram~237                         ; LCCOMB_X58_Y27_N22 ; 8       ; Clock enable                          ; no     ; --                   ; --               ; --                        ;
; System:system|VexRISCVSoftcore:core|Apb3UartCtrl:axi_uartCtrl|StreamFifo:bridge_write_streamUnbuffered_queueWithOccupancy|logic_ram~239                         ; LCCOMB_X58_Y27_N26 ; 8       ; Clock enable                          ; no     ; --                   ; --               ; --                        ;
; System:system|VexRISCVSoftcore:core|Apb3UartCtrl:axi_uartCtrl|StreamFifo:uartCtrl_1__io_read_queueWithOccupancy|logic_ram~209                                   ; LCCOMB_X66_Y28_N12 ; 8       ; Clock enable                          ; no     ; --                   ; --               ; --                        ;
; System:system|VexRISCVSoftcore:core|Apb3UartCtrl:axi_uartCtrl|StreamFifo:uartCtrl_1__io_read_queueWithOccupancy|logic_ram~211                                   ; LCCOMB_X64_Y27_N14 ; 8       ; Clock enable                          ; no     ; --                   ; --               ; --                        ;
; System:system|VexRISCVSoftcore:core|Apb3UartCtrl:axi_uartCtrl|StreamFifo:uartCtrl_1__io_read_queueWithOccupancy|logic_ram~213                                   ; LCCOMB_X64_Y27_N2  ; 8       ; Clock enable                          ; no     ; --                   ; --               ; --                        ;
; System:system|VexRISCVSoftcore:core|Apb3UartCtrl:axi_uartCtrl|StreamFifo:uartCtrl_1__io_read_queueWithOccupancy|logic_ram~215                                   ; LCCOMB_X65_Y28_N6  ; 8       ; Clock enable                          ; no     ; --                   ; --               ; --                        ;
; System:system|VexRISCVSoftcore:core|Apb3UartCtrl:axi_uartCtrl|StreamFifo:uartCtrl_1__io_read_queueWithOccupancy|logic_ram~217                                   ; LCCOMB_X63_Y29_N2  ; 8       ; Clock enable                          ; no     ; --                   ; --               ; --                        ;
; System:system|VexRISCVSoftcore:core|Apb3UartCtrl:axi_uartCtrl|StreamFifo:uartCtrl_1__io_read_queueWithOccupancy|logic_ram~219                                   ; LCCOMB_X64_Y27_N0  ; 8       ; Clock enable                          ; no     ; --                   ; --               ; --                        ;
; System:system|VexRISCVSoftcore:core|Apb3UartCtrl:axi_uartCtrl|StreamFifo:uartCtrl_1__io_read_queueWithOccupancy|logic_ram~221                                   ; LCCOMB_X64_Y27_N12 ; 8       ; Clock enable                          ; no     ; --                   ; --               ; --                        ;
; System:system|VexRISCVSoftcore:core|Apb3UartCtrl:axi_uartCtrl|StreamFifo:uartCtrl_1__io_read_queueWithOccupancy|logic_ram~223                                   ; LCCOMB_X64_Y27_N26 ; 8       ; Clock enable                          ; no     ; --                   ; --               ; --                        ;
; System:system|VexRISCVSoftcore:core|Apb3UartCtrl:axi_uartCtrl|StreamFifo:uartCtrl_1__io_read_queueWithOccupancy|logic_ram~225                                   ; LCCOMB_X65_Y27_N30 ; 8       ; Clock enable                          ; no     ; --                   ; --               ; --                        ;
; System:system|VexRISCVSoftcore:core|Apb3UartCtrl:axi_uartCtrl|StreamFifo:uartCtrl_1__io_read_queueWithOccupancy|logic_ram~227                                   ; LCCOMB_X65_Y27_N26 ; 8       ; Clock enable                          ; no     ; --                   ; --               ; --                        ;
; System:system|VexRISCVSoftcore:core|Apb3UartCtrl:axi_uartCtrl|StreamFifo:uartCtrl_1__io_read_queueWithOccupancy|logic_ram~229                                   ; LCCOMB_X64_Y27_N18 ; 8       ; Clock enable                          ; no     ; --                   ; --               ; --                        ;
; System:system|VexRISCVSoftcore:core|Apb3UartCtrl:axi_uartCtrl|StreamFifo:uartCtrl_1__io_read_queueWithOccupancy|logic_ram~231                                   ; LCCOMB_X65_Y29_N24 ; 8       ; Clock enable                          ; no     ; --                   ; --               ; --                        ;
; System:system|VexRISCVSoftcore:core|Apb3UartCtrl:axi_uartCtrl|StreamFifo:uartCtrl_1__io_read_queueWithOccupancy|logic_ram~233                                   ; LCCOMB_X66_Y29_N14 ; 8       ; Clock enable                          ; no     ; --                   ; --               ; --                        ;
; System:system|VexRISCVSoftcore:core|Apb3UartCtrl:axi_uartCtrl|StreamFifo:uartCtrl_1__io_read_queueWithOccupancy|logic_ram~235                                   ; LCCOMB_X65_Y27_N18 ; 8       ; Clock enable                          ; no     ; --                   ; --               ; --                        ;
; System:system|VexRISCVSoftcore:core|Apb3UartCtrl:axi_uartCtrl|StreamFifo:uartCtrl_1__io_read_queueWithOccupancy|logic_ram~237                                   ; LCCOMB_X64_Y27_N30 ; 8       ; Clock enable                          ; no     ; --                   ; --               ; --                        ;
; System:system|VexRISCVSoftcore:core|Apb3UartCtrl:axi_uartCtrl|StreamFifo:uartCtrl_1__io_read_queueWithOccupancy|logic_ram~239                                   ; LCCOMB_X65_Y27_N14 ; 8       ; Clock enable                          ; no     ; --                   ; --               ; --                        ;
; System:system|VexRISCVSoftcore:core|Apb3UartCtrl:axi_uartCtrl|UartCtrl:uartCtrl_1_|Equal0~6                                                                     ; LCCOMB_X50_Y30_N0  ; 30      ; Clock enable, Sync. load              ; no     ; --                   ; --               ; --                        ;
; System:system|VexRISCVSoftcore:core|Apb3UartCtrl:axi_uartCtrl|UartCtrl:uartCtrl_1_|UartCtrlRx:rx|bitTimer_tick~0                                                ; LCCOMB_X58_Y28_N2  ; 13      ; Clock enable                          ; no     ; --                   ; --               ; --                        ;
; System:system|VexRISCVSoftcore:core|Apb3UartCtrl:axi_uartCtrl|UartCtrl:uartCtrl_1_|UartCtrlRx:rx|break_counter[6]~15                                            ; LCCOMB_X54_Y27_N28 ; 7       ; Clock enable                          ; no     ; --                   ; --               ; --                        ;
; System:system|VexRISCVSoftcore:core|Apb3UartCtrl:axi_uartCtrl|UartCtrl:uartCtrl_1_|UartCtrlRx:rx|sampler_tick                                                   ; FF_X50_Y30_N1      ; 6       ; Clock enable                          ; no     ; --                   ; --               ; --                        ;
; System:system|VexRISCVSoftcore:core|Apb3UartCtrl:axi_uartCtrl|UartCtrl:uartCtrl_1_|UartCtrlRx:rx|sampler_value                                                  ; FF_X57_Y26_N9      ; 25      ; Sync. clear                           ; no     ; --                   ; --               ; --                        ;
; System:system|VexRISCVSoftcore:core|Apb3UartCtrl:axi_uartCtrl|UartCtrl:uartCtrl_1_|UartCtrlTx:tx|clockDivider_counter_willOverflow                              ; LCCOMB_X57_Y26_N30 ; 12      ; Clock enable                          ; no     ; --                   ; --               ; --                        ;
; System:system|VexRISCVSoftcore:core|Apb3UartCtrl:axi_uartCtrl|bridge_interruptCtrl_readIntEnable~0                                                              ; LCCOMB_X56_Y28_N14 ; 2       ; Clock enable                          ; no     ; --                   ; --               ; --                        ;
; System:system|VexRISCVSoftcore:core|Apb3UartCtrl:axi_uartCtrl|bridge_uartConfigReg_clockDivider[0]~1                                                            ; LCCOMB_X52_Y28_N28 ; 20      ; Clock enable                          ; no     ; --                   ; --               ; --                        ;
; System:system|VexRISCVSoftcore:core|Apb3UartCtrl:axi_uartCtrl|bridge_uartConfigReg_frame_dataLength[0]~1                                                        ; LCCOMB_X52_Y28_N10 ; 6       ; Clock enable                          ; no     ; --                   ; --               ; --                        ;
; System:system|VexRISCVSoftcore:core|Axi4ReadOnlyDecoder:axi4ReadOnlyDecoder_1_|Axi4ReadOnlyErrorSlave:errorSlave|remaining~10                                   ; LCCOMB_X44_Y27_N22 ; 8       ; Clock enable                          ; no     ; --                   ; --               ; --                        ;
; System:system|VexRISCVSoftcore:core|Axi4ReadOnlyDecoder:axi4ReadOnlyDecoder_1_|Axi4ReadOnlyErrorSlave:errorSlave|sendRsp                                        ; FF_X44_Y27_N25     ; 12      ; Sync. clear                           ; no     ; --                   ; --               ; --                        ;
; System:system|VexRISCVSoftcore:core|Axi4ReadOnlyDecoder:axi4ReadOnlyDecoder_1_|io_input_ar_ready~3                                                              ; LCCOMB_X45_Y27_N24 ; 3       ; Clock enable                          ; no     ; --                   ; --               ; --                        ;
; System:system|VexRISCVSoftcore:core|Axi4SharedArbiter:axi_ram_io_axi_arbiter|StreamArbiter:cmdArbiter|io_chosenOH[0]~2                                          ; LCCOMB_X47_Y27_N30 ; 18      ; Sync. load                            ; no     ; --                   ; --               ; --                        ;
; System:system|VexRISCVSoftcore:core|Axi4SharedArbiter_1_:axi_sdramCtrl_io_axi_arbiter|StreamArbiter_1_:cmdArbiter|io_chosenOH[0]~1                              ; LCCOMB_X46_Y26_N18 ; 26      ; Sync. load                            ; no     ; --                   ; --               ; --                        ;
; System:system|VexRISCVSoftcore:core|Axi4SharedDecoder:axi4SharedDecoder_1_|Axi4SharedErrorSlave:errorSlave|remaining[5]~10                                      ; LCCOMB_X49_Y22_N2  ; 8       ; Clock enable                          ; no     ; --                   ; --               ; --                        ;
; System:system|VexRISCVSoftcore:core|Axi4SharedDecoder:axi4SharedDecoder_1_|Axi4SharedErrorSlave:errorSlave|sendReadRsp                                          ; FF_X49_Y22_N1      ; 12      ; Sync. clear                           ; no     ; --                   ; --               ; --                        ;
; System:system|VexRISCVSoftcore:core|Axi4SharedDecoder:axi4SharedDecoder_1_|cmdAllowedStart~1                                                                    ; LCCOMB_X43_Y19_N2  ; 7       ; Clock enable                          ; no     ; --                   ; --               ; --                        ;
; System:system|VexRISCVSoftcore:core|Axi4SharedDecoder:axi4SharedDecoder_1_|pendingSels[2]                                                                       ; FF_X39_Y19_N5      ; 49      ; Sync. load                            ; no     ; --                   ; --               ; --                        ;
; System:system|VexRISCVSoftcore:core|Axi4SharedOnChipRam:axi_ram|altsyncram:ram_symbol0_rtl_0|altsyncram_2ed1:auto_generated|decode_f7a:decode2|w_anode426w[3]~0 ; LCCOMB_X49_Y26_N0  ; 8       ; Clock enable, Write enable            ; no     ; --                   ; --               ; --                        ;
; System:system|VexRISCVSoftcore:core|Axi4SharedOnChipRam:axi_ram|altsyncram:ram_symbol0_rtl_0|altsyncram_2ed1:auto_generated|decode_f7a:decode2|w_anode443w[3]~0 ; LCCOMB_X49_Y26_N28 ; 8       ; Clock enable, Write enable            ; no     ; --                   ; --               ; --                        ;
; System:system|VexRISCVSoftcore:core|Axi4SharedOnChipRam:axi_ram|altsyncram:ram_symbol0_rtl_0|altsyncram_2ed1:auto_generated|decode_f7a:decode2|w_anode453w[3]~0 ; LCCOMB_X49_Y26_N12 ; 8       ; Clock enable, Write enable            ; no     ; --                   ; --               ; --                        ;
; System:system|VexRISCVSoftcore:core|Axi4SharedOnChipRam:axi_ram|altsyncram:ram_symbol0_rtl_0|altsyncram_2ed1:auto_generated|decode_f7a:decode2|w_anode463w[3]~0 ; LCCOMB_X49_Y26_N26 ; 8       ; Clock enable, Write enable            ; no     ; --                   ; --               ; --                        ;
; System:system|VexRISCVSoftcore:core|Axi4SharedOnChipRam:axi_ram|altsyncram:ram_symbol0_rtl_0|altsyncram_2ed1:auto_generated|decode_f7a:decode2|w_anode473w[3]~0 ; LCCOMB_X44_Y20_N24 ; 8       ; Clock enable, Write enable            ; no     ; --                   ; --               ; --                        ;
; System:system|VexRISCVSoftcore:core|Axi4SharedOnChipRam:axi_ram|altsyncram:ram_symbol0_rtl_0|altsyncram_2ed1:auto_generated|decode_f7a:decode2|w_anode483w[3]~0 ; LCCOMB_X44_Y20_N6  ; 4       ; Clock enable, Write enable            ; no     ; --                   ; --               ; --                        ;
; System:system|VexRISCVSoftcore:core|Axi4SharedOnChipRam:axi_ram|altsyncram:ram_symbol1_rtl_0|altsyncram_2ed1:auto_generated|decode_f7a:decode2|w_anode426w[3]~0 ; LCCOMB_X49_Y26_N24 ; 8       ; Clock enable, Write enable            ; no     ; --                   ; --               ; --                        ;
; System:system|VexRISCVSoftcore:core|Axi4SharedOnChipRam:axi_ram|altsyncram:ram_symbol1_rtl_0|altsyncram_2ed1:auto_generated|decode_f7a:decode2|w_anode443w[3]~0 ; LCCOMB_X49_Y26_N30 ; 8       ; Clock enable, Write enable            ; no     ; --                   ; --               ; --                        ;
; System:system|VexRISCVSoftcore:core|Axi4SharedOnChipRam:axi_ram|altsyncram:ram_symbol1_rtl_0|altsyncram_2ed1:auto_generated|decode_f7a:decode2|w_anode453w[3]~1 ; LCCOMB_X49_Y26_N4  ; 8       ; Clock enable, Write enable            ; no     ; --                   ; --               ; --                        ;
; System:system|VexRISCVSoftcore:core|Axi4SharedOnChipRam:axi_ram|altsyncram:ram_symbol1_rtl_0|altsyncram_2ed1:auto_generated|decode_f7a:decode2|w_anode463w[3]~1 ; LCCOMB_X49_Y26_N18 ; 8       ; Clock enable, Write enable            ; no     ; --                   ; --               ; --                        ;
; System:system|VexRISCVSoftcore:core|Axi4SharedOnChipRam:axi_ram|altsyncram:ram_symbol1_rtl_0|altsyncram_2ed1:auto_generated|decode_f7a:decode2|w_anode473w[3]~0 ; LCCOMB_X44_Y20_N2  ; 8       ; Clock enable, Write enable            ; no     ; --                   ; --               ; --                        ;
; System:system|VexRISCVSoftcore:core|Axi4SharedOnChipRam:axi_ram|altsyncram:ram_symbol1_rtl_0|altsyncram_2ed1:auto_generated|decode_f7a:decode2|w_anode483w[3]~1 ; LCCOMB_X44_Y20_N0  ; 4       ; Clock enable, Write enable            ; no     ; --                   ; --               ; --                        ;
; System:system|VexRISCVSoftcore:core|Axi4SharedOnChipRam:axi_ram|altsyncram:ram_symbol2_rtl_0|altsyncram_2ed1:auto_generated|decode_f7a:decode2|w_anode426w[3]~0 ; LCCOMB_X49_Y26_N8  ; 8       ; Clock enable, Write enable            ; no     ; --                   ; --               ; --                        ;
; System:system|VexRISCVSoftcore:core|Axi4SharedOnChipRam:axi_ram|altsyncram:ram_symbol2_rtl_0|altsyncram_2ed1:auto_generated|decode_f7a:decode2|w_anode443w[3]~0 ; LCCOMB_X49_Y26_N14 ; 8       ; Clock enable, Write enable            ; no     ; --                   ; --               ; --                        ;
; System:system|VexRISCVSoftcore:core|Axi4SharedOnChipRam:axi_ram|altsyncram:ram_symbol2_rtl_0|altsyncram_2ed1:auto_generated|decode_f7a:decode2|w_anode453w[3]~0 ; LCCOMB_X49_Y26_N20 ; 8       ; Clock enable, Write enable            ; no     ; --                   ; --               ; --                        ;
; System:system|VexRISCVSoftcore:core|Axi4SharedOnChipRam:axi_ram|altsyncram:ram_symbol2_rtl_0|altsyncram_2ed1:auto_generated|decode_f7a:decode2|w_anode463w[3]~0 ; LCCOMB_X49_Y26_N10 ; 8       ; Clock enable, Write enable            ; no     ; --                   ; --               ; --                        ;
; System:system|VexRISCVSoftcore:core|Axi4SharedOnChipRam:axi_ram|altsyncram:ram_symbol2_rtl_0|altsyncram_2ed1:auto_generated|decode_f7a:decode2|w_anode473w[3]~0 ; LCCOMB_X44_Y20_N28 ; 8       ; Clock enable, Write enable            ; no     ; --                   ; --               ; --                        ;
; System:system|VexRISCVSoftcore:core|Axi4SharedOnChipRam:axi_ram|altsyncram:ram_symbol2_rtl_0|altsyncram_2ed1:auto_generated|decode_f7a:decode2|w_anode483w[3]~0 ; LCCOMB_X44_Y20_N26 ; 4       ; Clock enable, Write enable            ; no     ; --                   ; --               ; --                        ;
; System:system|VexRISCVSoftcore:core|Axi4SharedOnChipRam:axi_ram|altsyncram:ram_symbol3_rtl_0|altsyncram_2ed1:auto_generated|decode_f7a:decode2|w_anode426w[3]~0 ; LCCOMB_X54_Y33_N30 ; 8       ; Clock enable, Write enable            ; no     ; --                   ; --               ; --                        ;
; System:system|VexRISCVSoftcore:core|Axi4SharedOnChipRam:axi_ram|altsyncram:ram_symbol3_rtl_0|altsyncram_2ed1:auto_generated|decode_f7a:decode2|w_anode443w[3]~0 ; LCCOMB_X54_Y33_N4  ; 8       ; Clock enable, Write enable            ; no     ; --                   ; --               ; --                        ;
; System:system|VexRISCVSoftcore:core|Axi4SharedOnChipRam:axi_ram|altsyncram:ram_symbol3_rtl_0|altsyncram_2ed1:auto_generated|decode_f7a:decode2|w_anode453w[3]~0 ; LCCOMB_X54_Y33_N2  ; 8       ; Clock enable, Write enable            ; no     ; --                   ; --               ; --                        ;
; System:system|VexRISCVSoftcore:core|Axi4SharedOnChipRam:axi_ram|altsyncram:ram_symbol3_rtl_0|altsyncram_2ed1:auto_generated|decode_f7a:decode2|w_anode463w[3]~0 ; LCCOMB_X54_Y33_N8  ; 8       ; Clock enable, Write enable            ; no     ; --                   ; --               ; --                        ;
; System:system|VexRISCVSoftcore:core|Axi4SharedOnChipRam:axi_ram|altsyncram:ram_symbol3_rtl_0|altsyncram_2ed1:auto_generated|decode_f7a:decode2|w_anode473w[3]~0 ; LCCOMB_X54_Y33_N10 ; 8       ; Clock enable, Write enable            ; no     ; --                   ; --               ; --                        ;
; System:system|VexRISCVSoftcore:core|Axi4SharedOnChipRam:axi_ram|altsyncram:ram_symbol3_rtl_0|altsyncram_2ed1:auto_generated|decode_f7a:decode2|w_anode483w[3]~0 ; LCCOMB_X54_Y33_N24 ; 4       ; Clock enable, Write enable            ; no     ; --                   ; --               ; --                        ;
; System:system|VexRISCVSoftcore:core|Axi4SharedOnChipRam:axi_ram|stage0_valid~0                                                                                  ; LCCOMB_X47_Y24_N28 ; 192     ; Clock enable                          ; no     ; --                   ; --               ; --                        ;
; System:system|VexRISCVSoftcore:core|Axi4SharedSdramCtrl:axi_sdramCtrl|SdramCtrl:ctrl|StreamFifoLowLatency:chip_backupIn_fifo|io_pop_valid~0                     ; LCCOMB_X57_Y20_N2  ; 18      ; Clock enable                          ; no     ; --                   ; --               ; --                        ;
; System:system|VexRISCVSoftcore:core|Axi4SharedSdramCtrl:axi_sdramCtrl|SdramCtrl:ctrl|StreamFifoLowLatency:chip_backupIn_fifo|ram~36                             ; LCCOMB_X57_Y20_N22 ; 17      ; Clock enable                          ; no     ; --                   ; --               ; --                        ;
; System:system|VexRISCVSoftcore:core|Axi4SharedSdramCtrl:axi_sdramCtrl|SdramCtrl:ctrl|StreamFifoLowLatency:chip_backupIn_fifo|ram~37                             ; LCCOMB_X57_Y20_N8  ; 17      ; Clock enable                          ; no     ; --                   ; --               ; --                        ;
; System:system|VexRISCVSoftcore:core|Axi4SharedSdramCtrl:axi_sdramCtrl|SdramCtrl:ctrl|bubbleInserter_insertBubble~0                                              ; LCCOMB_X64_Y21_N26 ; 58      ; Clock enable                          ; no     ; --                   ; --               ; --                        ;
; System:system|VexRISCVSoftcore:core|Axi4SharedSdramCtrl:axi_sdramCtrl|SdramCtrl:ctrl|bubbleInserter_rsp_valid                                                   ; LCCOMB_X58_Y21_N28 ; 14      ; Clock enable                          ; no     ; --                   ; --               ; --                        ;
; System:system|VexRISCVSoftcore:core|Axi4SharedSdramCtrl:axi_sdramCtrl|SdramCtrl:ctrl|chip_sdram_ADDR[4]~0                                                       ; LCCOMB_X64_Y21_N14 ; 2       ; Clock enable                          ; no     ; --                   ; --               ; --                        ;
; System:system|VexRISCVSoftcore:core|Axi4SharedSdramCtrl:axi_sdramCtrl|SdramCtrl:ctrl|chip_sdram_DQ_writeEnable[15]                                              ; FF_X64_Y21_N31     ; 16      ; Output enable                         ; no     ; --                   ; --               ; --                        ;
; System:system|VexRISCVSoftcore:core|Axi4SharedSdramCtrl:axi_sdramCtrl|SdramCtrl:ctrl|frontend_banks_0_row[12]~0                                                 ; LCCOMB_X58_Y21_N20 ; 13      ; Clock enable                          ; no     ; --                   ; --               ; --                        ;
; System:system|VexRISCVSoftcore:core|Axi4SharedSdramCtrl:axi_sdramCtrl|SdramCtrl:ctrl|frontend_banks_1_row[12]~0                                                 ; LCCOMB_X57_Y21_N14 ; 13      ; Clock enable                          ; no     ; --                   ; --               ; --                        ;
; System:system|VexRISCVSoftcore:core|Axi4SharedSdramCtrl:axi_sdramCtrl|SdramCtrl:ctrl|frontend_banks_2_row[12]~0                                                 ; LCCOMB_X58_Y21_N26 ; 13      ; Clock enable                          ; no     ; --                   ; --               ; --                        ;
; System:system|VexRISCVSoftcore:core|Axi4SharedSdramCtrl:axi_sdramCtrl|SdramCtrl:ctrl|frontend_banks_3_row[12]~0                                                 ; LCCOMB_X58_Y21_N30 ; 13      ; Clock enable                          ; no     ; --                   ; --               ; --                        ;
; System:system|VexRISCVSoftcore:core|Axi4SharedSdramCtrl:axi_sdramCtrl|SdramCtrl:ctrl|powerup_done                                                               ; FF_X62_Y19_N17     ; 18      ; Clock enable, Sync. load              ; no     ; --                   ; --               ; --                        ;
; System:system|VexRISCVSoftcore:core|Axi4SharedToApb3Bridge:axi_apbBridge|Selector3~0                                                                            ; LCCOMB_X47_Y24_N8  ; 33      ; Clock enable                          ; no     ; --                   ; --               ; --                        ;
; System:system|VexRISCVSoftcore:core|BufferCC_3_:io_asyncReset_buffercc|buffers_1                                                                                ; FF_X49_Y38_N9      ; 7       ; Sync. clear                           ; no     ; --                   ; --               ; --                        ;
; System:system|VexRISCVSoftcore:core|JtagBridge:jtagBridge_1_|Equal2~0                                                                                           ; LCCOMB_X56_Y1_N6   ; 3       ; Clock enable                          ; no     ; --                   ; --               ; --                        ;
; System:system|VexRISCVSoftcore:core|JtagBridge:jtagBridge_1_|FlowCCByToggle:flowCCByToggle_1_|outputArea_flow_regNext_valid                                     ; FF_X49_Y19_N3      ; 8       ; Clock enable                          ; no     ; --                   ; --               ; --                        ;
; System:system|VexRISCVSoftcore:core|JtagBridge:jtagBridge_1_|WideOr1~0                                                                                          ; LCCOMB_X56_Y1_N10  ; 6       ; Clock enable                          ; no     ; --                   ; --               ; --                        ;
; System:system|VexRISCVSoftcore:core|JtagBridge:jtagBridge_1_|jtag_idcodeArea_shifter[2]~2                                                                       ; LCCOMB_X56_Y2_N10  ; 32      ; Clock enable                          ; no     ; --                   ; --               ; --                        ;
; System:system|VexRISCVSoftcore:core|JtagBridge:jtagBridge_1_|jtag_readArea_shifter[0]~1                                                                         ; LCCOMB_X56_Y2_N16  ; 33      ; Clock enable                          ; no     ; --                   ; --               ; --                        ;
; System:system|VexRISCVSoftcore:core|JtagBridge:jtagBridge_1_|jtag_tap_fsm_state.1011                                                                            ; FF_X57_Y1_N27      ; 40      ; Sync. load                            ; no     ; --                   ; --               ; --                        ;
; System:system|VexRISCVSoftcore:core|JtagBridge:jtagBridge_1_|jtag_tap_instructionShift~0                                                                        ; LCCOMB_X56_Y1_N8   ; 4       ; Clock enable                          ; no     ; --                   ; --               ; --                        ;
; System:system|VexRISCVSoftcore:core|JtagBridge:jtagBridge_1_|jtag_writeArea_source_valid~0                                                                      ; LCCOMB_X56_Y1_N18  ; 3       ; Clock enable                          ; no     ; --                   ; --               ; --                        ;
; System:system|VexRISCVSoftcore:core|PinsecTimerCtrl:axi_timerCtrl|Decoder0~10                                                                                   ; LCCOMB_X57_Y30_N16 ; 16      ; Clock enable                          ; no     ; --                   ; --               ; --                        ;
; System:system|VexRISCVSoftcore:core|PinsecTimerCtrl:axi_timerCtrl|Decoder0~11                                                                                   ; LCCOMB_X57_Y30_N12 ; 5       ; Clock enable                          ; no     ; --                   ; --               ; --                        ;
; System:system|VexRISCVSoftcore:core|PinsecTimerCtrl:axi_timerCtrl|Decoder0~13                                                                                   ; LCCOMB_X57_Y29_N16 ; 16      ; Clock enable                          ; no     ; --                   ; --               ; --                        ;
; System:system|VexRISCVSoftcore:core|PinsecTimerCtrl:axi_timerCtrl|Decoder0~14                                                                                   ; LCCOMB_X57_Y31_N10 ; 5       ; Clock enable                          ; no     ; --                   ; --               ; --                        ;
; System:system|VexRISCVSoftcore:core|PinsecTimerCtrl:axi_timerCtrl|Decoder0~16                                                                                   ; LCCOMB_X55_Y29_N22 ; 32      ; Clock enable                          ; no     ; --                   ; --               ; --                        ;
; System:system|VexRISCVSoftcore:core|PinsecTimerCtrl:axi_timerCtrl|Decoder0~17                                                                                   ; LCCOMB_X55_Y29_N4  ; 3       ; Clock enable                          ; no     ; --                   ; --               ; --                        ;
; System:system|VexRISCVSoftcore:core|PinsecTimerCtrl:axi_timerCtrl|Decoder0~18                                                                                   ; LCCOMB_X55_Y29_N26 ; 4       ; Clock enable                          ; no     ; --                   ; --               ; --                        ;
; System:system|VexRISCVSoftcore:core|PinsecTimerCtrl:axi_timerCtrl|Decoder0~6                                                                                    ; LCCOMB_X57_Y30_N0  ; 16      ; Clock enable                          ; no     ; --                   ; --               ; --                        ;
; System:system|VexRISCVSoftcore:core|PinsecTimerCtrl:axi_timerCtrl|Decoder0~7                                                                                    ; LCCOMB_X57_Y30_N30 ; 5       ; Clock enable                          ; no     ; --                   ; --               ; --                        ;
; System:system|VexRISCVSoftcore:core|PinsecTimerCtrl:axi_timerCtrl|Decoder0~8                                                                                    ; LCCOMB_X55_Y31_N14 ; 16      ; Clock enable                          ; no     ; --                   ; --               ; --                        ;
; System:system|VexRISCVSoftcore:core|PinsecTimerCtrl:axi_timerCtrl|Prescaler:prescaler_1_|always0~0                                                              ; LCCOMB_X55_Y31_N8  ; 16      ; Sync. clear                           ; no     ; --                   ; --               ; --                        ;
; System:system|VexRISCVSoftcore:core|PinsecTimerCtrl:axi_timerCtrl|Timer:timerA|counter[4]~99                                                                    ; LCCOMB_X55_Y29_N12 ; 32      ; Clock enable                          ; no     ; --                   ; --               ; --                        ;
; System:system|VexRISCVSoftcore:core|PinsecTimerCtrl:axi_timerCtrl|Timer_1_:timerB|counter[3]~20                                                                 ; LCCOMB_X55_Y31_N4  ; 16      ; Clock enable                          ; no     ; --                   ; --               ; --                        ;
; System:system|VexRISCVSoftcore:core|PinsecTimerCtrl:axi_timerCtrl|Timer_1_:timerC|counter[1]~20                                                                 ; LCCOMB_X56_Y31_N14 ; 16      ; Clock enable                          ; no     ; --                   ; --               ; --                        ;
; System:system|VexRISCVSoftcore:core|PinsecTimerCtrl:axi_timerCtrl|Timer_1_:timerD|counter[3]~20                                                                 ; LCCOMB_X56_Y31_N16 ; 16      ; Clock enable                          ; no     ; --                   ; --               ; --                        ;
; System:system|VexRISCVSoftcore:core|PinsecTimerCtrl:axi_timerCtrl|_zz_12_~0                                                                                     ; LCCOMB_X55_Y29_N2  ; 34      ; Sync. clear                           ; no     ; --                   ; --               ; --                        ;
; System:system|VexRISCVSoftcore:core|PinsecTimerCtrl:axi_timerCtrl|_zz_14_~1                                                                                     ; LCCOMB_X57_Y30_N10 ; 18      ; Sync. clear                           ; no     ; --                   ; --               ; --                        ;
; System:system|VexRISCVSoftcore:core|PinsecTimerCtrl:axi_timerCtrl|_zz_16_~2                                                                                     ; LCCOMB_X57_Y30_N2  ; 18      ; Sync. clear                           ; no     ; --                   ; --               ; --                        ;
; System:system|VexRISCVSoftcore:core|PinsecTimerCtrl:axi_timerCtrl|_zz_18_~1                                                                                     ; LCCOMB_X57_Y31_N24 ; 18      ; Sync. clear                           ; no     ; --                   ; --               ; --                        ;
; System:system|VexRISCVSoftcore:core|SystemDebugger:systemDebugger_1_|dispatcher_dataShifter[56]~0                                                               ; LCCOMB_X49_Y19_N26 ; 65      ; Clock enable                          ; no     ; --                   ; --               ; --                        ;
; System:system|VexRISCVSoftcore:core|SystemDebugger:systemDebugger_1_|dispatcher_headerShifter[3]~0                                                              ; LCCOMB_X49_Y19_N8  ; 8       ; Clock enable                          ; no     ; --                   ; --               ; --                        ;
; System:system|VexRISCVSoftcore:core|VexRiscv:axi_cpu|CsrPlugin_interruptJump                                                                                    ; LCCOMB_X42_Y23_N22 ; 11      ; Clock enable                          ; no     ; --                   ; --               ; --                        ;
; System:system|VexRISCVSoftcore:core|VexRiscv:axi_cpu|CsrPlugin_interrupt_code[3]~0                                                                              ; LCCOMB_X37_Y26_N10 ; 3       ; Clock enable                          ; no     ; --                   ; --               ; --                        ;
; System:system|VexRISCVSoftcore:core|VexRiscv:axi_cpu|CsrPlugin_mepc[2]~31                                                                                       ; LCCOMB_X40_Y25_N26 ; 32      ; Clock enable                          ; no     ; --                   ; --               ; --                        ;
; System:system|VexRISCVSoftcore:core|VexRiscv:axi_cpu|CsrPlugin_mepc~30                                                                                          ; LCCOMB_X40_Y25_N0  ; 30      ; Sync. load                            ; no     ; --                   ; --               ; --                        ;
; System:system|VexRISCVSoftcore:core|VexRiscv:axi_cpu|CsrPlugin_mie_MTIE~0                                                                                       ; LCCOMB_X38_Y19_N22 ; 3       ; Clock enable                          ; no     ; --                   ; --               ; --                        ;
; System:system|VexRISCVSoftcore:core|VexRiscv:axi_cpu|CsrPlugin_mstatus_MIE~2                                                                                    ; LCCOMB_X40_Y26_N16 ; 3       ; Clock enable                          ; no     ; --                   ; --               ; --                        ;
; System:system|VexRISCVSoftcore:core|VexRiscv:axi_cpu|CsrPlugin_mtvec_base[5]~0                                                                                  ; LCCOMB_X38_Y26_N26 ; 32      ; Clock enable                          ; no     ; --                   ; --               ; --                        ;
; System:system|VexRISCVSoftcore:core|VexRiscv:axi_cpu|DebugPlugin_busReadDataReg[0]~39                                                                           ; LCCOMB_X42_Y21_N12 ; 32      ; Clock enable                          ; no     ; --                   ; --               ; --                        ;
; System:system|VexRISCVSoftcore:core|VexRiscv:axi_cpu|DebugPlugin_haltedByBreak~0                                                                                ; LCCOMB_X47_Y18_N30 ; 5       ; Clock enable                          ; no     ; --                   ; --               ; --                        ;
; System:system|VexRISCVSoftcore:core|VexRiscv:axi_cpu|DebugPlugin_hardwareBreakpoints_0_pc[0]~0                                                                  ; LCCOMB_X47_Y18_N4  ; 32      ; Clock enable                          ; no     ; --                   ; --               ; --                        ;
; System:system|VexRISCVSoftcore:core|VexRiscv:axi_cpu|DebugPlugin_hardwareBreakpoints_1_pc[0]~0                                                                  ; LCCOMB_X47_Y18_N26 ; 32      ; Clock enable                          ; no     ; --                   ; --               ; --                        ;
; System:system|VexRISCVSoftcore:core|VexRiscv:axi_cpu|DebugPlugin_hardwareBreakpoints_2_pc[0]~0                                                                  ; LCCOMB_X47_Y18_N18 ; 32      ; Clock enable                          ; no     ; --                   ; --               ; --                        ;
; System:system|VexRISCVSoftcore:core|VexRiscv:axi_cpu|DebugPlugin_hardwareBreakpoints_3_pc[0]~2                                                                  ; LCCOMB_X47_Y18_N8  ; 32      ; Clock enable                          ; no     ; --                   ; --               ; --                        ;
; System:system|VexRISCVSoftcore:core|VexRiscv:axi_cpu|RegFilePlugin_regFile~2369                                                                                 ; LCCOMB_X37_Y14_N28 ; 32      ; Clock enable                          ; no     ; --                   ; --               ; --                        ;
; System:system|VexRISCVSoftcore:core|VexRiscv:axi_cpu|RegFilePlugin_regFile~2371                                                                                 ; LCCOMB_X37_Y14_N22 ; 32      ; Clock enable                          ; no     ; --                   ; --               ; --                        ;
; System:system|VexRISCVSoftcore:core|VexRiscv:axi_cpu|RegFilePlugin_regFile~2373                                                                                 ; LCCOMB_X37_Y14_N0  ; 32      ; Clock enable                          ; no     ; --                   ; --               ; --                        ;
; System:system|VexRISCVSoftcore:core|VexRiscv:axi_cpu|RegFilePlugin_regFile~2375                                                                                 ; LCCOMB_X37_Y14_N26 ; 32      ; Clock enable                          ; no     ; --                   ; --               ; --                        ;
; System:system|VexRISCVSoftcore:core|VexRiscv:axi_cpu|RegFilePlugin_regFile~2377                                                                                 ; LCCOMB_X37_Y14_N4  ; 32      ; Clock enable                          ; no     ; --                   ; --               ; --                        ;
; System:system|VexRISCVSoftcore:core|VexRiscv:axi_cpu|RegFilePlugin_regFile~2379                                                                                 ; LCCOMB_X37_Y14_N14 ; 32      ; Clock enable                          ; no     ; --                   ; --               ; --                        ;
; System:system|VexRISCVSoftcore:core|VexRiscv:axi_cpu|RegFilePlugin_regFile~2381                                                                                 ; LCCOMB_X42_Y14_N16 ; 32      ; Clock enable                          ; no     ; --                   ; --               ; --                        ;
; System:system|VexRISCVSoftcore:core|VexRiscv:axi_cpu|RegFilePlugin_regFile~2383                                                                                 ; LCCOMB_X42_Y14_N2  ; 32      ; Clock enable                          ; no     ; --                   ; --               ; --                        ;
; System:system|VexRISCVSoftcore:core|VexRiscv:axi_cpu|RegFilePlugin_regFile~2385                                                                                 ; LCCOMB_X42_Y14_N4  ; 32      ; Clock enable                          ; no     ; --                   ; --               ; --                        ;
; System:system|VexRISCVSoftcore:core|VexRiscv:axi_cpu|RegFilePlugin_regFile~2387                                                                                 ; LCCOMB_X42_Y14_N6  ; 32      ; Clock enable                          ; no     ; --                   ; --               ; --                        ;
; System:system|VexRISCVSoftcore:core|VexRiscv:axi_cpu|RegFilePlugin_regFile~2389                                                                                 ; LCCOMB_X42_Y14_N24 ; 32      ; Clock enable                          ; no     ; --                   ; --               ; --                        ;
; System:system|VexRISCVSoftcore:core|VexRiscv:axi_cpu|RegFilePlugin_regFile~2391                                                                                 ; LCCOMB_X42_Y14_N26 ; 32      ; Clock enable                          ; no     ; --                   ; --               ; --                        ;
; System:system|VexRISCVSoftcore:core|VexRiscv:axi_cpu|RegFilePlugin_regFile~2393                                                                                 ; LCCOMB_X42_Y14_N28 ; 32      ; Clock enable                          ; no     ; --                   ; --               ; --                        ;
; System:system|VexRISCVSoftcore:core|VexRiscv:axi_cpu|RegFilePlugin_regFile~2395                                                                                 ; LCCOMB_X42_Y14_N14 ; 32      ; Clock enable                          ; no     ; --                   ; --               ; --                        ;
; System:system|VexRISCVSoftcore:core|VexRiscv:axi_cpu|RegFilePlugin_regFile~2397                                                                                 ; LCCOMB_X37_Y14_N8  ; 32      ; Clock enable                          ; no     ; --                   ; --               ; --                        ;
; System:system|VexRISCVSoftcore:core|VexRiscv:axi_cpu|RegFilePlugin_regFile~2399                                                                                 ; LCCOMB_X37_Y18_N22 ; 32      ; Clock enable                          ; no     ; --                   ; --               ; --                        ;
; System:system|VexRISCVSoftcore:core|VexRiscv:axi_cpu|RegFilePlugin_regFile~2400                                                                                 ; LCCOMB_X37_Y14_N10 ; 32      ; Clock enable                          ; no     ; --                   ; --               ; --                        ;
; System:system|VexRISCVSoftcore:core|VexRiscv:axi_cpu|RegFilePlugin_regFile~2401                                                                                 ; LCCOMB_X37_Y14_N12 ; 32      ; Clock enable                          ; no     ; --                   ; --               ; --                        ;
; System:system|VexRISCVSoftcore:core|VexRiscv:axi_cpu|RegFilePlugin_regFile~2402                                                                                 ; LCCOMB_X42_Y14_N0  ; 32      ; Clock enable                          ; no     ; --                   ; --               ; --                        ;
; System:system|VexRISCVSoftcore:core|VexRiscv:axi_cpu|RegFilePlugin_regFile~2403                                                                                 ; LCCOMB_X42_Y14_N18 ; 32      ; Clock enable                          ; no     ; --                   ; --               ; --                        ;
; System:system|VexRISCVSoftcore:core|VexRiscv:axi_cpu|RegFilePlugin_regFile~2404                                                                                 ; LCCOMB_X37_Y14_N30 ; 32      ; Clock enable                          ; no     ; --                   ; --               ; --                        ;
; System:system|VexRISCVSoftcore:core|VexRiscv:axi_cpu|RegFilePlugin_regFile~2405                                                                                 ; LCCOMB_X37_Y14_N16 ; 32      ; Clock enable                          ; no     ; --                   ; --               ; --                        ;
; System:system|VexRISCVSoftcore:core|VexRiscv:axi_cpu|RegFilePlugin_regFile~2406                                                                                 ; LCCOMB_X42_Y14_N12 ; 32      ; Clock enable                          ; no     ; --                   ; --               ; --                        ;
; System:system|VexRISCVSoftcore:core|VexRiscv:axi_cpu|RegFilePlugin_regFile~2407                                                                                 ; LCCOMB_X42_Y14_N30 ; 32      ; Clock enable                          ; no     ; --                   ; --               ; --                        ;
; System:system|VexRISCVSoftcore:core|VexRiscv:axi_cpu|RegFilePlugin_regFile~2408                                                                                 ; LCCOMB_X37_Y14_N18 ; 32      ; Clock enable                          ; no     ; --                   ; --               ; --                        ;
; System:system|VexRISCVSoftcore:core|VexRiscv:axi_cpu|RegFilePlugin_regFile~2409                                                                                 ; LCCOMB_X42_Y14_N8  ; 32      ; Clock enable                          ; no     ; --                   ; --               ; --                        ;
; System:system|VexRISCVSoftcore:core|VexRiscv:axi_cpu|RegFilePlugin_regFile~2410                                                                                 ; LCCOMB_X42_Y14_N10 ; 32      ; Clock enable                          ; no     ; --                   ; --               ; --                        ;
; System:system|VexRISCVSoftcore:core|VexRiscv:axi_cpu|RegFilePlugin_regFile~2411                                                                                 ; LCCOMB_X37_Y14_N20 ; 32      ; Clock enable                          ; no     ; --                   ; --               ; --                        ;
; System:system|VexRISCVSoftcore:core|VexRiscv:axi_cpu|RegFilePlugin_regFile~2412                                                                                 ; LCCOMB_X42_Y14_N20 ; 32      ; Clock enable                          ; no     ; --                   ; --               ; --                        ;
; System:system|VexRISCVSoftcore:core|VexRiscv:axi_cpu|RegFilePlugin_regFile~2413                                                                                 ; LCCOMB_X37_Y14_N6  ; 32      ; Clock enable                          ; no     ; --                   ; --               ; --                        ;
; System:system|VexRISCVSoftcore:core|VexRiscv:axi_cpu|RegFilePlugin_regFile~2414                                                                                 ; LCCOMB_X42_Y14_N22 ; 32      ; Clock enable                          ; no     ; --                   ; --               ; --                        ;
; System:system|VexRISCVSoftcore:core|VexRiscv:axi_cpu|RegFilePlugin_regFile~2415                                                                                 ; LCCOMB_X37_Y18_N24 ; 32      ; Clock enable                          ; no     ; --                   ; --               ; --                        ;
; System:system|VexRISCVSoftcore:core|VexRiscv:axi_cpu|StreamFifoLowLatency_1_:IBusSimplePlugin_rspJoin_rspBuffer_c|pushing                                       ; LCCOMB_X43_Y21_N30 ; 30      ; Clock enable                          ; no     ; --                   ; --               ; --                        ;
; System:system|VexRISCVSoftcore:core|VexRiscv:axi_cpu|_zz_111_.000                                                                                               ; FF_X38_Y19_N25     ; 33      ; Sync. load                            ; no     ; --                   ; --               ; --                        ;
; System:system|VexRISCVSoftcore:core|VexRiscv:axi_cpu|_zz_127_                                                                                                   ; LCCOMB_X43_Y16_N28 ; 25      ; Sync. load                            ; no     ; --                   ; --               ; --                        ;
; System:system|VexRISCVSoftcore:core|VexRiscv:axi_cpu|_zz_144_                                                                                                   ; LCCOMB_X41_Y27_N4  ; 30      ; Clock enable                          ; no     ; --                   ; --               ; --                        ;
; System:system|VexRISCVSoftcore:core|VexRiscv:axi_cpu|_zz_55_[2]                                                                                                 ; FF_X44_Y23_N1      ; 27      ; Sync. load                            ; no     ; --                   ; --               ; --                        ;
; System:system|VexRISCVSoftcore:core|VexRiscv:axi_cpu|_zz_55_[31]~11                                                                                             ; LCCOMB_X46_Y22_N4  ; 20      ; Clock enable                          ; no     ; --                   ; --               ; --                        ;
; System:system|VexRISCVSoftcore:core|VexRiscv:axi_cpu|_zz_55_[6]                                                                                                 ; FF_X44_Y23_N21     ; 23      ; Sync. clear                           ; no     ; --                   ; --               ; --                        ;
; System:system|VexRISCVSoftcore:core|VexRiscv:axi_cpu|always151~1                                                                                                ; LCCOMB_X41_Y26_N0  ; 30      ; Clock enable                          ; no     ; --                   ; --               ; --                        ;
; System:system|VexRISCVSoftcore:core|VexRiscv:axi_cpu|decode_arbitration_isStuck~2                                                                               ; LCCOMB_X38_Y19_N10 ; 48      ; Clock enable                          ; no     ; --                   ; --               ; --                        ;
; System:system|VexRISCVSoftcore:core|VexRiscv:axi_cpu|decode_to_execute_SRC2[12]~27                                                                              ; LCCOMB_X41_Y18_N26 ; 27      ; Sync. load                            ; no     ; --                   ; --               ; --                        ;
; System:system|VexRISCVSoftcore:core|VexRiscv:axi_cpu|execute_LightShifterPlugin_amplitudeReg[0]~12                                                              ; LCCOMB_X43_Y23_N28 ; 5       ; Clock enable                          ; no     ; --                   ; --               ; --                        ;
; System:system|VexRISCVSoftcore:core|VexRiscv:axi_cpu|execute_arbitration_isStuckByOthers~0                                                                      ; LCCOMB_X38_Y23_N2  ; 37      ; Clock enable                          ; no     ; --                   ; --               ; --                        ;
; System:system|VexRISCVSoftcore:core|VexRiscv:axi_cpu|execute_arbitration_isStuck~1                                                                              ; LCCOMB_X43_Y19_N6  ; 215     ; Clock enable                          ; no     ; --                   ; --               ; --                        ;
; System:system|VexRISCVSoftcore:core|VexRiscv:axi_cpu|memory_DivPlugin_div_counter_value[2]~19                                                                   ; LCCOMB_X38_Y23_N12 ; 6       ; Sync. clear                           ; no     ; --                   ; --               ; --                        ;
; System:system|VexRISCVSoftcore:core|VexRiscv:axi_cpu|memory_DivPlugin_div_result[0]~40                                                                          ; LCCOMB_X38_Y23_N0  ; 32      ; Clock enable                          ; no     ; --                   ; --               ; --                        ;
; System:system|VexRISCVSoftcore:core|VexRiscv:axi_cpu|memory_DivPlugin_rs1[29]~100                                                                               ; LCCOMB_X36_Y23_N30 ; 64      ; Clock enable                          ; no     ; --                   ; --               ; --                        ;
; System:system|VexRISCVSoftcore:core|VexRiscv:axi_cpu|memory_arbitration_haltItself~0                                                                            ; LCCOMB_X38_Y23_N14 ; 154     ; Clock enable, Sync. clear, Sync. load ; no     ; --                   ; --               ; --                        ;
; System:system|VexRISCVSoftcore:core|_zz_79_                                                                                                                     ; LCCOMB_X46_Y27_N16 ; 36      ; Clock enable                          ; no     ; --                   ; --               ; --                        ;
; System:system|VexRISCVSoftcore:core|_zz_81_                                                                                                                     ; LCCOMB_X52_Y20_N18 ; 34      ; Clock enable                          ; no     ; --                   ; --               ; --                        ;
; System:system|VexRISCVSoftcore:core|_zz_8_                                                                                                                      ; FF_X38_Y19_N31     ; 33      ; Clock enable, Sync. load              ; no     ; --                   ; --               ; --                        ;
; System:system|VexRISCVSoftcore:core|axi_apbBridge_io_axi_arbiter_io_output_arw_halfPipe_regs_ready                                                              ; FF_X46_Y19_N1      ; 28      ; Clock enable                          ; no     ; --                   ; --               ; --                        ;
; System:system|VexRISCVSoftcore:core|axi_apbBridge_io_axi_arbiter_io_output_w_halfPipe_regs_ready                                                                ; FF_X47_Y24_N21     ; 36      ; Clock enable                          ; no     ; --                   ; --               ; --                        ;
; System:system|VexRISCVSoftcore:core|axi_ram_io_axi_arbiter_io_output_arw_halfPipe_regs_valid                                                                    ; FF_X46_Y27_N31     ; 27      ; Clock enable                          ; no     ; --                   ; --               ; --                        ;
; System:system|VexRISCVSoftcore:core|axi_ram_io_axi_arbiter_io_output_w_s2mPipe_rValid                                                                           ; FF_X47_Y23_N17     ; 43      ; Sync. load                            ; no     ; --                   ; --               ; --                        ;
; System:system|VexRISCVSoftcore:core|axi_ram_io_axi_arbiter_io_output_w_s2mPipe_ready                                                                            ; LCCOMB_X46_Y27_N12 ; 38      ; Clock enable                          ; no     ; --                   ; --               ; --                        ;
; System:system|VexRISCVSoftcore:core|axi_sdramCtrl_io_axi_arbiter_io_output_arw_halfPipe_regs_valid                                                              ; FF_X47_Y26_N9      ; 35      ; Clock enable                          ; no     ; --                   ; --               ; --                        ;
; System:system|VexRISCVSoftcore:core|axi_sdramCtrl_io_axi_arbiter_io_output_w_s2mPipe_ready                                                                      ; LCCOMB_X59_Y20_N16 ; 37      ; Clock enable                          ; no     ; --                   ; --               ; --                        ;
; System:system|VexRISCVSoftcore:core|resetCtrl_axiReset                                                                                                          ; FF_X49_Y37_N1      ; 401     ; Async. clear                          ; yes    ; Global Clock         ; GCLK13           ; --                        ;
; System:system|VexRISCVSoftcore:core|resetCtrl_systemReset                                                                                                       ; FF_X49_Y37_N7      ; 15      ; Async. clear                          ; no     ; --                   ; --               ; --                        ;
; System:system|VexRISCVSoftcore:core|resetCtrl_systemResetCounter[3]~8                                                                                           ; LCCOMB_X49_Y37_N10 ; 6       ; Clock enable                          ; no     ; --                   ; --               ; --                        ;
; TCK                                                                                                                                                             ; PIN_AB19           ; 95      ; Clock                                 ; no     ; --                   ; --               ; --                        ;
+-----------------------------------------------------------------------------------------------------------------------------------------------------------------+--------------------+---------+---------------------------------------+--------+----------------------+------------------+---------------------------+


+------------------------------------------------------------------------------------------------------------------------------------------------------------------------------------------------------------------------------------+
; Global & Other Fast Signals                                                                                                                                                                                                        ;
+---------------------------------------------------------------------------------------------+---------------+---------+--------------------------------------+----------------------+------------------+---------------------------+
; Name                                                                                        ; Location      ; Fan-Out ; Fan-Out Using Intentional Clock Skew ; Global Resource Used ; Global Line Name ; Enable Signal Source Name ;
+---------------------------------------------------------------------------------------------+---------------+---------+--------------------------------------+----------------------+------------------+---------------------------+
; System:system|PLL:pll_1_|altpll:altpll_component|PLL_altpll:auto_generated|wire_pll1_clk[0] ; PLL_1         ; 1       ; 0                                    ; Global Clock         ; GCLK19           ; --                        ;
; System:system|PLL:pll_1_|altpll:altpll_component|PLL_altpll:auto_generated|wire_pll1_clk[1] ; PLL_1         ; 3779    ; 0                                    ; Global Clock         ; GCLK18           ; --                        ;
; System:system|VexRISCVSoftcore:core|resetCtrl_axiReset                                      ; FF_X49_Y37_N1 ; 401     ; 0                                    ; Global Clock         ; GCLK13           ; --                        ;
+---------------------------------------------------------------------------------------------+---------------+---------+--------------------------------------+----------------------+------------------+---------------------------+


+--------------------------------------------------------------------------------------------------------------------------------------------------------------------------------------------------------------------------------------------------------------------------------------------------------------------------------------------------------------------------------------------------------------------------------------------------------------------------------------------------------------------------------------------------------------------------------------------------------------------------------------------------------------------------------------------------------------------------------------------------------------------------------------------------------------------------------------------------------------------------------------------------------------------------------------------------------------------------------------------------------------------------------------------------------------------------------------------------------------------------------------------------------------------------------------------------------------------------------------------------------------------------------------------------------------------------------------------------------------------------------------+
; Fitter RAM Summary                                                                                                                                                                                                                                                                                                                                                                                                                                                                                                                                                                                                                                                                                                                                                                                                                                                                                                                                                                                                                                                                                                                                                                                                                                                                                                                                                                   ;
+----------------------------------------------------------------------------------------------------------------------------------------+------+------------------+--------------+--------------+--------------+--------------+--------------+------------------------+-------------------------+------------------------+-------------------------+--------+-----------------------------+-----------------------------+-----------------------------+-----------------------------+---------------------+------+------+--------------------------------------------------------------------------------------------------------------------------------------------------------------------------------------------------------------------------------------------------------------------------------------------------------------------------------------------------------------------------------------------------------------------------------------------------------------------------------------------------------------------------------------------------------------------------------------------------------------------------------------------------------------------------------------------------------------------------------+----------------------+------------------------+------------------------+----------+------------------------+---------------+
; Name                                                                                                                                   ; Type ; Mode             ; Clock Mode   ; Port A Depth ; Port A Width ; Port B Depth ; Port B Width ; Port A Input Registers ; Port A Output Registers ; Port B Input Registers ; Port B Output Registers ; Size   ; Implementation Port A Depth ; Implementation Port A Width ; Implementation Port B Depth ; Implementation Port B Width ; Implementation Bits ; M9Ks ; MIF  ; Location                                                                                                                                                                                                                                                                                                                                                                                                                                                                                                                                                                                                                                                                                                                       ; Mixed Width RDW Mode ; Port A RDW Mode        ; Port B RDW Mode        ; ECC Mode ; ECC Pipeline Registers ; Fits in MLABs ;
+----------------------------------------------------------------------------------------------------------------------------------------+------+------------------+--------------+--------------+--------------+--------------+--------------+------------------------+-------------------------+------------------------+-------------------------+--------+-----------------------------+-----------------------------+-----------------------------+-----------------------------+---------------------+------+------+--------------------------------------------------------------------------------------------------------------------------------------------------------------------------------------------------------------------------------------------------------------------------------------------------------------------------------------------------------------------------------------------------------------------------------------------------------------------------------------------------------------------------------------------------------------------------------------------------------------------------------------------------------------------------------------------------------------------------------+----------------------+------------------------+------------------------+----------+------------------------+---------------+
; ApbRam:ram|altsyncram:ram_rtl_0|altsyncram_rdf1:auto_generated|ALTSYNCRAM                                                              ; AUTO ; Simple Dual Port ; Single Clock ; 1024         ; 32           ; 1024         ; 32           ; yes                    ; no                      ; yes                    ; no                      ; 32768  ; 1024                        ; 32                          ; 1024                        ; 32                          ; 32768               ; 4    ; None ; M9K_X53_Y28_N0, M9K_X53_Y26_N0, M9K_X53_Y27_N0, M9K_X53_Y29_N0                                                                                                                                                                                                                                                                                                                                                                                                                                                                                                                                                                                                                                                                 ; Don't care           ; New data with NBE Read ; New data with NBE Read ; Off      ; No                     ; No - Unknown  ;
; System:system|VexRISCVSoftcore:core|Axi4SharedOnChipRam:axi_ram|altsyncram:ram_symbol0_rtl_0|altsyncram_2ed1:auto_generated|ALTSYNCRAM ; AUTO ; Simple Dual Port ; Single Clock ; 45056        ; 8            ; 45056        ; 8            ; yes                    ; no                      ; yes                    ; no                      ; 360448 ; 45056                       ; 8                           ; 45056                       ; 8                           ; 360448              ; 44   ; None ; M9K_X5_Y21_N0, M9K_X5_Y28_N0, M9K_X5_Y37_N0, M9K_X5_Y34_N0, M9K_X5_Y25_N0, M9K_X33_Y35_N0, M9K_X5_Y35_N0, M9K_X5_Y32_N0, M9K_X33_Y32_N0, M9K_X33_Y30_N0, M9K_X5_Y31_N0, M9K_X53_Y31_N0, M9K_X73_Y39_N0, M9K_X33_Y38_N0, M9K_X53_Y39_N0, M9K_X53_Y35_N0, M9K_X53_Y25_N0, M9K_X53_Y47_N0, M9K_X73_Y47_N0, M9K_X53_Y40_N0, M9K_X53_Y32_N0, M9K_X53_Y51_N0, M9K_X5_Y23_N0, M9K_X33_Y33_N0, M9K_X5_Y29_N0, M9K_X5_Y26_N0, M9K_X33_Y28_N0, M9K_X33_Y31_N0, M9K_X5_Y24_N0, M9K_X5_Y27_N0, M9K_X33_Y36_N0, M9K_X33_Y26_N0, M9K_X53_Y38_N0, M9K_X5_Y30_N0, M9K_X33_Y29_N0, M9K_X33_Y34_N0, M9K_X5_Y33_N0, M9K_X53_Y24_N0, M9K_X53_Y34_N0, M9K_X73_Y51_N0, M9K_X53_Y48_N0, M9K_X33_Y37_N0, M9K_X33_Y27_N0, M9K_X5_Y36_N0                 ; Don't care           ; New data with NBE Read ; New data with NBE Read ; Off      ; No                     ; No - Unknown  ;
; System:system|VexRISCVSoftcore:core|Axi4SharedOnChipRam:axi_ram|altsyncram:ram_symbol1_rtl_0|altsyncram_2ed1:auto_generated|ALTSYNCRAM ; AUTO ; Simple Dual Port ; Single Clock ; 45056        ; 8            ; 45056        ; 8            ; yes                    ; no                      ; yes                    ; no                      ; 360448 ; 45056                       ; 8                           ; 45056                       ; 8                           ; 360448              ; 44   ; None ; M9K_X5_Y13_N0, M9K_X53_Y2_N0, M9K_X5_Y17_N0, M9K_X33_Y1_N0, M9K_X5_Y14_N0, M9K_X5_Y9_N0, M9K_X33_Y2_N0, M9K_X53_Y19_N0, M9K_X5_Y1_N0, M9K_X5_Y10_N0, M9K_X33_Y3_N0, M9K_X53_Y22_N0, M9K_X53_Y33_N0, M9K_X33_Y25_N0, M9K_X5_Y22_N0, M9K_X5_Y20_N0, M9K_X5_Y18_N0, M9K_X33_Y5_N0, M9K_X53_Y23_N0, M9K_X53_Y1_N0, M9K_X53_Y21_N0, M9K_X53_Y18_N0, M9K_X53_Y8_N0, M9K_X73_Y1_N0, M9K_X33_Y15_N0, M9K_X5_Y2_N0, M9K_X33_Y8_N0, M9K_X5_Y4_N0, M9K_X5_Y11_N0, M9K_X53_Y30_N0, M9K_X5_Y8_N0, M9K_X73_Y22_N0, M9K_X5_Y15_N0, M9K_X5_Y3_N0, M9K_X5_Y12_N0, M9K_X73_Y15_N0, M9K_X5_Y6_N0, M9K_X73_Y16_N0, M9K_X53_Y15_N0, M9K_X5_Y7_N0, M9K_X33_Y12_N0, M9K_X5_Y5_N0, M9K_X33_Y7_N0, M9K_X53_Y7_N0                                        ; Don't care           ; New data with NBE Read ; New data with NBE Read ; Off      ; No                     ; No - Unknown  ;
; System:system|VexRISCVSoftcore:core|Axi4SharedOnChipRam:axi_ram|altsyncram:ram_symbol2_rtl_0|altsyncram_2ed1:auto_generated|ALTSYNCRAM ; AUTO ; Simple Dual Port ; Single Clock ; 45056        ; 8            ; 45056        ; 8            ; yes                    ; no                      ; yes                    ; no                      ; 360448 ; 45056                       ; 8                           ; 45056                       ; 8                           ; 360448              ; 44   ; None ; M9K_X53_Y14_N0, M9K_X73_Y9_N0, M9K_X53_Y11_N0, M9K_X73_Y19_N0, M9K_X73_Y11_N0, M9K_X73_Y10_N0, M9K_X33_Y18_N0, M9K_X33_Y20_N0, M9K_X33_Y22_N0, M9K_X33_Y6_N0, M9K_X33_Y17_N0, M9K_X53_Y17_N0, M9K_X33_Y19_N0, M9K_X33_Y24_N0, M9K_X33_Y23_N0, M9K_X33_Y21_N0, M9K_X33_Y16_N0, M9K_X53_Y3_N0, M9K_X5_Y19_N0, M9K_X5_Y16_N0, M9K_X33_Y11_N0, M9K_X73_Y13_N0, M9K_X73_Y12_N0, M9K_X73_Y7_N0, M9K_X53_Y10_N0, M9K_X33_Y9_N0, M9K_X73_Y2_N0, M9K_X73_Y8_N0, M9K_X73_Y4_N0, M9K_X53_Y9_N0, M9K_X73_Y18_N0, M9K_X73_Y5_N0, M9K_X53_Y12_N0, M9K_X53_Y16_N0, M9K_X33_Y13_N0, M9K_X33_Y4_N0, M9K_X53_Y13_N0, M9K_X33_Y14_N0, M9K_X33_Y10_N0, M9K_X53_Y6_N0, M9K_X53_Y4_N0, M9K_X73_Y3_N0, M9K_X73_Y6_N0, M9K_X53_Y5_N0                   ; Don't care           ; New data with NBE Read ; New data with NBE Read ; Off      ; No                     ; No - Unknown  ;
; System:system|VexRISCVSoftcore:core|Axi4SharedOnChipRam:axi_ram|altsyncram:ram_symbol3_rtl_0|altsyncram_2ed1:auto_generated|ALTSYNCRAM ; AUTO ; Simple Dual Port ; Single Clock ; 45056        ; 8            ; 45056        ; 8            ; yes                    ; no                      ; yes                    ; no                      ; 360448 ; 45056                       ; 8                           ; 45056                       ; 8                           ; 360448              ; 44   ; None ; M9K_X53_Y36_N0, M9K_X73_Y38_N0, M9K_X73_Y24_N0, M9K_X53_Y43_N0, M9K_X53_Y42_N0, M9K_X73_Y42_N0, M9K_X73_Y44_N0, M9K_X53_Y45_N0, M9K_X73_Y41_N0, M9K_X53_Y20_N0, M9K_X73_Y29_N0, M9K_X73_Y30_N0, M9K_X73_Y45_N0, M9K_X53_Y46_N0, M9K_X73_Y48_N0, M9K_X73_Y17_N0, M9K_X73_Y35_N0, M9K_X73_Y37_N0, M9K_X73_Y27_N0, M9K_X53_Y37_N0, M9K_X73_Y25_N0, M9K_X73_Y34_N0, M9K_X53_Y50_N0, M9K_X73_Y46_N0, M9K_X73_Y50_N0, M9K_X73_Y49_N0, M9K_X53_Y44_N0, M9K_X73_Y28_N0, M9K_X53_Y53_N0, M9K_X73_Y31_N0, M9K_X53_Y52_N0, M9K_X73_Y14_N0, M9K_X73_Y26_N0, M9K_X73_Y33_N0, M9K_X73_Y43_N0, M9K_X73_Y23_N0, M9K_X73_Y52_N0, M9K_X53_Y49_N0, M9K_X73_Y32_N0, M9K_X73_Y40_N0, M9K_X73_Y21_N0, M9K_X53_Y41_N0, M9K_X73_Y20_N0, M9K_X73_Y36_N0 ; Don't care           ; New data with NBE Read ; New data with NBE Read ; Off      ; No                     ; No - Unknown  ;
+----------------------------------------------------------------------------------------------------------------------------------------+------+------------------+--------------+--------------+--------------+--------------+--------------+------------------------+-------------------------+------------------------+-------------------------+--------+-----------------------------+-----------------------------+-----------------------------+-----------------------------+---------------------+------+------+--------------------------------------------------------------------------------------------------------------------------------------------------------------------------------------------------------------------------------------------------------------------------------------------------------------------------------------------------------------------------------------------------------------------------------------------------------------------------------------------------------------------------------------------------------------------------------------------------------------------------------------------------------------------------------------------------------------------------------+----------------------+------------------------+------------------------+----------+------------------------+---------------+
Note: Fitter may spread logical memories into multiple blocks to improve timing. The actual required RAM blocks can be found in the Fitter Resource Usage section.


+-----------------------------------------------------------------------------------------------+
; Fitter DSP Block Usage Summary                                                                ;
+---------------------------------------+-------------+---------------------+-------------------+
; Statistic                             ; Number Used ; Available per Block ; Maximum Available ;
+---------------------------------------+-------------+---------------------+-------------------+
; Simple Multipliers (9-bit)            ; 0           ; 2                   ; 288               ;
; Simple Multipliers (18-bit)           ; 4           ; 1                   ; 144               ;
; Embedded Multiplier Blocks            ; 4           ; --                  ; 144               ;
; Embedded Multiplier 9-bit elements    ; 8           ; 2                   ; 288               ;
; Signed Embedded Multipliers           ; 3           ; --                  ; --                ;
; Unsigned Embedded Multipliers         ; 1           ; --                  ; --                ;
; Mixed Sign Embedded Multipliers       ; 0           ; --                  ; --                ;
; Variable Sign Embedded Multipliers    ; 0           ; --                  ; --                ;
; Dedicated Input Shift Register Chains ; 0           ; --                  ; --                ;
+---------------------------------------+-------------+---------------------+-------------------+


+---------------------------------------------------------------------------------------------------------------------------------------------------------------------------------------------------------------------------------------------------------------------------------------------------------+
; DSP Block Details                                                                                                                                                                                                                                                                                       ;
+----------------------------------------------------------------------------------------------------------+----------------------------+--------------------+---------------------+--------------------------------+-----------------------+-----------------------+-------------------+-----------------+
; Name                                                                                                     ; Mode                       ; Location           ; Sign Representation ; Has Input Shift Register Chain ; Data A Input Register ; Data B Input Register ; Pipeline Register ; Output Register ;
+----------------------------------------------------------------------------------------------------------+----------------------------+--------------------+---------------------+--------------------------------+-----------------------+-----------------------+-------------------+-----------------+
; System:system|VexRISCVSoftcore:core|VexRiscv:axi_cpu|execute_to_memory_MUL_LL[0]                         ; Simple Multiplier (18-bit) ; DSPOUT_X28_Y20_N2  ;                     ; No                             ;                       ;                       ;                   ; yes             ;
;    System:system|VexRISCVSoftcore:core|VexRiscv:axi_cpu|lpm_mult:Mult1|mult_tns:auto_generated|mac_mult1 ;                            ; DSPMULT_X28_Y20_N0 ; Unsigned            ;                                ; no                    ; no                    ; no                ;                 ;
; System:system|VexRISCVSoftcore:core|VexRiscv:axi_cpu|execute_to_memory_MUL_HH[0]                         ; Simple Multiplier (18-bit) ; DSPOUT_X28_Y21_N2  ;                     ; No                             ;                       ;                       ;                   ; yes             ;
;    System:system|VexRISCVSoftcore:core|VexRiscv:axi_cpu|lpm_mult:Mult0|mult_tgs:auto_generated|mac_mult1 ;                            ; DSPMULT_X28_Y21_N0 ; Signed              ;                                ; no                    ; no                    ; no                ;                 ;
; System:system|VexRISCVSoftcore:core|VexRiscv:axi_cpu|execute_to_memory_MUL_LH[0]                         ; Simple Multiplier (18-bit) ; DSPOUT_X28_Y19_N2  ;                     ; No                             ;                       ;                       ;                   ; yes             ;
;    System:system|VexRISCVSoftcore:core|VexRiscv:axi_cpu|lpm_mult:Mult2|mult_tgs:auto_generated|mac_mult1 ;                            ; DSPMULT_X28_Y19_N0 ; Signed              ;                                ; no                    ; no                    ; no                ;                 ;
; System:system|VexRISCVSoftcore:core|VexRiscv:axi_cpu|execute_to_memory_MUL_HL[0]                         ; Simple Multiplier (18-bit) ; DSPOUT_X28_Y18_N2  ;                     ; No                             ;                       ;                       ;                   ; yes             ;
;    System:system|VexRISCVSoftcore:core|VexRiscv:axi_cpu|lpm_mult:Mult3|mult_tgs:auto_generated|mac_mult1 ;                            ; DSPMULT_X28_Y18_N0 ; Signed              ;                                ; no                    ; no                    ; no                ;                 ;
+----------------------------------------------------------------------------------------------------------+----------------------------+--------------------+---------------------+--------------------------------+-----------------------+-----------------------+-------------------+-----------------+


+---------------------------------------------------+
; Routing Usage Summary                             ;
+-----------------------+---------------------------+
; Routing Resource Type ; Usage                     ;
+-----------------------+---------------------------+
; Block interconnects   ; 13,469 / 148,641 ( 9 % )  ;
; C16 interconnects     ; 364 / 5,382 ( 7 % )       ;
; C4 interconnects      ; 8,465 / 106,704 ( 8 % )   ;
; Direct links          ; 1,102 / 148,641 ( < 1 % ) ;
; Global clocks         ; 3 / 20 ( 15 % )           ;
; Local interconnects   ; 2,776 / 49,760 ( 6 % )    ;
; NSLEEPs               ; 0 / 500 ( 0 % )           ;
; R24 interconnects     ; 501 / 5,406 ( 9 % )       ;
; R4 interconnects      ; 9,921 / 147,764 ( 7 % )   ;
+-----------------------+---------------------------+


+-----------------------------------------------------------------------------+
; LAB Logic Elements                                                          ;
+---------------------------------------------+-------------------------------+
; Number of Logic Elements  (Average = 12.63) ; Number of LABs  (Total = 454) ;
+---------------------------------------------+-------------------------------+
; 1                                           ; 36                            ;
; 2                                           ; 13                            ;
; 3                                           ; 12                            ;
; 4                                           ; 8                             ;
; 5                                           ; 6                             ;
; 6                                           ; 4                             ;
; 7                                           ; 4                             ;
; 8                                           ; 5                             ;
; 9                                           ; 4                             ;
; 10                                          ; 10                            ;
; 11                                          ; 7                             ;
; 12                                          ; 16                            ;
; 13                                          ; 19                            ;
; 14                                          ; 38                            ;
; 15                                          ; 55                            ;
; 16                                          ; 217                           ;
+---------------------------------------------+-------------------------------+


+--------------------------------------------------------------------+
; LAB-wide Signals                                                   ;
+------------------------------------+-------------------------------+
; LAB-wide Signals  (Average = 2.04) ; Number of LABs  (Total = 454) ;
+------------------------------------+-------------------------------+
; 1 Async. clear                     ; 94                            ;
; 1 Clock                            ; 421                           ;
; 1 Clock enable                     ; 138                           ;
; 1 Sync. clear                      ; 13                            ;
; 1 Sync. load                       ; 54                            ;
; 2 Async. clears                    ; 2                             ;
; 2 Clock enables                    ; 200                           ;
; 2 Clocks                           ; 4                             ;
+------------------------------------+-------------------------------+


+------------------------------------------------------------------------------+
; LAB Signals Sourced                                                          ;
+----------------------------------------------+-------------------------------+
; Number of Signals Sourced  (Average = 20.74) ; Number of LABs  (Total = 454) ;
+----------------------------------------------+-------------------------------+
; 0                                            ; 0                             ;
; 1                                            ; 11                            ;
; 2                                            ; 26                            ;
; 3                                            ; 2                             ;
; 4                                            ; 13                            ;
; 5                                            ; 5                             ;
; 6                                            ; 9                             ;
; 7                                            ; 3                             ;
; 8                                            ; 3                             ;
; 9                                            ; 3                             ;
; 10                                           ; 4                             ;
; 11                                           ; 0                             ;
; 12                                           ; 5                             ;
; 13                                           ; 3                             ;
; 14                                           ; 4                             ;
; 15                                           ; 5                             ;
; 16                                           ; 20                            ;
; 17                                           ; 7                             ;
; 18                                           ; 12                            ;
; 19                                           ; 17                            ;
; 20                                           ; 25                            ;
; 21                                           ; 26                            ;
; 22                                           ; 24                            ;
; 23                                           ; 26                            ;
; 24                                           ; 26                            ;
; 25                                           ; 18                            ;
; 26                                           ; 19                            ;
; 27                                           ; 16                            ;
; 28                                           ; 20                            ;
; 29                                           ; 15                            ;
; 30                                           ; 19                            ;
; 31                                           ; 15                            ;
; 32                                           ; 53                            ;
+----------------------------------------------+-------------------------------+


+----------------------------------------------------------------------------------+
; LAB Signals Sourced Out                                                          ;
+--------------------------------------------------+-------------------------------+
; Number of Signals Sourced Out  (Average = 10.60) ; Number of LABs  (Total = 454) ;
+--------------------------------------------------+-------------------------------+
; 0                                                ; 0                             ;
; 1                                                ; 40                            ;
; 2                                                ; 23                            ;
; 3                                                ; 16                            ;
; 4                                                ; 27                            ;
; 5                                                ; 10                            ;
; 6                                                ; 19                            ;
; 7                                                ; 19                            ;
; 8                                                ; 26                            ;
; 9                                                ; 24                            ;
; 10                                               ; 30                            ;
; 11                                               ; 23                            ;
; 12                                               ; 32                            ;
; 13                                               ; 23                            ;
; 14                                               ; 22                            ;
; 15                                               ; 21                            ;
; 16                                               ; 34                            ;
; 17                                               ; 6                             ;
; 18                                               ; 7                             ;
; 19                                               ; 8                             ;
; 20                                               ; 6                             ;
; 21                                               ; 2                             ;
; 22                                               ; 5                             ;
; 23                                               ; 6                             ;
; 24                                               ; 9                             ;
; 25                                               ; 4                             ;
; 26                                               ; 1                             ;
; 27                                               ; 3                             ;
; 28                                               ; 4                             ;
; 29                                               ; 2                             ;
; 30                                               ; 0                             ;
; 31                                               ; 1                             ;
; 32                                               ; 1                             ;
+--------------------------------------------------+-------------------------------+


+------------------------------------------------------------------------------+
; LAB Distinct Inputs                                                          ;
+----------------------------------------------+-------------------------------+
; Number of Distinct Inputs  (Average = 20.56) ; Number of LABs  (Total = 454) ;
+----------------------------------------------+-------------------------------+
; 0                                            ; 0                             ;
; 1                                            ; 0                             ;
; 2                                            ; 13                            ;
; 3                                            ; 11                            ;
; 4                                            ; 21                            ;
; 5                                            ; 12                            ;
; 6                                            ; 13                            ;
; 7                                            ; 4                             ;
; 8                                            ; 13                            ;
; 9                                            ; 4                             ;
; 10                                           ; 8                             ;
; 11                                           ; 6                             ;
; 12                                           ; 7                             ;
; 13                                           ; 9                             ;
; 14                                           ; 12                            ;
; 15                                           ; 10                            ;
; 16                                           ; 16                            ;
; 17                                           ; 11                            ;
; 18                                           ; 11                            ;
; 19                                           ; 16                            ;
; 20                                           ; 9                             ;
; 21                                           ; 14                            ;
; 22                                           ; 10                            ;
; 23                                           ; 9                             ;
; 24                                           ; 14                            ;
; 25                                           ; 15                            ;
; 26                                           ; 18                            ;
; 27                                           ; 16                            ;
; 28                                           ; 18                            ;
; 29                                           ; 23                            ;
; 30                                           ; 20                            ;
; 31                                           ; 24                            ;
; 32                                           ; 13                            ;
; 33                                           ; 16                            ;
; 34                                           ; 11                            ;
; 35                                           ; 14                            ;
; 36                                           ; 4                             ;
; 37                                           ; 8                             ;
+----------------------------------------------+-------------------------------+


+------------------------------------------+
; I/O Rules Summary                        ;
+----------------------------------+-------+
; I/O Rules Statistic              ; Total ;
+----------------------------------+-------+
; Total I/O Rules                  ; 30    ;
; Number of I/O Rules Passed       ; 13    ;
; Number of I/O Rules Failed       ; 0     ;
; Number of I/O Rules Unchecked    ; 0     ;
; Number of I/O Rules Inapplicable ; 17    ;
+----------------------------------+-------+


+-----------------------------------------------------------------------------------------------------------------------------------------------------------------------------------------------------------------------------------------------------------------------------------------------------+
; I/O Rules Details                                                                                                                                                                                                                                                                                   ;
+--------------+-----------+-----------------------------------+------------------------------------------------------------------------------------------------------+----------+--------------------------------------------------------------------------+---------------------+-------------------+
; Status       ; ID        ; Category                          ; Rule Description                                                                                     ; Severity ; Information                                                              ; Area                ; Extra Information ;
+--------------+-----------+-----------------------------------+------------------------------------------------------------------------------------------------------+----------+--------------------------------------------------------------------------+---------------------+-------------------+
; Pass         ; IO_000001 ; Capacity Checks                   ; Number of pins in an I/O bank should not exceed the number of locations available.                   ; Critical ; 0 such failures found.                                                   ; I/O                 ;                   ;
; Inapplicable ; IO_000002 ; Capacity Checks                   ; Number of clocks in an I/O bank should not exceed the number of clocks available.                    ; Critical ; No Global Signal assignments found.                                      ; I/O                 ;                   ;
; Pass         ; IO_000003 ; Capacity Checks                   ; Number of pins in a Vrefgroup should not exceed the number of locations available.                   ; Critical ; 0 such failures found.                                                   ; I/O                 ;                   ;
; Inapplicable ; IO_000004 ; Voltage Compatibility Checks      ; The I/O bank should support the requested VCCIO.                                                     ; Critical ; No IOBANK_VCCIO assignments found.                                       ; I/O                 ;                   ;
; Inapplicable ; IO_000005 ; Voltage Compatibility Checks      ; The I/O bank should not have competing VREF values.                                                  ; Critical ; No VREF I/O Standard assignments found.                                  ; I/O                 ;                   ;
; Pass         ; IO_000006 ; Voltage Compatibility Checks      ; The I/O bank should not have competing VCCIO values.                                                 ; Critical ; 0 such failures found.                                                   ; I/O                 ;                   ;
; Pass         ; IO_000007 ; Valid Location Checks             ; Checks for unavailable locations.                                                                    ; Critical ; 0 such failures found.                                                   ; I/O                 ;                   ;
; Inapplicable ; IO_000008 ; Valid Location Checks             ; Checks for reserved locations.                                                                       ; Critical ; No reserved LogicLock region found.                                      ; I/O                 ;                   ;
; Pass         ; IO_000009 ; I/O Properties Checks for One I/O ; The location should support the requested I/O standard.                                              ; Critical ; 0 such failures found.                                                   ; I/O                 ;                   ;
; Pass         ; IO_000010 ; I/O Properties Checks for One I/O ; The location should support the requested I/O direction.                                             ; Critical ; 0 such failures found.                                                   ; I/O                 ;                   ;
; Inapplicable ; IO_000011 ; I/O Properties Checks for One I/O ; The location should support the requested Current Strength.                                          ; Critical ; No Current Strength assignments found.                                   ; I/O                 ;                   ;
; Pass         ; IO_000012 ; I/O Properties Checks for One I/O ; The location should support the requested On Chip Termination value.                                 ; Critical ; 0 such failures found.                                                   ; I/O                 ;                   ;
; Inapplicable ; IO_000013 ; I/O Properties Checks for One I/O ; The location should support the requested Bus Hold value.                                            ; Critical ; No Enable Bus-Hold Circuitry assignments found.                          ; I/O                 ;                   ;
; Inapplicable ; IO_000014 ; I/O Properties Checks for One I/O ; The location should support the requested Weak Pull Up value.                                        ; Critical ; No Weak Pull-Up Resistor assignments found.                              ; I/O                 ;                   ;
; Pass         ; IO_000015 ; I/O Properties Checks for One I/O ; The location should support the requested PCI Clamp Diode.                                           ; Critical ; 0 such failures found.                                                   ; I/O                 ;                   ;
; Inapplicable ; IO_000018 ; I/O Properties Checks for One I/O ; The I/O standard should support the requested Current Strength.                                      ; Critical ; No Current Strength assignments found.                                   ; I/O                 ;                   ;
; Pass         ; IO_000019 ; I/O Properties Checks for One I/O ; The I/O standard should support the requested On Chip Termination value.                             ; Critical ; 0 such failures found.                                                   ; I/O                 ;                   ;
; Pass         ; IO_000020 ; I/O Properties Checks for One I/O ; The I/O standard should support the requested PCI Clamp Diode.                                       ; Critical ; 0 such failures found.                                                   ; I/O                 ;                   ;
; Inapplicable ; IO_000021 ; I/O Properties Checks for One I/O ; The I/O standard should support the requested Weak Pull Up value.                                    ; Critical ; No Weak Pull-Up Resistor assignments found.                              ; I/O                 ;                   ;
; Inapplicable ; IO_000022 ; I/O Properties Checks for One I/O ; The I/O standard should support the requested Bus Hold value.                                        ; Critical ; No Enable Bus-Hold Circuitry assignments found.                          ; I/O                 ;                   ;
; Pass         ; IO_000023 ; I/O Properties Checks for One I/O ; The I/O standard should support the Open Drain value.                                                ; Critical ; 0 such failures found.                                                   ; I/O                 ;                   ;
; Pass         ; IO_000024 ; I/O Properties Checks for One I/O ; The I/O direction should support the On Chip Termination value.                                      ; Critical ; 0 such failures found.                                                   ; I/O                 ;                   ;
; Inapplicable ; IO_000026 ; I/O Properties Checks for One I/O ; On Chip Termination and Current Strength should not be used at the same time.                        ; Critical ; No Current Strength assignments found.                                   ; I/O                 ;                   ;
; Inapplicable ; IO_000027 ; I/O Properties Checks for One I/O ; Weak Pull Up and Bus Hold should not be used at the same time.                                       ; Critical ; No Enable Bus-Hold Circuitry or Weak Pull-Up Resistor assignments found. ; I/O                 ;                   ;
; Inapplicable ; IO_000045 ; I/O Properties Checks for One I/O ; The I/O standard should support the requested Slew Rate value.                                       ; Critical ; No Slew Rate assignments found.                                          ; I/O                 ;                   ;
; Inapplicable ; IO_000046 ; I/O Properties Checks for One I/O ; The location should support the requested Slew Rate value.                                           ; Critical ; No Slew Rate assignments found.                                          ; I/O                 ;                   ;
; Inapplicable ; IO_000047 ; I/O Properties Checks for One I/O ; On Chip Termination and Slew Rate should not be used at the same time.                               ; Critical ; No Slew Rate assignments found.                                          ; I/O                 ;                   ;
; Pass         ; IO_000033 ; Electromigration Checks           ; Current density for consecutive I/Os should not exceed 160mA for row I/Os and 160mA for column I/Os. ; Critical ; 0 such failures found.                                                   ; I/O                 ;                   ;
; Inapplicable ; IO_000034 ; SI Related Distance Checks        ; Single-ended outputs should be 5 LAB row(s) away from a differential I/O.                            ; High     ; No Differential I/O Standard assignments found.                          ; I/O                 ;                   ;
; Inapplicable ; IO_000042 ; SI Related SSO Limit Checks       ; No more than 20 outputs are allowed in a VREF group when VREF is being read from.                    ; High     ; No VREF I/O Standard assignments found.                                  ; I/O                 ;                   ;
; ----         ; ----      ; Disclaimer                        ; OCT rules are checked but not reported.                                                              ; None     ; ----                                                                     ; On Chip Termination ;                   ;
+--------------+-----------+-----------------------------------+------------------------------------------------------------------------------------------------------+----------+--------------------------------------------------------------------------+---------------------+-------------------+


+-----------------------------------------------------------------------------------------------------------------------------------------------------------------------------------------------------------------------------------------------------------------------------------------------------------------------------------------------------------------------------------------------------------------------------------------------------------------+
; I/O Rules Matrix                                                                                                                                                                                                                                                                                                                                                                                                                                                ;
+--------------------+-----------+--------------+-----------+--------------+--------------+-----------+-----------+--------------+-----------+-----------+--------------+--------------+--------------+--------------+--------------+--------------+--------------+--------------+--------------+--------------+--------------+--------------+--------------+--------------+--------------+--------------+--------------+-----------+--------------+--------------+
; Pin/Rules          ; IO_000001 ; IO_000002    ; IO_000003 ; IO_000004    ; IO_000005    ; IO_000006 ; IO_000007 ; IO_000008    ; IO_000009 ; IO_000010 ; IO_000011    ; IO_000012    ; IO_000013    ; IO_000014    ; IO_000015    ; IO_000018    ; IO_000019    ; IO_000020    ; IO_000021    ; IO_000022    ; IO_000023    ; IO_000024    ; IO_000026    ; IO_000027    ; IO_000045    ; IO_000046    ; IO_000047    ; IO_000033 ; IO_000034    ; IO_000042    ;
+--------------------+-----------+--------------+-----------+--------------+--------------+-----------+-----------+--------------+-----------+-----------+--------------+--------------+--------------+--------------+--------------+--------------+--------------+--------------+--------------+--------------+--------------+--------------+--------------+--------------+--------------+--------------+--------------+-----------+--------------+--------------+
; Total Pass         ; 118       ; 0            ; 118       ; 0            ; 0            ; 118       ; 118       ; 0            ; 118       ; 118       ; 0            ; 101          ; 0            ; 0            ; 43           ; 0            ; 101          ; 43           ; 0            ; 0            ; 10           ; 101          ; 0            ; 0            ; 0            ; 0            ; 0            ; 118       ; 0            ; 0            ;
; Total Unchecked    ; 0         ; 0            ; 0         ; 0            ; 0            ; 0         ; 0         ; 0            ; 0         ; 0         ; 0            ; 0            ; 0            ; 0            ; 0            ; 0            ; 0            ; 0            ; 0            ; 0            ; 0            ; 0            ; 0            ; 0            ; 0            ; 0            ; 0            ; 0         ; 0            ; 0            ;
; Total Inapplicable ; 0         ; 118          ; 0         ; 118          ; 118          ; 0         ; 0         ; 118          ; 0         ; 0         ; 118          ; 17           ; 118          ; 118          ; 75           ; 118          ; 17           ; 75           ; 118          ; 118          ; 108          ; 17           ; 118          ; 118          ; 118          ; 118          ; 118          ; 0         ; 118          ; 118          ;
; Total Fail         ; 0         ; 0            ; 0         ; 0            ; 0            ; 0         ; 0         ; 0            ; 0         ; 0         ; 0            ; 0            ; 0            ; 0            ; 0            ; 0            ; 0            ; 0            ; 0            ; 0            ; 0            ; 0            ; 0            ; 0            ; 0            ; 0            ; 0            ; 0         ; 0            ; 0            ;
; KEY[1]             ; Pass      ; Inapplicable ; Pass      ; Inapplicable ; Inapplicable ; Pass      ; Pass      ; Inapplicable ; Pass      ; Pass      ; Inapplicable ; Inapplicable ; Inapplicable ; Inapplicable ; Pass         ; Inapplicable ; Inapplicable ; Pass         ; Inapplicable ; Inapplicable ; Inapplicable ; Inapplicable ; Inapplicable ; Inapplicable ; Inapplicable ; Inapplicable ; Inapplicable ; Pass      ; Inapplicable ; Inapplicable ;
; LEDR[0]            ; Pass      ; Inapplicable ; Pass      ; Inapplicable ; Inapplicable ; Pass      ; Pass      ; Inapplicable ; Pass      ; Pass      ; Inapplicable ; Pass         ; Inapplicable ; Inapplicable ; Inapplicable ; Inapplicable ; Pass         ; Inapplicable ; Inapplicable ; Inapplicable ; Inapplicable ; Pass         ; Inapplicable ; Inapplicable ; Inapplicable ; Inapplicable ; Inapplicable ; Pass      ; Inapplicable ; Inapplicable ;
; LEDR[1]            ; Pass      ; Inapplicable ; Pass      ; Inapplicable ; Inapplicable ; Pass      ; Pass      ; Inapplicable ; Pass      ; Pass      ; Inapplicable ; Pass         ; Inapplicable ; Inapplicable ; Inapplicable ; Inapplicable ; Pass         ; Inapplicable ; Inapplicable ; Inapplicable ; Inapplicable ; Pass         ; Inapplicable ; Inapplicable ; Inapplicable ; Inapplicable ; Inapplicable ; Pass      ; Inapplicable ; Inapplicable ;
; LEDR[2]            ; Pass      ; Inapplicable ; Pass      ; Inapplicable ; Inapplicable ; Pass      ; Pass      ; Inapplicable ; Pass      ; Pass      ; Inapplicable ; Pass         ; Inapplicable ; Inapplicable ; Inapplicable ; Inapplicable ; Pass         ; Inapplicable ; Inapplicable ; Inapplicable ; Inapplicable ; Pass         ; Inapplicable ; Inapplicable ; Inapplicable ; Inapplicable ; Inapplicable ; Pass      ; Inapplicable ; Inapplicable ;
; LEDR[3]            ; Pass      ; Inapplicable ; Pass      ; Inapplicable ; Inapplicable ; Pass      ; Pass      ; Inapplicable ; Pass      ; Pass      ; Inapplicable ; Pass         ; Inapplicable ; Inapplicable ; Inapplicable ; Inapplicable ; Pass         ; Inapplicable ; Inapplicable ; Inapplicable ; Inapplicable ; Pass         ; Inapplicable ; Inapplicable ; Inapplicable ; Inapplicable ; Inapplicable ; Pass      ; Inapplicable ; Inapplicable ;
; LEDR[4]            ; Pass      ; Inapplicable ; Pass      ; Inapplicable ; Inapplicable ; Pass      ; Pass      ; Inapplicable ; Pass      ; Pass      ; Inapplicable ; Pass         ; Inapplicable ; Inapplicable ; Inapplicable ; Inapplicable ; Pass         ; Inapplicable ; Inapplicable ; Inapplicable ; Inapplicable ; Pass         ; Inapplicable ; Inapplicable ; Inapplicable ; Inapplicable ; Inapplicable ; Pass      ; Inapplicable ; Inapplicable ;
; LEDR[5]            ; Pass      ; Inapplicable ; Pass      ; Inapplicable ; Inapplicable ; Pass      ; Pass      ; Inapplicable ; Pass      ; Pass      ; Inapplicable ; Pass         ; Inapplicable ; Inapplicable ; Inapplicable ; Inapplicable ; Pass         ; Inapplicable ; Inapplicable ; Inapplicable ; Inapplicable ; Pass         ; Inapplicable ; Inapplicable ; Inapplicable ; Inapplicable ; Inapplicable ; Pass      ; Inapplicable ; Inapplicable ;
; LEDR[6]            ; Pass      ; Inapplicable ; Pass      ; Inapplicable ; Inapplicable ; Pass      ; Pass      ; Inapplicable ; Pass      ; Pass      ; Inapplicable ; Pass         ; Inapplicable ; Inapplicable ; Inapplicable ; Inapplicable ; Pass         ; Inapplicable ; Inapplicable ; Inapplicable ; Inapplicable ; Pass         ; Inapplicable ; Inapplicable ; Inapplicable ; Inapplicable ; Inapplicable ; Pass      ; Inapplicable ; Inapplicable ;
; LEDR[7]            ; Pass      ; Inapplicable ; Pass      ; Inapplicable ; Inapplicable ; Pass      ; Pass      ; Inapplicable ; Pass      ; Pass      ; Inapplicable ; Pass         ; Inapplicable ; Inapplicable ; Inapplicable ; Inapplicable ; Pass         ; Inapplicable ; Inapplicable ; Inapplicable ; Inapplicable ; Pass         ; Inapplicable ; Inapplicable ; Inapplicable ; Inapplicable ; Inapplicable ; Pass      ; Inapplicable ; Inapplicable ;
; LEDR[8]            ; Pass      ; Inapplicable ; Pass      ; Inapplicable ; Inapplicable ; Pass      ; Pass      ; Inapplicable ; Pass      ; Pass      ; Inapplicable ; Pass         ; Inapplicable ; Inapplicable ; Inapplicable ; Inapplicable ; Pass         ; Inapplicable ; Inapplicable ; Inapplicable ; Inapplicable ; Pass         ; Inapplicable ; Inapplicable ; Inapplicable ; Inapplicable ; Inapplicable ; Pass      ; Inapplicable ; Inapplicable ;
; LEDR[9]            ; Pass      ; Inapplicable ; Pass      ; Inapplicable ; Inapplicable ; Pass      ; Pass      ; Inapplicable ; Pass      ; Pass      ; Inapplicable ; Pass         ; Inapplicable ; Inapplicable ; Inapplicable ; Inapplicable ; Pass         ; Inapplicable ; Inapplicable ; Inapplicable ; Inapplicable ; Pass         ; Inapplicable ; Inapplicable ; Inapplicable ; Inapplicable ; Inapplicable ; Pass      ; Inapplicable ; Inapplicable ;
; HEX0[0]            ; Pass      ; Inapplicable ; Pass      ; Inapplicable ; Inapplicable ; Pass      ; Pass      ; Inapplicable ; Pass      ; Pass      ; Inapplicable ; Pass         ; Inapplicable ; Inapplicable ; Inapplicable ; Inapplicable ; Pass         ; Inapplicable ; Inapplicable ; Inapplicable ; Inapplicable ; Pass         ; Inapplicable ; Inapplicable ; Inapplicable ; Inapplicable ; Inapplicable ; Pass      ; Inapplicable ; Inapplicable ;
; HEX0[1]            ; Pass      ; Inapplicable ; Pass      ; Inapplicable ; Inapplicable ; Pass      ; Pass      ; Inapplicable ; Pass      ; Pass      ; Inapplicable ; Pass         ; Inapplicable ; Inapplicable ; Inapplicable ; Inapplicable ; Pass         ; Inapplicable ; Inapplicable ; Inapplicable ; Inapplicable ; Pass         ; Inapplicable ; Inapplicable ; Inapplicable ; Inapplicable ; Inapplicable ; Pass      ; Inapplicable ; Inapplicable ;
; HEX0[2]            ; Pass      ; Inapplicable ; Pass      ; Inapplicable ; Inapplicable ; Pass      ; Pass      ; Inapplicable ; Pass      ; Pass      ; Inapplicable ; Pass         ; Inapplicable ; Inapplicable ; Inapplicable ; Inapplicable ; Pass         ; Inapplicable ; Inapplicable ; Inapplicable ; Inapplicable ; Pass         ; Inapplicable ; Inapplicable ; Inapplicable ; Inapplicable ; Inapplicable ; Pass      ; Inapplicable ; Inapplicable ;
; HEX0[3]            ; Pass      ; Inapplicable ; Pass      ; Inapplicable ; Inapplicable ; Pass      ; Pass      ; Inapplicable ; Pass      ; Pass      ; Inapplicable ; Pass         ; Inapplicable ; Inapplicable ; Inapplicable ; Inapplicable ; Pass         ; Inapplicable ; Inapplicable ; Inapplicable ; Inapplicable ; Pass         ; Inapplicable ; Inapplicable ; Inapplicable ; Inapplicable ; Inapplicable ; Pass      ; Inapplicable ; Inapplicable ;
; HEX0[4]            ; Pass      ; Inapplicable ; Pass      ; Inapplicable ; Inapplicable ; Pass      ; Pass      ; Inapplicable ; Pass      ; Pass      ; Inapplicable ; Pass         ; Inapplicable ; Inapplicable ; Inapplicable ; Inapplicable ; Pass         ; Inapplicable ; Inapplicable ; Inapplicable ; Inapplicable ; Pass         ; Inapplicable ; Inapplicable ; Inapplicable ; Inapplicable ; Inapplicable ; Pass      ; Inapplicable ; Inapplicable ;
; HEX0[5]            ; Pass      ; Inapplicable ; Pass      ; Inapplicable ; Inapplicable ; Pass      ; Pass      ; Inapplicable ; Pass      ; Pass      ; Inapplicable ; Pass         ; Inapplicable ; Inapplicable ; Inapplicable ; Inapplicable ; Pass         ; Inapplicable ; Inapplicable ; Inapplicable ; Inapplicable ; Pass         ; Inapplicable ; Inapplicable ; Inapplicable ; Inapplicable ; Inapplicable ; Pass      ; Inapplicable ; Inapplicable ;
; HEX0[6]            ; Pass      ; Inapplicable ; Pass      ; Inapplicable ; Inapplicable ; Pass      ; Pass      ; Inapplicable ; Pass      ; Pass      ; Inapplicable ; Pass         ; Inapplicable ; Inapplicable ; Inapplicable ; Inapplicable ; Pass         ; Inapplicable ; Inapplicable ; Inapplicable ; Inapplicable ; Pass         ; Inapplicable ; Inapplicable ; Inapplicable ; Inapplicable ; Inapplicable ; Pass      ; Inapplicable ; Inapplicable ;
; HEX0[7]            ; Pass      ; Inapplicable ; Pass      ; Inapplicable ; Inapplicable ; Pass      ; Pass      ; Inapplicable ; Pass      ; Pass      ; Inapplicable ; Pass         ; Inapplicable ; Inapplicable ; Inapplicable ; Inapplicable ; Pass         ; Inapplicable ; Inapplicable ; Inapplicable ; Inapplicable ; Pass         ; Inapplicable ; Inapplicable ; Inapplicable ; Inapplicable ; Inapplicable ; Pass      ; Inapplicable ; Inapplicable ;
; HEX1[0]            ; Pass      ; Inapplicable ; Pass      ; Inapplicable ; Inapplicable ; Pass      ; Pass      ; Inapplicable ; Pass      ; Pass      ; Inapplicable ; Pass         ; Inapplicable ; Inapplicable ; Inapplicable ; Inapplicable ; Pass         ; Inapplicable ; Inapplicable ; Inapplicable ; Inapplicable ; Pass         ; Inapplicable ; Inapplicable ; Inapplicable ; Inapplicable ; Inapplicable ; Pass      ; Inapplicable ; Inapplicable ;
; HEX1[1]            ; Pass      ; Inapplicable ; Pass      ; Inapplicable ; Inapplicable ; Pass      ; Pass      ; Inapplicable ; Pass      ; Pass      ; Inapplicable ; Pass         ; Inapplicable ; Inapplicable ; Inapplicable ; Inapplicable ; Pass         ; Inapplicable ; Inapplicable ; Inapplicable ; Inapplicable ; Pass         ; Inapplicable ; Inapplicable ; Inapplicable ; Inapplicable ; Inapplicable ; Pass      ; Inapplicable ; Inapplicable ;
; HEX1[2]            ; Pass      ; Inapplicable ; Pass      ; Inapplicable ; Inapplicable ; Pass      ; Pass      ; Inapplicable ; Pass      ; Pass      ; Inapplicable ; Pass         ; Inapplicable ; Inapplicable ; Inapplicable ; Inapplicable ; Pass         ; Inapplicable ; Inapplicable ; Inapplicable ; Inapplicable ; Pass         ; Inapplicable ; Inapplicable ; Inapplicable ; Inapplicable ; Inapplicable ; Pass      ; Inapplicable ; Inapplicable ;
; HEX1[3]            ; Pass      ; Inapplicable ; Pass      ; Inapplicable ; Inapplicable ; Pass      ; Pass      ; Inapplicable ; Pass      ; Pass      ; Inapplicable ; Pass         ; Inapplicable ; Inapplicable ; Inapplicable ; Inapplicable ; Pass         ; Inapplicable ; Inapplicable ; Inapplicable ; Inapplicable ; Pass         ; Inapplicable ; Inapplicable ; Inapplicable ; Inapplicable ; Inapplicable ; Pass      ; Inapplicable ; Inapplicable ;
; HEX1[4]            ; Pass      ; Inapplicable ; Pass      ; Inapplicable ; Inapplicable ; Pass      ; Pass      ; Inapplicable ; Pass      ; Pass      ; Inapplicable ; Pass         ; Inapplicable ; Inapplicable ; Inapplicable ; Inapplicable ; Pass         ; Inapplicable ; Inapplicable ; Inapplicable ; Inapplicable ; Pass         ; Inapplicable ; Inapplicable ; Inapplicable ; Inapplicable ; Inapplicable ; Pass      ; Inapplicable ; Inapplicable ;
; HEX1[5]            ; Pass      ; Inapplicable ; Pass      ; Inapplicable ; Inapplicable ; Pass      ; Pass      ; Inapplicable ; Pass      ; Pass      ; Inapplicable ; Pass         ; Inapplicable ; Inapplicable ; Inapplicable ; Inapplicable ; Pass         ; Inapplicable ; Inapplicable ; Inapplicable ; Inapplicable ; Pass         ; Inapplicable ; Inapplicable ; Inapplicable ; Inapplicable ; Inapplicable ; Pass      ; Inapplicable ; Inapplicable ;
; HEX1[6]            ; Pass      ; Inapplicable ; Pass      ; Inapplicable ; Inapplicable ; Pass      ; Pass      ; Inapplicable ; Pass      ; Pass      ; Inapplicable ; Pass         ; Inapplicable ; Inapplicable ; Inapplicable ; Inapplicable ; Pass         ; Inapplicable ; Inapplicable ; Inapplicable ; Inapplicable ; Pass         ; Inapplicable ; Inapplicable ; Inapplicable ; Inapplicable ; Inapplicable ; Pass      ; Inapplicable ; Inapplicable ;
; HEX1[7]            ; Pass      ; Inapplicable ; Pass      ; Inapplicable ; Inapplicable ; Pass      ; Pass      ; Inapplicable ; Pass      ; Pass      ; Inapplicable ; Pass         ; Inapplicable ; Inapplicable ; Inapplicable ; Inapplicable ; Pass         ; Inapplicable ; Inapplicable ; Inapplicable ; Inapplicable ; Pass         ; Inapplicable ; Inapplicable ; Inapplicable ; Inapplicable ; Inapplicable ; Pass      ; Inapplicable ; Inapplicable ;
; HEX2[0]            ; Pass      ; Inapplicable ; Pass      ; Inapplicable ; Inapplicable ; Pass      ; Pass      ; Inapplicable ; Pass      ; Pass      ; Inapplicable ; Pass         ; Inapplicable ; Inapplicable ; Inapplicable ; Inapplicable ; Pass         ; Inapplicable ; Inapplicable ; Inapplicable ; Inapplicable ; Pass         ; Inapplicable ; Inapplicable ; Inapplicable ; Inapplicable ; Inapplicable ; Pass      ; Inapplicable ; Inapplicable ;
; HEX2[1]            ; Pass      ; Inapplicable ; Pass      ; Inapplicable ; Inapplicable ; Pass      ; Pass      ; Inapplicable ; Pass      ; Pass      ; Inapplicable ; Pass         ; Inapplicable ; Inapplicable ; Inapplicable ; Inapplicable ; Pass         ; Inapplicable ; Inapplicable ; Inapplicable ; Inapplicable ; Pass         ; Inapplicable ; Inapplicable ; Inapplicable ; Inapplicable ; Inapplicable ; Pass      ; Inapplicable ; Inapplicable ;
; HEX2[2]            ; Pass      ; Inapplicable ; Pass      ; Inapplicable ; Inapplicable ; Pass      ; Pass      ; Inapplicable ; Pass      ; Pass      ; Inapplicable ; Pass         ; Inapplicable ; Inapplicable ; Inapplicable ; Inapplicable ; Pass         ; Inapplicable ; Inapplicable ; Inapplicable ; Inapplicable ; Pass         ; Inapplicable ; Inapplicable ; Inapplicable ; Inapplicable ; Inapplicable ; Pass      ; Inapplicable ; Inapplicable ;
; HEX2[3]            ; Pass      ; Inapplicable ; Pass      ; Inapplicable ; Inapplicable ; Pass      ; Pass      ; Inapplicable ; Pass      ; Pass      ; Inapplicable ; Pass         ; Inapplicable ; Inapplicable ; Inapplicable ; Inapplicable ; Pass         ; Inapplicable ; Inapplicable ; Inapplicable ; Inapplicable ; Pass         ; Inapplicable ; Inapplicable ; Inapplicable ; Inapplicable ; Inapplicable ; Pass      ; Inapplicable ; Inapplicable ;
; HEX2[4]            ; Pass      ; Inapplicable ; Pass      ; Inapplicable ; Inapplicable ; Pass      ; Pass      ; Inapplicable ; Pass      ; Pass      ; Inapplicable ; Pass         ; Inapplicable ; Inapplicable ; Inapplicable ; Inapplicable ; Pass         ; Inapplicable ; Inapplicable ; Inapplicable ; Inapplicable ; Pass         ; Inapplicable ; Inapplicable ; Inapplicable ; Inapplicable ; Inapplicable ; Pass      ; Inapplicable ; Inapplicable ;
; HEX2[5]            ; Pass      ; Inapplicable ; Pass      ; Inapplicable ; Inapplicable ; Pass      ; Pass      ; Inapplicable ; Pass      ; Pass      ; Inapplicable ; Pass         ; Inapplicable ; Inapplicable ; Inapplicable ; Inapplicable ; Pass         ; Inapplicable ; Inapplicable ; Inapplicable ; Inapplicable ; Pass         ; Inapplicable ; Inapplicable ; Inapplicable ; Inapplicable ; Inapplicable ; Pass      ; Inapplicable ; Inapplicable ;
; HEX2[6]            ; Pass      ; Inapplicable ; Pass      ; Inapplicable ; Inapplicable ; Pass      ; Pass      ; Inapplicable ; Pass      ; Pass      ; Inapplicable ; Pass         ; Inapplicable ; Inapplicable ; Inapplicable ; Inapplicable ; Pass         ; Inapplicable ; Inapplicable ; Inapplicable ; Inapplicable ; Pass         ; Inapplicable ; Inapplicable ; Inapplicable ; Inapplicable ; Inapplicable ; Pass      ; Inapplicable ; Inapplicable ;
; HEX2[7]            ; Pass      ; Inapplicable ; Pass      ; Inapplicable ; Inapplicable ; Pass      ; Pass      ; Inapplicable ; Pass      ; Pass      ; Inapplicable ; Pass         ; Inapplicable ; Inapplicable ; Inapplicable ; Inapplicable ; Pass         ; Inapplicable ; Inapplicable ; Inapplicable ; Inapplicable ; Pass         ; Inapplicable ; Inapplicable ; Inapplicable ; Inapplicable ; Inapplicable ; Pass      ; Inapplicable ; Inapplicable ;
; HEX3[0]            ; Pass      ; Inapplicable ; Pass      ; Inapplicable ; Inapplicable ; Pass      ; Pass      ; Inapplicable ; Pass      ; Pass      ; Inapplicable ; Pass         ; Inapplicable ; Inapplicable ; Inapplicable ; Inapplicable ; Pass         ; Inapplicable ; Inapplicable ; Inapplicable ; Inapplicable ; Pass         ; Inapplicable ; Inapplicable ; Inapplicable ; Inapplicable ; Inapplicable ; Pass      ; Inapplicable ; Inapplicable ;
; HEX3[1]            ; Pass      ; Inapplicable ; Pass      ; Inapplicable ; Inapplicable ; Pass      ; Pass      ; Inapplicable ; Pass      ; Pass      ; Inapplicable ; Pass         ; Inapplicable ; Inapplicable ; Inapplicable ; Inapplicable ; Pass         ; Inapplicable ; Inapplicable ; Inapplicable ; Inapplicable ; Pass         ; Inapplicable ; Inapplicable ; Inapplicable ; Inapplicable ; Inapplicable ; Pass      ; Inapplicable ; Inapplicable ;
; HEX3[2]            ; Pass      ; Inapplicable ; Pass      ; Inapplicable ; Inapplicable ; Pass      ; Pass      ; Inapplicable ; Pass      ; Pass      ; Inapplicable ; Pass         ; Inapplicable ; Inapplicable ; Inapplicable ; Inapplicable ; Pass         ; Inapplicable ; Inapplicable ; Inapplicable ; Inapplicable ; Pass         ; Inapplicable ; Inapplicable ; Inapplicable ; Inapplicable ; Inapplicable ; Pass      ; Inapplicable ; Inapplicable ;
; HEX3[3]            ; Pass      ; Inapplicable ; Pass      ; Inapplicable ; Inapplicable ; Pass      ; Pass      ; Inapplicable ; Pass      ; Pass      ; Inapplicable ; Pass         ; Inapplicable ; Inapplicable ; Inapplicable ; Inapplicable ; Pass         ; Inapplicable ; Inapplicable ; Inapplicable ; Inapplicable ; Pass         ; Inapplicable ; Inapplicable ; Inapplicable ; Inapplicable ; Inapplicable ; Pass      ; Inapplicable ; Inapplicable ;
; HEX3[4]            ; Pass      ; Inapplicable ; Pass      ; Inapplicable ; Inapplicable ; Pass      ; Pass      ; Inapplicable ; Pass      ; Pass      ; Inapplicable ; Pass         ; Inapplicable ; Inapplicable ; Inapplicable ; Inapplicable ; Pass         ; Inapplicable ; Inapplicable ; Inapplicable ; Inapplicable ; Pass         ; Inapplicable ; Inapplicable ; Inapplicable ; Inapplicable ; Inapplicable ; Pass      ; Inapplicable ; Inapplicable ;
; HEX3[5]            ; Pass      ; Inapplicable ; Pass      ; Inapplicable ; Inapplicable ; Pass      ; Pass      ; Inapplicable ; Pass      ; Pass      ; Inapplicable ; Pass         ; Inapplicable ; Inapplicable ; Inapplicable ; Inapplicable ; Pass         ; Inapplicable ; Inapplicable ; Inapplicable ; Inapplicable ; Pass         ; Inapplicable ; Inapplicable ; Inapplicable ; Inapplicable ; Inapplicable ; Pass      ; Inapplicable ; Inapplicable ;
; HEX3[6]            ; Pass      ; Inapplicable ; Pass      ; Inapplicable ; Inapplicable ; Pass      ; Pass      ; Inapplicable ; Pass      ; Pass      ; Inapplicable ; Pass         ; Inapplicable ; Inapplicable ; Inapplicable ; Inapplicable ; Pass         ; Inapplicable ; Inapplicable ; Inapplicable ; Inapplicable ; Pass         ; Inapplicable ; Inapplicable ; Inapplicable ; Inapplicable ; Inapplicable ; Pass      ; Inapplicable ; Inapplicable ;
; HEX3[7]            ; Pass      ; Inapplicable ; Pass      ; Inapplicable ; Inapplicable ; Pass      ; Pass      ; Inapplicable ; Pass      ; Pass      ; Inapplicable ; Pass         ; Inapplicable ; Inapplicable ; Inapplicable ; Inapplicable ; Pass         ; Inapplicable ; Inapplicable ; Inapplicable ; Inapplicable ; Pass         ; Inapplicable ; Inapplicable ; Inapplicable ; Inapplicable ; Inapplicable ; Pass      ; Inapplicable ; Inapplicable ;
; HEX4[0]            ; Pass      ; Inapplicable ; Pass      ; Inapplicable ; Inapplicable ; Pass      ; Pass      ; Inapplicable ; Pass      ; Pass      ; Inapplicable ; Pass         ; Inapplicable ; Inapplicable ; Inapplicable ; Inapplicable ; Pass         ; Inapplicable ; Inapplicable ; Inapplicable ; Inapplicable ; Pass         ; Inapplicable ; Inapplicable ; Inapplicable ; Inapplicable ; Inapplicable ; Pass      ; Inapplicable ; Inapplicable ;
; HEX4[1]            ; Pass      ; Inapplicable ; Pass      ; Inapplicable ; Inapplicable ; Pass      ; Pass      ; Inapplicable ; Pass      ; Pass      ; Inapplicable ; Pass         ; Inapplicable ; Inapplicable ; Inapplicable ; Inapplicable ; Pass         ; Inapplicable ; Inapplicable ; Inapplicable ; Inapplicable ; Pass         ; Inapplicable ; Inapplicable ; Inapplicable ; Inapplicable ; Inapplicable ; Pass      ; Inapplicable ; Inapplicable ;
; HEX4[2]            ; Pass      ; Inapplicable ; Pass      ; Inapplicable ; Inapplicable ; Pass      ; Pass      ; Inapplicable ; Pass      ; Pass      ; Inapplicable ; Pass         ; Inapplicable ; Inapplicable ; Inapplicable ; Inapplicable ; Pass         ; Inapplicable ; Inapplicable ; Inapplicable ; Inapplicable ; Pass         ; Inapplicable ; Inapplicable ; Inapplicable ; Inapplicable ; Inapplicable ; Pass      ; Inapplicable ; Inapplicable ;
; HEX4[3]            ; Pass      ; Inapplicable ; Pass      ; Inapplicable ; Inapplicable ; Pass      ; Pass      ; Inapplicable ; Pass      ; Pass      ; Inapplicable ; Pass         ; Inapplicable ; Inapplicable ; Inapplicable ; Inapplicable ; Pass         ; Inapplicable ; Inapplicable ; Inapplicable ; Inapplicable ; Pass         ; Inapplicable ; Inapplicable ; Inapplicable ; Inapplicable ; Inapplicable ; Pass      ; Inapplicable ; Inapplicable ;
; HEX4[4]            ; Pass      ; Inapplicable ; Pass      ; Inapplicable ; Inapplicable ; Pass      ; Pass      ; Inapplicable ; Pass      ; Pass      ; Inapplicable ; Pass         ; Inapplicable ; Inapplicable ; Inapplicable ; Inapplicable ; Pass         ; Inapplicable ; Inapplicable ; Inapplicable ; Inapplicable ; Pass         ; Inapplicable ; Inapplicable ; Inapplicable ; Inapplicable ; Inapplicable ; Pass      ; Inapplicable ; Inapplicable ;
; HEX4[5]            ; Pass      ; Inapplicable ; Pass      ; Inapplicable ; Inapplicable ; Pass      ; Pass      ; Inapplicable ; Pass      ; Pass      ; Inapplicable ; Pass         ; Inapplicable ; Inapplicable ; Inapplicable ; Inapplicable ; Pass         ; Inapplicable ; Inapplicable ; Inapplicable ; Inapplicable ; Pass         ; Inapplicable ; Inapplicable ; Inapplicable ; Inapplicable ; Inapplicable ; Pass      ; Inapplicable ; Inapplicable ;
; HEX4[6]            ; Pass      ; Inapplicable ; Pass      ; Inapplicable ; Inapplicable ; Pass      ; Pass      ; Inapplicable ; Pass      ; Pass      ; Inapplicable ; Pass         ; Inapplicable ; Inapplicable ; Inapplicable ; Inapplicable ; Pass         ; Inapplicable ; Inapplicable ; Inapplicable ; Inapplicable ; Pass         ; Inapplicable ; Inapplicable ; Inapplicable ; Inapplicable ; Inapplicable ; Pass      ; Inapplicable ; Inapplicable ;
; HEX4[7]            ; Pass      ; Inapplicable ; Pass      ; Inapplicable ; Inapplicable ; Pass      ; Pass      ; Inapplicable ; Pass      ; Pass      ; Inapplicable ; Pass         ; Inapplicable ; Inapplicable ; Inapplicable ; Inapplicable ; Pass         ; Inapplicable ; Inapplicable ; Inapplicable ; Inapplicable ; Pass         ; Inapplicable ; Inapplicable ; Inapplicable ; Inapplicable ; Inapplicable ; Pass      ; Inapplicable ; Inapplicable ;
; TXD                ; Pass      ; Inapplicable ; Pass      ; Inapplicable ; Inapplicable ; Pass      ; Pass      ; Inapplicable ; Pass      ; Pass      ; Inapplicable ; Pass         ; Inapplicable ; Inapplicable ; Inapplicable ; Inapplicable ; Pass         ; Inapplicable ; Inapplicable ; Inapplicable ; Inapplicable ; Pass         ; Inapplicable ; Inapplicable ; Inapplicable ; Inapplicable ; Inapplicable ; Pass      ; Inapplicable ; Inapplicable ;
; TDO                ; Pass      ; Inapplicable ; Pass      ; Inapplicable ; Inapplicable ; Pass      ; Pass      ; Inapplicable ; Pass      ; Pass      ; Inapplicable ; Pass         ; Inapplicable ; Inapplicable ; Inapplicable ; Inapplicable ; Pass         ; Inapplicable ; Inapplicable ; Inapplicable ; Inapplicable ; Pass         ; Inapplicable ; Inapplicable ; Inapplicable ; Inapplicable ; Inapplicable ; Pass      ; Inapplicable ; Inapplicable ;
; DRAM_ADDR[0]       ; Pass      ; Inapplicable ; Pass      ; Inapplicable ; Inapplicable ; Pass      ; Pass      ; Inapplicable ; Pass      ; Pass      ; Inapplicable ; Pass         ; Inapplicable ; Inapplicable ; Inapplicable ; Inapplicable ; Pass         ; Inapplicable ; Inapplicable ; Inapplicable ; Inapplicable ; Pass         ; Inapplicable ; Inapplicable ; Inapplicable ; Inapplicable ; Inapplicable ; Pass      ; Inapplicable ; Inapplicable ;
; DRAM_ADDR[1]       ; Pass      ; Inapplicable ; Pass      ; Inapplicable ; Inapplicable ; Pass      ; Pass      ; Inapplicable ; Pass      ; Pass      ; Inapplicable ; Pass         ; Inapplicable ; Inapplicable ; Inapplicable ; Inapplicable ; Pass         ; Inapplicable ; Inapplicable ; Inapplicable ; Inapplicable ; Pass         ; Inapplicable ; Inapplicable ; Inapplicable ; Inapplicable ; Inapplicable ; Pass      ; Inapplicable ; Inapplicable ;
; DRAM_ADDR[2]       ; Pass      ; Inapplicable ; Pass      ; Inapplicable ; Inapplicable ; Pass      ; Pass      ; Inapplicable ; Pass      ; Pass      ; Inapplicable ; Pass         ; Inapplicable ; Inapplicable ; Inapplicable ; Inapplicable ; Pass         ; Inapplicable ; Inapplicable ; Inapplicable ; Inapplicable ; Pass         ; Inapplicable ; Inapplicable ; Inapplicable ; Inapplicable ; Inapplicable ; Pass      ; Inapplicable ; Inapplicable ;
; DRAM_ADDR[3]       ; Pass      ; Inapplicable ; Pass      ; Inapplicable ; Inapplicable ; Pass      ; Pass      ; Inapplicable ; Pass      ; Pass      ; Inapplicable ; Pass         ; Inapplicable ; Inapplicable ; Inapplicable ; Inapplicable ; Pass         ; Inapplicable ; Inapplicable ; Inapplicable ; Inapplicable ; Pass         ; Inapplicable ; Inapplicable ; Inapplicable ; Inapplicable ; Inapplicable ; Pass      ; Inapplicable ; Inapplicable ;
; DRAM_ADDR[4]       ; Pass      ; Inapplicable ; Pass      ; Inapplicable ; Inapplicable ; Pass      ; Pass      ; Inapplicable ; Pass      ; Pass      ; Inapplicable ; Pass         ; Inapplicable ; Inapplicable ; Inapplicable ; Inapplicable ; Pass         ; Inapplicable ; Inapplicable ; Inapplicable ; Inapplicable ; Pass         ; Inapplicable ; Inapplicable ; Inapplicable ; Inapplicable ; Inapplicable ; Pass      ; Inapplicable ; Inapplicable ;
; DRAM_ADDR[5]       ; Pass      ; Inapplicable ; Pass      ; Inapplicable ; Inapplicable ; Pass      ; Pass      ; Inapplicable ; Pass      ; Pass      ; Inapplicable ; Pass         ; Inapplicable ; Inapplicable ; Inapplicable ; Inapplicable ; Pass         ; Inapplicable ; Inapplicable ; Inapplicable ; Inapplicable ; Pass         ; Inapplicable ; Inapplicable ; Inapplicable ; Inapplicable ; Inapplicable ; Pass      ; Inapplicable ; Inapplicable ;
; DRAM_ADDR[6]       ; Pass      ; Inapplicable ; Pass      ; Inapplicable ; Inapplicable ; Pass      ; Pass      ; Inapplicable ; Pass      ; Pass      ; Inapplicable ; Pass         ; Inapplicable ; Inapplicable ; Inapplicable ; Inapplicable ; Pass         ; Inapplicable ; Inapplicable ; Inapplicable ; Inapplicable ; Pass         ; Inapplicable ; Inapplicable ; Inapplicable ; Inapplicable ; Inapplicable ; Pass      ; Inapplicable ; Inapplicable ;
; DRAM_ADDR[7]       ; Pass      ; Inapplicable ; Pass      ; Inapplicable ; Inapplicable ; Pass      ; Pass      ; Inapplicable ; Pass      ; Pass      ; Inapplicable ; Pass         ; Inapplicable ; Inapplicable ; Inapplicable ; Inapplicable ; Pass         ; Inapplicable ; Inapplicable ; Inapplicable ; Inapplicable ; Pass         ; Inapplicable ; Inapplicable ; Inapplicable ; Inapplicable ; Inapplicable ; Pass      ; Inapplicable ; Inapplicable ;
; DRAM_ADDR[8]       ; Pass      ; Inapplicable ; Pass      ; Inapplicable ; Inapplicable ; Pass      ; Pass      ; Inapplicable ; Pass      ; Pass      ; Inapplicable ; Pass         ; Inapplicable ; Inapplicable ; Inapplicable ; Inapplicable ; Pass         ; Inapplicable ; Inapplicable ; Inapplicable ; Inapplicable ; Pass         ; Inapplicable ; Inapplicable ; Inapplicable ; Inapplicable ; Inapplicable ; Pass      ; Inapplicable ; Inapplicable ;
; DRAM_ADDR[9]       ; Pass      ; Inapplicable ; Pass      ; Inapplicable ; Inapplicable ; Pass      ; Pass      ; Inapplicable ; Pass      ; Pass      ; Inapplicable ; Pass         ; Inapplicable ; Inapplicable ; Inapplicable ; Inapplicable ; Pass         ; Inapplicable ; Inapplicable ; Inapplicable ; Inapplicable ; Pass         ; Inapplicable ; Inapplicable ; Inapplicable ; Inapplicable ; Inapplicable ; Pass      ; Inapplicable ; Inapplicable ;
; DRAM_ADDR[10]      ; Pass      ; Inapplicable ; Pass      ; Inapplicable ; Inapplicable ; Pass      ; Pass      ; Inapplicable ; Pass      ; Pass      ; Inapplicable ; Pass         ; Inapplicable ; Inapplicable ; Inapplicable ; Inapplicable ; Pass         ; Inapplicable ; Inapplicable ; Inapplicable ; Inapplicable ; Pass         ; Inapplicable ; Inapplicable ; Inapplicable ; Inapplicable ; Inapplicable ; Pass      ; Inapplicable ; Inapplicable ;
; DRAM_ADDR[11]      ; Pass      ; Inapplicable ; Pass      ; Inapplicable ; Inapplicable ; Pass      ; Pass      ; Inapplicable ; Pass      ; Pass      ; Inapplicable ; Pass         ; Inapplicable ; Inapplicable ; Inapplicable ; Inapplicable ; Pass         ; Inapplicable ; Inapplicable ; Inapplicable ; Inapplicable ; Pass         ; Inapplicable ; Inapplicable ; Inapplicable ; Inapplicable ; Inapplicable ; Pass      ; Inapplicable ; Inapplicable ;
; DRAM_ADDR[12]      ; Pass      ; Inapplicable ; Pass      ; Inapplicable ; Inapplicable ; Pass      ; Pass      ; Inapplicable ; Pass      ; Pass      ; Inapplicable ; Pass         ; Inapplicable ; Inapplicable ; Inapplicable ; Inapplicable ; Pass         ; Inapplicable ; Inapplicable ; Inapplicable ; Inapplicable ; Pass         ; Inapplicable ; Inapplicable ; Inapplicable ; Inapplicable ; Inapplicable ; Pass      ; Inapplicable ; Inapplicable ;
; DRAM_BA[0]         ; Pass      ; Inapplicable ; Pass      ; Inapplicable ; Inapplicable ; Pass      ; Pass      ; Inapplicable ; Pass      ; Pass      ; Inapplicable ; Pass         ; Inapplicable ; Inapplicable ; Inapplicable ; Inapplicable ; Pass         ; Inapplicable ; Inapplicable ; Inapplicable ; Inapplicable ; Pass         ; Inapplicable ; Inapplicable ; Inapplicable ; Inapplicable ; Inapplicable ; Pass      ; Inapplicable ; Inapplicable ;
; DRAM_BA[1]         ; Pass      ; Inapplicable ; Pass      ; Inapplicable ; Inapplicable ; Pass      ; Pass      ; Inapplicable ; Pass      ; Pass      ; Inapplicable ; Pass         ; Inapplicable ; Inapplicable ; Inapplicable ; Inapplicable ; Pass         ; Inapplicable ; Inapplicable ; Inapplicable ; Inapplicable ; Pass         ; Inapplicable ; Inapplicable ; Inapplicable ; Inapplicable ; Inapplicable ; Pass      ; Inapplicable ; Inapplicable ;
; DRAM_CAS_N         ; Pass      ; Inapplicable ; Pass      ; Inapplicable ; Inapplicable ; Pass      ; Pass      ; Inapplicable ; Pass      ; Pass      ; Inapplicable ; Pass         ; Inapplicable ; Inapplicable ; Inapplicable ; Inapplicable ; Pass         ; Inapplicable ; Inapplicable ; Inapplicable ; Inapplicable ; Pass         ; Inapplicable ; Inapplicable ; Inapplicable ; Inapplicable ; Inapplicable ; Pass      ; Inapplicable ; Inapplicable ;
; DRAM_CKE           ; Pass      ; Inapplicable ; Pass      ; Inapplicable ; Inapplicable ; Pass      ; Pass      ; Inapplicable ; Pass      ; Pass      ; Inapplicable ; Pass         ; Inapplicable ; Inapplicable ; Inapplicable ; Inapplicable ; Pass         ; Inapplicable ; Inapplicable ; Inapplicable ; Inapplicable ; Pass         ; Inapplicable ; Inapplicable ; Inapplicable ; Inapplicable ; Inapplicable ; Pass      ; Inapplicable ; Inapplicable ;
; DRAM_CLK           ; Pass      ; Inapplicable ; Pass      ; Inapplicable ; Inapplicable ; Pass      ; Pass      ; Inapplicable ; Pass      ; Pass      ; Inapplicable ; Pass         ; Inapplicable ; Inapplicable ; Inapplicable ; Inapplicable ; Pass         ; Inapplicable ; Inapplicable ; Inapplicable ; Inapplicable ; Pass         ; Inapplicable ; Inapplicable ; Inapplicable ; Inapplicable ; Inapplicable ; Pass      ; Inapplicable ; Inapplicable ;
; DRAM_CS_N          ; Pass      ; Inapplicable ; Pass      ; Inapplicable ; Inapplicable ; Pass      ; Pass      ; Inapplicable ; Pass      ; Pass      ; Inapplicable ; Pass         ; Inapplicable ; Inapplicable ; Inapplicable ; Inapplicable ; Pass         ; Inapplicable ; Inapplicable ; Inapplicable ; Inapplicable ; Pass         ; Inapplicable ; Inapplicable ; Inapplicable ; Inapplicable ; Inapplicable ; Pass      ; Inapplicable ; Inapplicable ;
; DRAM_RAS_N         ; Pass      ; Inapplicable ; Pass      ; Inapplicable ; Inapplicable ; Pass      ; Pass      ; Inapplicable ; Pass      ; Pass      ; Inapplicable ; Pass         ; Inapplicable ; Inapplicable ; Inapplicable ; Inapplicable ; Pass         ; Inapplicable ; Inapplicable ; Inapplicable ; Inapplicable ; Pass         ; Inapplicable ; Inapplicable ; Inapplicable ; Inapplicable ; Inapplicable ; Pass      ; Inapplicable ; Inapplicable ;
; DRAM_WE_N          ; Pass      ; Inapplicable ; Pass      ; Inapplicable ; Inapplicable ; Pass      ; Pass      ; Inapplicable ; Pass      ; Pass      ; Inapplicable ; Pass         ; Inapplicable ; Inapplicable ; Inapplicable ; Inapplicable ; Pass         ; Inapplicable ; Inapplicable ; Inapplicable ; Inapplicable ; Pass         ; Inapplicable ; Inapplicable ; Inapplicable ; Inapplicable ; Inapplicable ; Pass      ; Inapplicable ; Inapplicable ;
; DRAM_LDQM          ; Pass      ; Inapplicable ; Pass      ; Inapplicable ; Inapplicable ; Pass      ; Pass      ; Inapplicable ; Pass      ; Pass      ; Inapplicable ; Pass         ; Inapplicable ; Inapplicable ; Inapplicable ; Inapplicable ; Pass         ; Inapplicable ; Inapplicable ; Inapplicable ; Inapplicable ; Pass         ; Inapplicable ; Inapplicable ; Inapplicable ; Inapplicable ; Inapplicable ; Pass      ; Inapplicable ; Inapplicable ;
; DRAM_UDQM          ; Pass      ; Inapplicable ; Pass      ; Inapplicable ; Inapplicable ; Pass      ; Pass      ; Inapplicable ; Pass      ; Pass      ; Inapplicable ; Pass         ; Inapplicable ; Inapplicable ; Inapplicable ; Inapplicable ; Pass         ; Inapplicable ; Inapplicable ; Inapplicable ; Inapplicable ; Pass         ; Inapplicable ; Inapplicable ; Inapplicable ; Inapplicable ; Inapplicable ; Pass      ; Inapplicable ; Inapplicable ;
; ARDUINO_IO[0]      ; Pass      ; Inapplicable ; Pass      ; Inapplicable ; Inapplicable ; Pass      ; Pass      ; Inapplicable ; Pass      ; Pass      ; Inapplicable ; Pass         ; Inapplicable ; Inapplicable ; Pass         ; Inapplicable ; Pass         ; Pass         ; Inapplicable ; Inapplicable ; Pass         ; Pass         ; Inapplicable ; Inapplicable ; Inapplicable ; Inapplicable ; Inapplicable ; Pass      ; Inapplicable ; Inapplicable ;
; ARDUINO_IO[1]      ; Pass      ; Inapplicable ; Pass      ; Inapplicable ; Inapplicable ; Pass      ; Pass      ; Inapplicable ; Pass      ; Pass      ; Inapplicable ; Pass         ; Inapplicable ; Inapplicable ; Pass         ; Inapplicable ; Pass         ; Pass         ; Inapplicable ; Inapplicable ; Pass         ; Pass         ; Inapplicable ; Inapplicable ; Inapplicable ; Inapplicable ; Inapplicable ; Pass      ; Inapplicable ; Inapplicable ;
; ARDUINO_IO[2]      ; Pass      ; Inapplicable ; Pass      ; Inapplicable ; Inapplicable ; Pass      ; Pass      ; Inapplicable ; Pass      ; Pass      ; Inapplicable ; Pass         ; Inapplicable ; Inapplicable ; Pass         ; Inapplicable ; Pass         ; Pass         ; Inapplicable ; Inapplicable ; Pass         ; Pass         ; Inapplicable ; Inapplicable ; Inapplicable ; Inapplicable ; Inapplicable ; Pass      ; Inapplicable ; Inapplicable ;
; ARDUINO_IO[3]      ; Pass      ; Inapplicable ; Pass      ; Inapplicable ; Inapplicable ; Pass      ; Pass      ; Inapplicable ; Pass      ; Pass      ; Inapplicable ; Pass         ; Inapplicable ; Inapplicable ; Pass         ; Inapplicable ; Pass         ; Pass         ; Inapplicable ; Inapplicable ; Pass         ; Pass         ; Inapplicable ; Inapplicable ; Inapplicable ; Inapplicable ; Inapplicable ; Pass      ; Inapplicable ; Inapplicable ;
; ARDUINO_IO[4]      ; Pass      ; Inapplicable ; Pass      ; Inapplicable ; Inapplicable ; Pass      ; Pass      ; Inapplicable ; Pass      ; Pass      ; Inapplicable ; Pass         ; Inapplicable ; Inapplicable ; Pass         ; Inapplicable ; Pass         ; Pass         ; Inapplicable ; Inapplicable ; Pass         ; Pass         ; Inapplicable ; Inapplicable ; Inapplicable ; Inapplicable ; Inapplicable ; Pass      ; Inapplicable ; Inapplicable ;
; ARDUINO_IO[5]      ; Pass      ; Inapplicable ; Pass      ; Inapplicable ; Inapplicable ; Pass      ; Pass      ; Inapplicable ; Pass      ; Pass      ; Inapplicable ; Pass         ; Inapplicable ; Inapplicable ; Pass         ; Inapplicable ; Pass         ; Pass         ; Inapplicable ; Inapplicable ; Pass         ; Pass         ; Inapplicable ; Inapplicable ; Inapplicable ; Inapplicable ; Inapplicable ; Pass      ; Inapplicable ; Inapplicable ;
; ARDUINO_IO[6]      ; Pass      ; Inapplicable ; Pass      ; Inapplicable ; Inapplicable ; Pass      ; Pass      ; Inapplicable ; Pass      ; Pass      ; Inapplicable ; Pass         ; Inapplicable ; Inapplicable ; Pass         ; Inapplicable ; Pass         ; Pass         ; Inapplicable ; Inapplicable ; Pass         ; Pass         ; Inapplicable ; Inapplicable ; Inapplicable ; Inapplicable ; Inapplicable ; Pass      ; Inapplicable ; Inapplicable ;
; ARDUINO_IO[7]      ; Pass      ; Inapplicable ; Pass      ; Inapplicable ; Inapplicable ; Pass      ; Pass      ; Inapplicable ; Pass      ; Pass      ; Inapplicable ; Pass         ; Inapplicable ; Inapplicable ; Pass         ; Inapplicable ; Pass         ; Pass         ; Inapplicable ; Inapplicable ; Pass         ; Pass         ; Inapplicable ; Inapplicable ; Inapplicable ; Inapplicable ; Inapplicable ; Pass      ; Inapplicable ; Inapplicable ;
; ARDUINO_IO[8]      ; Pass      ; Inapplicable ; Pass      ; Inapplicable ; Inapplicable ; Pass      ; Pass      ; Inapplicable ; Pass      ; Pass      ; Inapplicable ; Pass         ; Inapplicable ; Inapplicable ; Pass         ; Inapplicable ; Pass         ; Pass         ; Inapplicable ; Inapplicable ; Pass         ; Pass         ; Inapplicable ; Inapplicable ; Inapplicable ; Inapplicable ; Inapplicable ; Pass      ; Inapplicable ; Inapplicable ;
; ARDUINO_IO[9]      ; Pass      ; Inapplicable ; Pass      ; Inapplicable ; Inapplicable ; Pass      ; Pass      ; Inapplicable ; Pass      ; Pass      ; Inapplicable ; Pass         ; Inapplicable ; Inapplicable ; Pass         ; Inapplicable ; Pass         ; Pass         ; Inapplicable ; Inapplicable ; Pass         ; Pass         ; Inapplicable ; Inapplicable ; Inapplicable ; Inapplicable ; Inapplicable ; Pass      ; Inapplicable ; Inapplicable ;
; DRAM_DQ[0]         ; Pass      ; Inapplicable ; Pass      ; Inapplicable ; Inapplicable ; Pass      ; Pass      ; Inapplicable ; Pass      ; Pass      ; Inapplicable ; Pass         ; Inapplicable ; Inapplicable ; Pass         ; Inapplicable ; Pass         ; Pass         ; Inapplicable ; Inapplicable ; Inapplicable ; Pass         ; Inapplicable ; Inapplicable ; Inapplicable ; Inapplicable ; Inapplicable ; Pass      ; Inapplicable ; Inapplicable ;
; DRAM_DQ[1]         ; Pass      ; Inapplicable ; Pass      ; Inapplicable ; Inapplicable ; Pass      ; Pass      ; Inapplicable ; Pass      ; Pass      ; Inapplicable ; Pass         ; Inapplicable ; Inapplicable ; Pass         ; Inapplicable ; Pass         ; Pass         ; Inapplicable ; Inapplicable ; Inapplicable ; Pass         ; Inapplicable ; Inapplicable ; Inapplicable ; Inapplicable ; Inapplicable ; Pass      ; Inapplicable ; Inapplicable ;
; DRAM_DQ[2]         ; Pass      ; Inapplicable ; Pass      ; Inapplicable ; Inapplicable ; Pass      ; Pass      ; Inapplicable ; Pass      ; Pass      ; Inapplicable ; Pass         ; Inapplicable ; Inapplicable ; Pass         ; Inapplicable ; Pass         ; Pass         ; Inapplicable ; Inapplicable ; Inapplicable ; Pass         ; Inapplicable ; Inapplicable ; Inapplicable ; Inapplicable ; Inapplicable ; Pass      ; Inapplicable ; Inapplicable ;
; DRAM_DQ[3]         ; Pass      ; Inapplicable ; Pass      ; Inapplicable ; Inapplicable ; Pass      ; Pass      ; Inapplicable ; Pass      ; Pass      ; Inapplicable ; Pass         ; Inapplicable ; Inapplicable ; Pass         ; Inapplicable ; Pass         ; Pass         ; Inapplicable ; Inapplicable ; Inapplicable ; Pass         ; Inapplicable ; Inapplicable ; Inapplicable ; Inapplicable ; Inapplicable ; Pass      ; Inapplicable ; Inapplicable ;
; DRAM_DQ[4]         ; Pass      ; Inapplicable ; Pass      ; Inapplicable ; Inapplicable ; Pass      ; Pass      ; Inapplicable ; Pass      ; Pass      ; Inapplicable ; Pass         ; Inapplicable ; Inapplicable ; Pass         ; Inapplicable ; Pass         ; Pass         ; Inapplicable ; Inapplicable ; Inapplicable ; Pass         ; Inapplicable ; Inapplicable ; Inapplicable ; Inapplicable ; Inapplicable ; Pass      ; Inapplicable ; Inapplicable ;
; DRAM_DQ[5]         ; Pass      ; Inapplicable ; Pass      ; Inapplicable ; Inapplicable ; Pass      ; Pass      ; Inapplicable ; Pass      ; Pass      ; Inapplicable ; Pass         ; Inapplicable ; Inapplicable ; Pass         ; Inapplicable ; Pass         ; Pass         ; Inapplicable ; Inapplicable ; Inapplicable ; Pass         ; Inapplicable ; Inapplicable ; Inapplicable ; Inapplicable ; Inapplicable ; Pass      ; Inapplicable ; Inapplicable ;
; DRAM_DQ[6]         ; Pass      ; Inapplicable ; Pass      ; Inapplicable ; Inapplicable ; Pass      ; Pass      ; Inapplicable ; Pass      ; Pass      ; Inapplicable ; Pass         ; Inapplicable ; Inapplicable ; Pass         ; Inapplicable ; Pass         ; Pass         ; Inapplicable ; Inapplicable ; Inapplicable ; Pass         ; Inapplicable ; Inapplicable ; Inapplicable ; Inapplicable ; Inapplicable ; Pass      ; Inapplicable ; Inapplicable ;
; DRAM_DQ[7]         ; Pass      ; Inapplicable ; Pass      ; Inapplicable ; Inapplicable ; Pass      ; Pass      ; Inapplicable ; Pass      ; Pass      ; Inapplicable ; Pass         ; Inapplicable ; Inapplicable ; Pass         ; Inapplicable ; Pass         ; Pass         ; Inapplicable ; Inapplicable ; Inapplicable ; Pass         ; Inapplicable ; Inapplicable ; Inapplicable ; Inapplicable ; Inapplicable ; Pass      ; Inapplicable ; Inapplicable ;
; DRAM_DQ[8]         ; Pass      ; Inapplicable ; Pass      ; Inapplicable ; Inapplicable ; Pass      ; Pass      ; Inapplicable ; Pass      ; Pass      ; Inapplicable ; Pass         ; Inapplicable ; Inapplicable ; Pass         ; Inapplicable ; Pass         ; Pass         ; Inapplicable ; Inapplicable ; Inapplicable ; Pass         ; Inapplicable ; Inapplicable ; Inapplicable ; Inapplicable ; Inapplicable ; Pass      ; Inapplicable ; Inapplicable ;
; DRAM_DQ[9]         ; Pass      ; Inapplicable ; Pass      ; Inapplicable ; Inapplicable ; Pass      ; Pass      ; Inapplicable ; Pass      ; Pass      ; Inapplicable ; Pass         ; Inapplicable ; Inapplicable ; Pass         ; Inapplicable ; Pass         ; Pass         ; Inapplicable ; Inapplicable ; Inapplicable ; Pass         ; Inapplicable ; Inapplicable ; Inapplicable ; Inapplicable ; Inapplicable ; Pass      ; Inapplicable ; Inapplicable ;
; DRAM_DQ[10]        ; Pass      ; Inapplicable ; Pass      ; Inapplicable ; Inapplicable ; Pass      ; Pass      ; Inapplicable ; Pass      ; Pass      ; Inapplicable ; Pass         ; Inapplicable ; Inapplicable ; Pass         ; Inapplicable ; Pass         ; Pass         ; Inapplicable ; Inapplicable ; Inapplicable ; Pass         ; Inapplicable ; Inapplicable ; Inapplicable ; Inapplicable ; Inapplicable ; Pass      ; Inapplicable ; Inapplicable ;
; DRAM_DQ[11]        ; Pass      ; Inapplicable ; Pass      ; Inapplicable ; Inapplicable ; Pass      ; Pass      ; Inapplicable ; Pass      ; Pass      ; Inapplicable ; Pass         ; Inapplicable ; Inapplicable ; Pass         ; Inapplicable ; Pass         ; Pass         ; Inapplicable ; Inapplicable ; Inapplicable ; Pass         ; Inapplicable ; Inapplicable ; Inapplicable ; Inapplicable ; Inapplicable ; Pass      ; Inapplicable ; Inapplicable ;
; DRAM_DQ[12]        ; Pass      ; Inapplicable ; Pass      ; Inapplicable ; Inapplicable ; Pass      ; Pass      ; Inapplicable ; Pass      ; Pass      ; Inapplicable ; Pass         ; Inapplicable ; Inapplicable ; Pass         ; Inapplicable ; Pass         ; Pass         ; Inapplicable ; Inapplicable ; Inapplicable ; Pass         ; Inapplicable ; Inapplicable ; Inapplicable ; Inapplicable ; Inapplicable ; Pass      ; Inapplicable ; Inapplicable ;
; DRAM_DQ[13]        ; Pass      ; Inapplicable ; Pass      ; Inapplicable ; Inapplicable ; Pass      ; Pass      ; Inapplicable ; Pass      ; Pass      ; Inapplicable ; Pass         ; Inapplicable ; Inapplicable ; Pass         ; Inapplicable ; Pass         ; Pass         ; Inapplicable ; Inapplicable ; Inapplicable ; Pass         ; Inapplicable ; Inapplicable ; Inapplicable ; Inapplicable ; Inapplicable ; Pass      ; Inapplicable ; Inapplicable ;
; DRAM_DQ[14]        ; Pass      ; Inapplicable ; Pass      ; Inapplicable ; Inapplicable ; Pass      ; Pass      ; Inapplicable ; Pass      ; Pass      ; Inapplicable ; Pass         ; Inapplicable ; Inapplicable ; Pass         ; Inapplicable ; Pass         ; Pass         ; Inapplicable ; Inapplicable ; Inapplicable ; Pass         ; Inapplicable ; Inapplicable ; Inapplicable ; Inapplicable ; Inapplicable ; Pass      ; Inapplicable ; Inapplicable ;
; DRAM_DQ[15]        ; Pass      ; Inapplicable ; Pass      ; Inapplicable ; Inapplicable ; Pass      ; Pass      ; Inapplicable ; Pass      ; Pass      ; Inapplicable ; Pass         ; Inapplicable ; Inapplicable ; Pass         ; Inapplicable ; Pass         ; Pass         ; Inapplicable ; Inapplicable ; Inapplicable ; Pass         ; Inapplicable ; Inapplicable ; Inapplicable ; Inapplicable ; Inapplicable ; Pass      ; Inapplicable ; Inapplicable ;
; TCK                ; Pass      ; Inapplicable ; Pass      ; Inapplicable ; Inapplicable ; Pass      ; Pass      ; Inapplicable ; Pass      ; Pass      ; Inapplicable ; Inapplicable ; Inapplicable ; Inapplicable ; Pass         ; Inapplicable ; Inapplicable ; Pass         ; Inapplicable ; Inapplicable ; Inapplicable ; Inapplicable ; Inapplicable ; Inapplicable ; Inapplicable ; Inapplicable ; Inapplicable ; Pass      ; Inapplicable ; Inapplicable ;
; MAX10_CLK1_50      ; Pass      ; Inapplicable ; Pass      ; Inapplicable ; Inapplicable ; Pass      ; Pass      ; Inapplicable ; Pass      ; Pass      ; Inapplicable ; Inapplicable ; Inapplicable ; Inapplicable ; Pass         ; Inapplicable ; Inapplicable ; Pass         ; Inapplicable ; Inapplicable ; Inapplicable ; Inapplicable ; Inapplicable ; Inapplicable ; Inapplicable ; Inapplicable ; Inapplicable ; Pass      ; Inapplicable ; Inapplicable ;
; TDI                ; Pass      ; Inapplicable ; Pass      ; Inapplicable ; Inapplicable ; Pass      ; Pass      ; Inapplicable ; Pass      ; Pass      ; Inapplicable ; Inapplicable ; Inapplicable ; Inapplicable ; Pass         ; Inapplicable ; Inapplicable ; Pass         ; Inapplicable ; Inapplicable ; Inapplicable ; Inapplicable ; Inapplicable ; Inapplicable ; Inapplicable ; Inapplicable ; Inapplicable ; Pass      ; Inapplicable ; Inapplicable ;
; TMS                ; Pass      ; Inapplicable ; Pass      ; Inapplicable ; Inapplicable ; Pass      ; Pass      ; Inapplicable ; Pass      ; Pass      ; Inapplicable ; Inapplicable ; Inapplicable ; Inapplicable ; Pass         ; Inapplicable ; Inapplicable ; Pass         ; Inapplicable ; Inapplicable ; Inapplicable ; Inapplicable ; Inapplicable ; Inapplicable ; Inapplicable ; Inapplicable ; Inapplicable ; Pass      ; Inapplicable ; Inapplicable ;
; KEY[0]             ; Pass      ; Inapplicable ; Pass      ; Inapplicable ; Inapplicable ; Pass      ; Pass      ; Inapplicable ; Pass      ; Pass      ; Inapplicable ; Inapplicable ; Inapplicable ; Inapplicable ; Pass         ; Inapplicable ; Inapplicable ; Pass         ; Inapplicable ; Inapplicable ; Inapplicable ; Inapplicable ; Inapplicable ; Inapplicable ; Inapplicable ; Inapplicable ; Inapplicable ; Pass      ; Inapplicable ; Inapplicable ;
; RXD                ; Pass      ; Inapplicable ; Pass      ; Inapplicable ; Inapplicable ; Pass      ; Pass      ; Inapplicable ; Pass      ; Pass      ; Inapplicable ; Inapplicable ; Inapplicable ; Inapplicable ; Pass         ; Inapplicable ; Inapplicable ; Pass         ; Inapplicable ; Inapplicable ; Inapplicable ; Inapplicable ; Inapplicable ; Inapplicable ; Inapplicable ; Inapplicable ; Inapplicable ; Pass      ; Inapplicable ; Inapplicable ;
; SW[2]              ; Pass      ; Inapplicable ; Pass      ; Inapplicable ; Inapplicable ; Pass      ; Pass      ; Inapplicable ; Pass      ; Pass      ; Inapplicable ; Inapplicable ; Inapplicable ; Inapplicable ; Pass         ; Inapplicable ; Inapplicable ; Pass         ; Inapplicable ; Inapplicable ; Inapplicable ; Inapplicable ; Inapplicable ; Inapplicable ; Inapplicable ; Inapplicable ; Inapplicable ; Pass      ; Inapplicable ; Inapplicable ;
; SW[9]              ; Pass      ; Inapplicable ; Pass      ; Inapplicable ; Inapplicable ; Pass      ; Pass      ; Inapplicable ; Pass      ; Pass      ; Inapplicable ; Inapplicable ; Inapplicable ; Inapplicable ; Pass         ; Inapplicable ; Inapplicable ; Pass         ; Inapplicable ; Inapplicable ; Inapplicable ; Inapplicable ; Inapplicable ; Inapplicable ; Inapplicable ; Inapplicable ; Inapplicable ; Pass      ; Inapplicable ; Inapplicable ;
; SW[1]              ; Pass      ; Inapplicable ; Pass      ; Inapplicable ; Inapplicable ; Pass      ; Pass      ; Inapplicable ; Pass      ; Pass      ; Inapplicable ; Inapplicable ; Inapplicable ; Inapplicable ; Pass         ; Inapplicable ; Inapplicable ; Pass         ; Inapplicable ; Inapplicable ; Inapplicable ; Inapplicable ; Inapplicable ; Inapplicable ; Inapplicable ; Inapplicable ; Inapplicable ; Pass      ; Inapplicable ; Inapplicable ;
; SW[8]              ; Pass      ; Inapplicable ; Pass      ; Inapplicable ; Inapplicable ; Pass      ; Pass      ; Inapplicable ; Pass      ; Pass      ; Inapplicable ; Inapplicable ; Inapplicable ; Inapplicable ; Pass         ; Inapplicable ; Inapplicable ; Pass         ; Inapplicable ; Inapplicable ; Inapplicable ; Inapplicable ; Inapplicable ; Inapplicable ; Inapplicable ; Inapplicable ; Inapplicable ; Pass      ; Inapplicable ; Inapplicable ;
; SW[0]              ; Pass      ; Inapplicable ; Pass      ; Inapplicable ; Inapplicable ; Pass      ; Pass      ; Inapplicable ; Pass      ; Pass      ; Inapplicable ; Inapplicable ; Inapplicable ; Inapplicable ; Pass         ; Inapplicable ; Inapplicable ; Pass         ; Inapplicable ; Inapplicable ; Inapplicable ; Inapplicable ; Inapplicable ; Inapplicable ; Inapplicable ; Inapplicable ; Inapplicable ; Pass      ; Inapplicable ; Inapplicable ;
; SW[3]              ; Pass      ; Inapplicable ; Pass      ; Inapplicable ; Inapplicable ; Pass      ; Pass      ; Inapplicable ; Pass      ; Pass      ; Inapplicable ; Inapplicable ; Inapplicable ; Inapplicable ; Pass         ; Inapplicable ; Inapplicable ; Pass         ; Inapplicable ; Inapplicable ; Inapplicable ; Inapplicable ; Inapplicable ; Inapplicable ; Inapplicable ; Inapplicable ; Inapplicable ; Pass      ; Inapplicable ; Inapplicable ;
; SW[7]              ; Pass      ; Inapplicable ; Pass      ; Inapplicable ; Inapplicable ; Pass      ; Pass      ; Inapplicable ; Pass      ; Pass      ; Inapplicable ; Inapplicable ; Inapplicable ; Inapplicable ; Pass         ; Inapplicable ; Inapplicable ; Pass         ; Inapplicable ; Inapplicable ; Inapplicable ; Inapplicable ; Inapplicable ; Inapplicable ; Inapplicable ; Inapplicable ; Inapplicable ; Pass      ; Inapplicable ; Inapplicable ;
; SW[6]              ; Pass      ; Inapplicable ; Pass      ; Inapplicable ; Inapplicable ; Pass      ; Pass      ; Inapplicable ; Pass      ; Pass      ; Inapplicable ; Inapplicable ; Inapplicable ; Inapplicable ; Pass         ; Inapplicable ; Inapplicable ; Pass         ; Inapplicable ; Inapplicable ; Inapplicable ; Inapplicable ; Inapplicable ; Inapplicable ; Inapplicable ; Inapplicable ; Inapplicable ; Pass      ; Inapplicable ; Inapplicable ;
; SW[5]              ; Pass      ; Inapplicable ; Pass      ; Inapplicable ; Inapplicable ; Pass      ; Pass      ; Inapplicable ; Pass      ; Pass      ; Inapplicable ; Inapplicable ; Inapplicable ; Inapplicable ; Pass         ; Inapplicable ; Inapplicable ; Pass         ; Inapplicable ; Inapplicable ; Inapplicable ; Inapplicable ; Inapplicable ; Inapplicable ; Inapplicable ; Inapplicable ; Inapplicable ; Pass      ; Inapplicable ; Inapplicable ;
; SW[4]              ; Pass      ; Inapplicable ; Pass      ; Inapplicable ; Inapplicable ; Pass      ; Pass      ; Inapplicable ; Pass      ; Pass      ; Inapplicable ; Inapplicable ; Inapplicable ; Inapplicable ; Pass         ; Inapplicable ; Inapplicable ; Pass         ; Inapplicable ; Inapplicable ; Inapplicable ; Inapplicable ; Inapplicable ; Inapplicable ; Inapplicable ; Inapplicable ; Inapplicable ; Pass      ; Inapplicable ; Inapplicable ;
+--------------------+-----------+--------------+-----------+--------------+--------------+-----------+-----------+--------------+-----------+-----------+--------------+--------------+--------------+--------------+--------------+--------------+--------------+--------------+--------------+--------------+--------------+--------------+--------------+--------------+--------------+--------------+--------------+-----------+--------------+--------------+


+-------------------------------------------------------------------------------------------+
; Fitter Device Options                                                                     ;
+------------------------------------------------------------------+------------------------+
; Option                                                           ; Setting                ;
+------------------------------------------------------------------+------------------------+
; Enable user-supplied start-up clock (CLKUSR)                     ; Off                    ;
; Enable device-wide reset (DEV_CLRn)                              ; Off                    ;
; Enable device-wide output enable (DEV_OE)                        ; Off                    ;
; Enable INIT_DONE output                                          ; Off                    ;
; Configuration scheme                                             ; Internal Configuration ;
; Enable Error Detection CRC_ERROR pin                             ; Off                    ;
; Enable open drain on CRC_ERROR pin                               ; Off                    ;
; Enable nCONFIG, nSTATUS, and CONF_DONE pins                      ; On                     ;
; Enable JTAG pin sharing                                          ; Off                    ;
; Enable nCE pin                                                   ; Off                    ;
; Enable CONFIG_SEL pin                                            ; On                     ;
; Enable input tri-state on active configuration pins in user mode ; Off                    ;
; Configuration Voltage Level                                      ; Auto                   ;
; Force Configuration Voltage Level                                ; Off                    ;
; Data[0]                                                          ; Unreserved             ;
; Data[1]/ASDO                                                     ; Unreserved             ;
; FLASH_nCE/nCSO                                                   ; Unreserved             ;
; DCLK                                                             ; Unreserved             ;
+------------------------------------------------------------------+------------------------+


+------------------------------------+
; Operating Settings and Conditions  ;
+---------------------------+--------+
; Setting                   ; Value  ;
+---------------------------+--------+
; Nominal Core Voltage      ; 1.20 V ;
; Low Junction Temperature  ; 0 °C   ;
; High Junction Temperature ; 85 °C  ;
+---------------------------+--------+


+--------------------------------------------------------------------------------------------------------------+
; Estimated Delay Added for Hold Timing Summary                                                                ;
+-------------------------------------------------------------------+----------------------+-------------------+
; Source Clock(s)                                                   ; Destination Clock(s) ; Delay Added in ns ;
+-------------------------------------------------------------------+----------------------+-------------------+
; TCK,system|pll_1_|altpll_component|auto_generated|pll1|clk[1]     ; TCK                  ; 83.0              ;
; system|pll_1_|altpll_component|auto_generated|pll1|clk[1]         ; TCK                  ; 67.5              ;
; TCK,system|pll_1_|altpll_component|auto_generated|pll1|clk[1],I/O ; TCK                  ; 5.2               ;
+-------------------------------------------------------------------+----------------------+-------------------+
Note: For more information on problematic transfers, consider running the Fitter again with the Optimize hold timing option (Settings Menu) turned off.
This will disable optimization of problematic paths and expose them for further analysis using the Timing Analyzer.


+-----------------------------------------------------------------------------------------------------------------------------------------------------------------------------------------------------------+
; Estimated Delay Added for Hold Timing Details                                                                                                                                                             ;
+------------------------------------------------------------------------------------------+--------------------------------------------------------------------------------------------+-------------------+
; Source Register                                                                          ; Destination Register                                                                       ; Delay Added in ns ;
+------------------------------------------------------------------------------------------+--------------------------------------------------------------------------------------------+-------------------+
; System:system|VexRISCVSoftcore:core|JtagBridge:jtagBridge_1_|system_rsp_payload_data[31] ; System:system|VexRISCVSoftcore:core|JtagBridge:jtagBridge_1_|jtag_readArea_shifter[33]     ; 5.203             ;
; TDI                                                                                      ; System:system|VexRISCVSoftcore:core|JtagBridge:jtagBridge_1_|jtag_readArea_shifter[33]     ; 5.203             ;
; System:system|VexRISCVSoftcore:core|JtagBridge:jtagBridge_1_|jtag_tap_fsm_state.1011     ; System:system|VexRISCVSoftcore:core|JtagBridge:jtagBridge_1_|jtag_readArea_shifter[33]     ; 5.203             ;
; System:system|VexRISCVSoftcore:core|JtagBridge:jtagBridge_1_|system_rsp_payload_data[15] ; System:system|VexRISCVSoftcore:core|JtagBridge:jtagBridge_1_|jtag_readArea_shifter[17]     ; 5.187             ;
; System:system|VexRISCVSoftcore:core|JtagBridge:jtagBridge_1_|system_rsp_payload_data[14] ; System:system|VexRISCVSoftcore:core|JtagBridge:jtagBridge_1_|jtag_readArea_shifter[16]     ; 5.187             ;
; System:system|VexRISCVSoftcore:core|JtagBridge:jtagBridge_1_|system_rsp_payload_data[13] ; System:system|VexRISCVSoftcore:core|JtagBridge:jtagBridge_1_|jtag_readArea_shifter[15]     ; 5.187             ;
; System:system|VexRISCVSoftcore:core|JtagBridge:jtagBridge_1_|system_rsp_payload_data[12] ; System:system|VexRISCVSoftcore:core|JtagBridge:jtagBridge_1_|jtag_readArea_shifter[14]     ; 5.187             ;
; System:system|VexRISCVSoftcore:core|JtagBridge:jtagBridge_1_|system_rsp_payload_data[11] ; System:system|VexRISCVSoftcore:core|JtagBridge:jtagBridge_1_|jtag_readArea_shifter[13]     ; 5.187             ;
; System:system|VexRISCVSoftcore:core|JtagBridge:jtagBridge_1_|system_rsp_payload_data[10] ; System:system|VexRISCVSoftcore:core|JtagBridge:jtagBridge_1_|jtag_readArea_shifter[12]     ; 5.187             ;
; System:system|VexRISCVSoftcore:core|JtagBridge:jtagBridge_1_|system_rsp_payload_data[9]  ; System:system|VexRISCVSoftcore:core|JtagBridge:jtagBridge_1_|jtag_readArea_shifter[11]     ; 5.187             ;
; System:system|VexRISCVSoftcore:core|JtagBridge:jtagBridge_1_|system_rsp_payload_data[30] ; System:system|VexRISCVSoftcore:core|JtagBridge:jtagBridge_1_|jtag_readArea_shifter[32]     ; 5.181             ;
; System:system|VexRISCVSoftcore:core|JtagBridge:jtagBridge_1_|system_rsp_payload_data[29] ; System:system|VexRISCVSoftcore:core|JtagBridge:jtagBridge_1_|jtag_readArea_shifter[31]     ; 5.181             ;
; System:system|VexRISCVSoftcore:core|JtagBridge:jtagBridge_1_|system_rsp_payload_data[28] ; System:system|VexRISCVSoftcore:core|JtagBridge:jtagBridge_1_|jtag_readArea_shifter[30]     ; 5.181             ;
; System:system|VexRISCVSoftcore:core|JtagBridge:jtagBridge_1_|system_rsp_payload_data[27] ; System:system|VexRISCVSoftcore:core|JtagBridge:jtagBridge_1_|jtag_readArea_shifter[29]     ; 5.181             ;
; System:system|VexRISCVSoftcore:core|JtagBridge:jtagBridge_1_|system_rsp_payload_data[26] ; System:system|VexRISCVSoftcore:core|JtagBridge:jtagBridge_1_|jtag_readArea_shifter[28]     ; 5.181             ;
; System:system|VexRISCVSoftcore:core|JtagBridge:jtagBridge_1_|system_rsp_payload_data[25] ; System:system|VexRISCVSoftcore:core|JtagBridge:jtagBridge_1_|jtag_readArea_shifter[27]     ; 5.181             ;
; System:system|VexRISCVSoftcore:core|JtagBridge:jtagBridge_1_|system_rsp_payload_data[23] ; System:system|VexRISCVSoftcore:core|JtagBridge:jtagBridge_1_|jtag_readArea_shifter[25]     ; 4.994             ;
; System:system|VexRISCVSoftcore:core|JtagBridge:jtagBridge_1_|system_rsp_payload_data[22] ; System:system|VexRISCVSoftcore:core|JtagBridge:jtagBridge_1_|jtag_readArea_shifter[24]     ; 4.994             ;
; System:system|VexRISCVSoftcore:core|JtagBridge:jtagBridge_1_|system_rsp_payload_data[21] ; System:system|VexRISCVSoftcore:core|JtagBridge:jtagBridge_1_|jtag_readArea_shifter[23]     ; 4.994             ;
; System:system|VexRISCVSoftcore:core|JtagBridge:jtagBridge_1_|system_rsp_payload_data[20] ; System:system|VexRISCVSoftcore:core|JtagBridge:jtagBridge_1_|jtag_readArea_shifter[22]     ; 4.994             ;
; System:system|VexRISCVSoftcore:core|JtagBridge:jtagBridge_1_|system_rsp_payload_data[19] ; System:system|VexRISCVSoftcore:core|JtagBridge:jtagBridge_1_|jtag_readArea_shifter[21]     ; 4.994             ;
; System:system|VexRISCVSoftcore:core|JtagBridge:jtagBridge_1_|system_rsp_payload_data[17] ; System:system|VexRISCVSoftcore:core|JtagBridge:jtagBridge_1_|jtag_readArea_shifter[19]     ; 4.994             ;
; System:system|VexRISCVSoftcore:core|JtagBridge:jtagBridge_1_|system_rsp_payload_data[7]  ; System:system|VexRISCVSoftcore:core|JtagBridge:jtagBridge_1_|jtag_readArea_shifter[9]      ; 4.993             ;
; System:system|VexRISCVSoftcore:core|JtagBridge:jtagBridge_1_|system_rsp_payload_data[6]  ; System:system|VexRISCVSoftcore:core|JtagBridge:jtagBridge_1_|jtag_readArea_shifter[8]      ; 4.993             ;
; System:system|VexRISCVSoftcore:core|JtagBridge:jtagBridge_1_|system_rsp_payload_data[5]  ; System:system|VexRISCVSoftcore:core|JtagBridge:jtagBridge_1_|jtag_readArea_shifter[7]      ; 4.993             ;
; System:system|VexRISCVSoftcore:core|JtagBridge:jtagBridge_1_|system_rsp_payload_data[4]  ; System:system|VexRISCVSoftcore:core|JtagBridge:jtagBridge_1_|jtag_readArea_shifter[6]      ; 4.993             ;
; System:system|VexRISCVSoftcore:core|JtagBridge:jtagBridge_1_|system_rsp_payload_data[3]  ; System:system|VexRISCVSoftcore:core|JtagBridge:jtagBridge_1_|jtag_readArea_shifter[5]      ; 4.993             ;
; System:system|VexRISCVSoftcore:core|JtagBridge:jtagBridge_1_|system_rsp_payload_data[16] ; System:system|VexRISCVSoftcore:core|JtagBridge:jtagBridge_1_|jtag_readArea_shifter[18]     ; 4.643             ;
; System:system|VexRISCVSoftcore:core|JtagBridge:jtagBridge_1_|system_rsp_payload_data[24] ; System:system|VexRISCVSoftcore:core|JtagBridge:jtagBridge_1_|jtag_readArea_shifter[26]     ; 4.337             ;
; System:system|VexRISCVSoftcore:core|JtagBridge:jtagBridge_1_|system_rsp_payload_data[8]  ; System:system|VexRISCVSoftcore:core|JtagBridge:jtagBridge_1_|jtag_readArea_shifter[10]     ; 4.330             ;
; System:system|VexRISCVSoftcore:core|JtagBridge:jtagBridge_1_|system_rsp_payload_data[18] ; System:system|VexRISCVSoftcore:core|JtagBridge:jtagBridge_1_|jtag_readArea_shifter[20]     ; 4.201             ;
; System:system|VexRISCVSoftcore:core|JtagBridge:jtagBridge_1_|system_rsp_valid            ; System:system|VexRISCVSoftcore:core|JtagBridge:jtagBridge_1_|jtag_readArea_shifter[0]      ; 2.953             ;
; System:system|VexRISCVSoftcore:core|JtagBridge:jtagBridge_1_|jtag_readArea_shifter[33]   ; System:system|VexRISCVSoftcore:core|JtagBridge:jtagBridge_1_|jtag_readArea_shifter[32]     ; 2.753             ;
; System:system|VexRISCVSoftcore:core|JtagBridge:jtagBridge_1_|jtag_readArea_shifter[32]   ; System:system|VexRISCVSoftcore:core|JtagBridge:jtagBridge_1_|jtag_readArea_shifter[31]     ; 2.753             ;
; System:system|VexRISCVSoftcore:core|JtagBridge:jtagBridge_1_|jtag_readArea_shifter[31]   ; System:system|VexRISCVSoftcore:core|JtagBridge:jtagBridge_1_|jtag_readArea_shifter[30]     ; 2.753             ;
; System:system|VexRISCVSoftcore:core|JtagBridge:jtagBridge_1_|jtag_readArea_shifter[30]   ; System:system|VexRISCVSoftcore:core|JtagBridge:jtagBridge_1_|jtag_readArea_shifter[29]     ; 2.753             ;
; System:system|VexRISCVSoftcore:core|JtagBridge:jtagBridge_1_|jtag_readArea_shifter[29]   ; System:system|VexRISCVSoftcore:core|JtagBridge:jtagBridge_1_|jtag_readArea_shifter[28]     ; 2.753             ;
; System:system|VexRISCVSoftcore:core|JtagBridge:jtagBridge_1_|jtag_readArea_shifter[28]   ; System:system|VexRISCVSoftcore:core|JtagBridge:jtagBridge_1_|jtag_readArea_shifter[27]     ; 2.753             ;
; System:system|VexRISCVSoftcore:core|JtagBridge:jtagBridge_1_|jtag_readArea_shifter[18]   ; System:system|VexRISCVSoftcore:core|JtagBridge:jtagBridge_1_|jtag_readArea_shifter[17]     ; 2.752             ;
; System:system|VexRISCVSoftcore:core|JtagBridge:jtagBridge_1_|jtag_readArea_shifter[17]   ; System:system|VexRISCVSoftcore:core|JtagBridge:jtagBridge_1_|jtag_readArea_shifter[16]     ; 2.752             ;
; System:system|VexRISCVSoftcore:core|JtagBridge:jtagBridge_1_|jtag_readArea_shifter[16]   ; System:system|VexRISCVSoftcore:core|JtagBridge:jtagBridge_1_|jtag_readArea_shifter[15]     ; 2.752             ;
; System:system|VexRISCVSoftcore:core|JtagBridge:jtagBridge_1_|jtag_readArea_shifter[15]   ; System:system|VexRISCVSoftcore:core|JtagBridge:jtagBridge_1_|jtag_readArea_shifter[14]     ; 2.752             ;
; System:system|VexRISCVSoftcore:core|JtagBridge:jtagBridge_1_|jtag_readArea_shifter[14]   ; System:system|VexRISCVSoftcore:core|JtagBridge:jtagBridge_1_|jtag_readArea_shifter[13]     ; 2.752             ;
; System:system|VexRISCVSoftcore:core|JtagBridge:jtagBridge_1_|jtag_readArea_shifter[13]   ; System:system|VexRISCVSoftcore:core|JtagBridge:jtagBridge_1_|jtag_readArea_shifter[12]     ; 2.752             ;
; System:system|VexRISCVSoftcore:core|JtagBridge:jtagBridge_1_|jtag_readArea_shifter[12]   ; System:system|VexRISCVSoftcore:core|JtagBridge:jtagBridge_1_|jtag_readArea_shifter[11]     ; 2.752             ;
; System:system|VexRISCVSoftcore:core|JtagBridge:jtagBridge_1_|jtag_readArea_shifter[10]   ; System:system|VexRISCVSoftcore:core|JtagBridge:jtagBridge_1_|jtag_readArea_shifter[9]      ; 2.680             ;
; System:system|VexRISCVSoftcore:core|JtagBridge:jtagBridge_1_|jtag_readArea_shifter[9]    ; System:system|VexRISCVSoftcore:core|JtagBridge:jtagBridge_1_|jtag_readArea_shifter[8]      ; 2.680             ;
; System:system|VexRISCVSoftcore:core|JtagBridge:jtagBridge_1_|jtag_readArea_shifter[8]    ; System:system|VexRISCVSoftcore:core|JtagBridge:jtagBridge_1_|jtag_readArea_shifter[7]      ; 2.680             ;
; System:system|VexRISCVSoftcore:core|JtagBridge:jtagBridge_1_|jtag_readArea_shifter[7]    ; System:system|VexRISCVSoftcore:core|JtagBridge:jtagBridge_1_|jtag_readArea_shifter[6]      ; 2.680             ;
; System:system|VexRISCVSoftcore:core|JtagBridge:jtagBridge_1_|jtag_readArea_shifter[6]    ; System:system|VexRISCVSoftcore:core|JtagBridge:jtagBridge_1_|jtag_readArea_shifter[5]      ; 2.680             ;
; System:system|VexRISCVSoftcore:core|JtagBridge:jtagBridge_1_|jtag_readArea_shifter[26]   ; System:system|VexRISCVSoftcore:core|JtagBridge:jtagBridge_1_|jtag_readArea_shifter[25]     ; 2.627             ;
; System:system|VexRISCVSoftcore:core|JtagBridge:jtagBridge_1_|jtag_readArea_shifter[25]   ; System:system|VexRISCVSoftcore:core|JtagBridge:jtagBridge_1_|jtag_readArea_shifter[24]     ; 2.627             ;
; System:system|VexRISCVSoftcore:core|JtagBridge:jtagBridge_1_|jtag_readArea_shifter[24]   ; System:system|VexRISCVSoftcore:core|JtagBridge:jtagBridge_1_|jtag_readArea_shifter[23]     ; 2.627             ;
; System:system|VexRISCVSoftcore:core|JtagBridge:jtagBridge_1_|jtag_readArea_shifter[23]   ; System:system|VexRISCVSoftcore:core|JtagBridge:jtagBridge_1_|jtag_readArea_shifter[22]     ; 2.627             ;
; System:system|VexRISCVSoftcore:core|JtagBridge:jtagBridge_1_|jtag_readArea_shifter[22]   ; System:system|VexRISCVSoftcore:core|JtagBridge:jtagBridge_1_|jtag_readArea_shifter[21]     ; 2.627             ;
; System:system|VexRISCVSoftcore:core|JtagBridge:jtagBridge_1_|jtag_readArea_shifter[20]   ; System:system|VexRISCVSoftcore:core|JtagBridge:jtagBridge_1_|jtag_readArea_shifter[19]     ; 2.627             ;
; System:system|VexRISCVSoftcore:core|JtagBridge:jtagBridge_1_|system_rsp_payload_data[0]  ; System:system|VexRISCVSoftcore:core|JtagBridge:jtagBridge_1_|jtag_readArea_shifter[2]      ; 2.618             ;
; System:system|VexRISCVSoftcore:core|JtagBridge:jtagBridge_1_|system_rsp_payload_data[1]  ; System:system|VexRISCVSoftcore:core|JtagBridge:jtagBridge_1_|jtag_readArea_shifter[3]      ; 2.553             ;
; System:system|VexRISCVSoftcore:core|JtagBridge:jtagBridge_1_|jtag_readArea_shifter[1]    ; System:system|VexRISCVSoftcore:core|JtagBridge:jtagBridge_1_|jtag_readArea_shifter[0]      ; 2.542             ;
; System:system|VexRISCVSoftcore:core|JtagBridge:jtagBridge_1_|system_rsp_payload_data[2]  ; System:system|VexRISCVSoftcore:core|JtagBridge:jtagBridge_1_|jtag_readArea_shifter[4]      ; 2.536             ;
; System:system|VexRISCVSoftcore:core|JtagBridge:jtagBridge_1_|jtag_readArea_shifter[21]   ; System:system|VexRISCVSoftcore:core|JtagBridge:jtagBridge_1_|jtag_readArea_shifter[20]     ; 2.527             ;
; System:system|VexRISCVSoftcore:core|JtagBridge:jtagBridge_1_|jtag_readArea_shifter[3]    ; System:system|VexRISCVSoftcore:core|JtagBridge:jtagBridge_1_|jtag_readArea_shifter[2]      ; 2.463             ;
; System:system|VexRISCVSoftcore:core|JtagBridge:jtagBridge_1_|jtag_readArea_shifter[4]    ; System:system|VexRISCVSoftcore:core|JtagBridge:jtagBridge_1_|jtag_readArea_shifter[3]      ; 2.454             ;
; System:system|VexRISCVSoftcore:core|JtagBridge:jtagBridge_1_|jtag_readArea_shifter[19]   ; System:system|VexRISCVSoftcore:core|JtagBridge:jtagBridge_1_|jtag_readArea_shifter[18]     ; 2.406             ;
; System:system|VexRISCVSoftcore:core|JtagBridge:jtagBridge_1_|jtag_readArea_shifter[27]   ; System:system|VexRISCVSoftcore:core|JtagBridge:jtagBridge_1_|jtag_readArea_shifter[26]     ; 2.229             ;
; System:system|VexRISCVSoftcore:core|JtagBridge:jtagBridge_1_|jtag_readArea_shifter[11]   ; System:system|VexRISCVSoftcore:core|JtagBridge:jtagBridge_1_|jtag_readArea_shifter[10]     ; 2.220             ;
; System:system|VexRISCVSoftcore:core|JtagBridge:jtagBridge_1_|jtag_readArea_shifter[5]    ; System:system|VexRISCVSoftcore:core|JtagBridge:jtagBridge_1_|jtag_readArea_shifter[4]      ; 1.158             ;
; TCK                                                                                      ; System:system|VexRISCVSoftcore:core|JtagBridge:jtagBridge_1_|jtag_tap_tdoUnbufferd_regNext ; 0.924             ;
+------------------------------------------------------------------------------------------+--------------------------------------------------------------------------------------------+-------------------+
Note: This table only shows the top 68 path(s) that have the largest delay added for hold.


+-----------------+
; Fitter Messages ;
+-----------------+
Warning (18236): Number of processors has not been specified which may cause overloading on shared machines.  Set the global assignment NUM_PARALLEL_PROCESSORS in your QSF to an appropriate value for best performance.
Info (20030): Parallel compilation is enabled and will use 16 of the 16 processors detected
Info (119006): Selected device 10M50DAF484C6GES for design "SimpleRiscExample"
Info (21077): Low junction temperature is 0 degrees C
Info (21077): High junction temperature is 85 degrees C
Info (15535): Implemented PLL "System:system|PLL:pll_1_|altpll:altpll_component|PLL_altpll:auto_generated|pll1" as MAX 10 PLL type File: C:/Users/marvi/Desktop/fpga_exercises/exercise_12/simple_riscv_example/Quartus/db/pll_altpll.v Line: 44
    Info (15099): Implementing clock multiplication of 1, clock division of 1, and phase shift of -90 degrees (-5000 ps) for System:system|PLL:pll_1_|altpll:altpll_component|PLL_altpll:auto_generated|wire_pll1_clk[0] port File: C:/Users/marvi/Desktop/fpga_exercises/exercise_12/simple_riscv_example/Quartus/db/pll_altpll.v Line: 44
    Info (15099): Implementing clock multiplication of 1, clock division of 1, and phase shift of 0 degrees (0 ps) for System:system|PLL:pll_1_|altpll:altpll_component|PLL_altpll:auto_generated|wire_pll1_clk[1] port File: C:/Users/marvi/Desktop/fpga_exercises/exercise_12/simple_riscv_example/Quartus/db/pll_altpll.v Line: 44
Info (171003): Fitter is performing an Auto Fit compilation, which may decrease Fitter effort to reduce compilation time
Warning (292013): Feature LogicLock is only available with a valid subscription license. You can purchase a software subscription to gain full access to this feature.
Info (176444): Device migration not selected. If you intend to use device migration later, you may need to change the pin assignments as they may be incompatible with other devices
    Info (176445): Device 10M16DAF484I6G is compatible
    Info (176445): Device 10M25DAF484I6G is compatible
    Info (176445): Device 10M50DAF484I6G is compatible
    Info (176445): Device 10M40DAF484I6G is compatible
Info (169124): Fitter converted 8 user pins into dedicated programming pins
    Info (169125): Pin ~ALTERA_TMS~ is reserved at location H2
    Info (169125): Pin ~ALTERA_TCK~ is reserved at location G2
    Info (169125): Pin ~ALTERA_TDI~ is reserved at location L4
    Info (169125): Pin ~ALTERA_TDO~ is reserved at location M5
    Info (169125): Pin ~ALTERA_CONFIG_SEL~ is reserved at location H10
    Info (169125): Pin ~ALTERA_nCONFIG~ is reserved at location H9
    Info (169125): Pin ~ALTERA_nSTATUS~ is reserved at location G9
    Info (169125): Pin ~ALTERA_CONF_DONE~ is reserved at location F8
Info (169141): DATA[0] dual-purpose pin not reserved
Info (12825): Data[1]/ASDO dual-purpose pin not reserved
Info (12825): nCSO dual-purpose pin not reserved
Info (12825): DCLK dual-purpose pin not reserved
Warning (15714): Some pins have incomplete I/O assignments. Refer to the I/O Assignment Warnings report for details
Info (176045): Design uses memory blocks. Violating setup or hold times of memory block address registers for either read or write operations could cause memory contents to be corrupted. Make sure that all memory block address registers meet the setup and hold time requirements.
Info (332104): Reading SDC File: 'Timing.sdc'
Warning (332174): Ignored filter at Timing.sdc(1): Max10_CLK1_50 could not be matched with a port or pin or register or keeper or net or combinational node or node File: C:/Users/marvi/Desktop/fpga_exercises/exercise_12/simple_riscv_example/Quartus/Timing.sdc Line: 1
Warning (332049): Ignored create_clock at Timing.sdc(1): Argument <targets> is not an object ID File: C:/Users/marvi/Desktop/fpga_exercises/exercise_12/simple_riscv_example/Quartus/Timing.sdc Line: 1
    Info (332050): create_clock -period 20 Max10_CLK1_50 File: C:/Users/marvi/Desktop/fpga_exercises/exercise_12/simple_riscv_example/Quartus/Timing.sdc Line: 1
Info (332105): Deriving Clocks
    Info (332105): create_clock -period 20.000 -name MAX10_CLK1_50 MAX10_CLK1_50
    Info (332105): create_clock -period 20.000 -name TCK TCK
Info (332110): Deriving PLL clocks
    Info (332110): create_generated_clock -source {system|pll_1_|altpll_component|auto_generated|pll1|inclk[0]} -phase -90.00 -duty_cycle 50.00 -name {system|pll_1_|altpll_component|auto_generated|pll1|clk[0]} {system|pll_1_|altpll_component|auto_generated|pll1|clk[0]}
    Info (332110): create_generated_clock -source {system|pll_1_|altpll_component|auto_generated|pll1|inclk[0]} -duty_cycle 50.00 -name {system|pll_1_|altpll_component|auto_generated|pll1|clk[1]} {system|pll_1_|altpll_component|auto_generated|pll1|clk[1]}
Info (332151): Clock uncertainty is not calculated until you update the timing netlist.
Info (332123): Deriving Clock Uncertainty. Please refer to report_sdc in the Timing Analyzer to see clock uncertainties.
Info (332129): Detected timing requirements -- optimizing circuit to achieve only the specified requirements
Info (332111): Found 4 clocks
    Info (332111):   Period   Clock Name
    Info (332111): ======== ============
    Info (332111):   20.000 MAX10_CLK1_50
    Info (332111):   20.000 system|pll_1_|altpll_component|auto_generated|pll1|clk[0]
    Info (332111):   20.000 system|pll_1_|altpll_component|auto_generated|pll1|clk[1]
    Info (332111):   20.000          TCK
Info (176353): Automatically promoted node System:system|PLL:pll_1_|altpll:altpll_component|PLL_altpll:auto_generated|wire_pll1_clk[0] (placed in counter C1 of PLL_1) File: C:/Users/marvi/Desktop/fpga_exercises/exercise_12/simple_riscv_example/Quartus/db/pll_altpll.v Line: 78
    Info (176355): Automatically promoted destinations to use location or clock signal Global Clock CLKCTRL_G19
Info (176353): Automatically promoted node System:system|PLL:pll_1_|altpll:altpll_component|PLL_altpll:auto_generated|wire_pll1_clk[1] (placed in counter C0 of PLL_1) File: C:/Users/marvi/Desktop/fpga_exercises/exercise_12/simple_riscv_example/Quartus/db/pll_altpll.v Line: 78
    Info (176355): Automatically promoted destinations to use location or clock signal Global Clock CLKCTRL_G18
Info (176353): Automatically promoted node System:system|VexRISCVSoftcore:core|resetCtrl_axiReset  File: C:/Users/marvi/Desktop/fpga_exercises/exercise_12/simple_riscv_example/Quartus/System.v Line: 11615
    Info (176355): Automatically promoted destinations to use location or clock signal Global Clock
Info (176233): Starting register packing
Info (176235): Finished register packing
    Extra Info (176218): Packed 132 registers into blocks of type Embedded multiplier output
Warning (15064): PLL "System:system|PLL:pll_1_|altpll:altpll_component|PLL_altpll:auto_generated|pll1" output port clk[0] feeds output pin "DRAM_CLK~output" via non-dedicated routing -- jitter performance depends on switching rate of other design elements. Use PLL dedicated clock outputs to ensure jitter performance File: C:/Users/marvi/Desktop/fpga_exercises/exercise_12/simple_riscv_example/Quartus/db/pll_altpll.v Line: 44
Warning (15705): Ignored locations or region assignments to the following nodes
    Warning (15706): Node "ADC_CLK_10" is assigned to location or region, but does not exist in design
    Warning (15706): Node "ARDUINO_RESET_N" is assigned to location or region, but does not exist in design
    Warning (15706): Node "GPIO[0]" is assigned to location or region, but does not exist in design
    Warning (15706): Node "GPIO[10]" is assigned to location or region, but does not exist in design
    Warning (15706): Node "GPIO[11]" is assigned to location or region, but does not exist in design
    Warning (15706): Node "GPIO[12]" is assigned to location or region, but does not exist in design
    Warning (15706): Node "GPIO[13]" is assigned to location or region, but does not exist in design
    Warning (15706): Node "GPIO[14]" is assigned to location or region, but does not exist in design
    Warning (15706): Node "GPIO[15]" is assigned to location or region, but does not exist in design
    Warning (15706): Node "GPIO[16]" is assigned to location or region, but does not exist in design
    Warning (15706): Node "GPIO[17]" is assigned to location or region, but does not exist in design
    Warning (15706): Node "GPIO[18]" is assigned to location or region, but does not exist in design
    Warning (15706): Node "GPIO[19]" is assigned to location or region, but does not exist in design
    Warning (15706): Node "GPIO[1]" is assigned to location or region, but does not exist in design
    Warning (15706): Node "GPIO[20]" is assigned to location or region, but does not exist in design
    Warning (15706): Node "GPIO[21]" is assigned to location or region, but does not exist in design
    Warning (15706): Node "GPIO[22]" is assigned to location or region, but does not exist in design
    Warning (15706): Node "GPIO[23]" is assigned to location or region, but does not exist in design
    Warning (15706): Node "GPIO[24]" is assigned to location or region, but does not exist in design
    Warning (15706): Node "GPIO[25]" is assigned to location or region, but does not exist in design
    Warning (15706): Node "GPIO[26]" is assigned to location or region, but does not exist in design
    Warning (15706): Node "GPIO[27]" is assigned to location or region, but does not exist in design
    Warning (15706): Node "GPIO[28]" is assigned to location or region, but does not exist in design
    Warning (15706): Node "GPIO[29]" is assigned to location or region, but does not exist in design
    Warning (15706): Node "GPIO[2]" is assigned to location or region, but does not exist in design
    Warning (15706): Node "GPIO[30]" is assigned to location or region, but does not exist in design
    Warning (15706): Node "GPIO[31]" is assigned to location or region, but does not exist in design
    Warning (15706): Node "GPIO[32]" is assigned to location or region, but does not exist in design
    Warning (15706): Node "GPIO[33]" is assigned to location or region, but does not exist in design
    Warning (15706): Node "GPIO[34]" is assigned to location or region, but does not exist in design
    Warning (15706): Node "GPIO[35]" is assigned to location or region, but does not exist in design
    Warning (15706): Node "GPIO[3]" is assigned to location or region, but does not exist in design
    Warning (15706): Node "GPIO[4]" is assigned to location or region, but does not exist in design
    Warning (15706): Node "GPIO[5]" is assigned to location or region, but does not exist in design
    Warning (15706): Node "GPIO[6]" is assigned to location or region, but does not exist in design
    Warning (15706): Node "GPIO[7]" is assigned to location or region, but does not exist in design
    Warning (15706): Node "GPIO[8]" is assigned to location or region, but does not exist in design
    Warning (15706): Node "GPIO[9]" is assigned to location or region, but does not exist in design
    Warning (15706): Node "GSENSOR_CS_N" is assigned to location or region, but does not exist in design
    Warning (15706): Node "GSENSOR_INT[1]" is assigned to location or region, but does not exist in design
    Warning (15706): Node "GSENSOR_INT[2]" is assigned to location or region, but does not exist in design
    Warning (15706): Node "GSENSOR_SCLK" is assigned to location or region, but does not exist in design
    Warning (15706): Node "GSENSOR_SDI" is assigned to location or region, but does not exist in design
    Warning (15706): Node "GSENSOR_SDO" is assigned to location or region, but does not exist in design
    Warning (15706): Node "HEX5[0]" is assigned to location or region, but does not exist in design
    Warning (15706): Node "HEX5[1]" is assigned to location or region, but does not exist in design
    Warning (15706): Node "HEX5[2]" is assigned to location or region, but does not exist in design
    Warning (15706): Node "HEX5[3]" is assigned to location or region, but does not exist in design
    Warning (15706): Node "HEX5[4]" is assigned to location or region, but does not exist in design
    Warning (15706): Node "HEX5[5]" is assigned to location or region, but does not exist in design
    Warning (15706): Node "HEX5[6]" is assigned to location or region, but does not exist in design
    Warning (15706): Node "HEX5[7]" is assigned to location or region, but does not exist in design
    Warning (15706): Node "MAX10_CLK2_50" is assigned to location or region, but does not exist in design
    Warning (15706): Node "VGA_B[0]" is assigned to location or region, but does not exist in design
    Warning (15706): Node "VGA_B[1]" is assigned to location or region, but does not exist in design
    Warning (15706): Node "VGA_B[2]" is assigned to location or region, but does not exist in design
    Warning (15706): Node "VGA_B[3]" is assigned to location or region, but does not exist in design
    Warning (15706): Node "VGA_G[0]" is assigned to location or region, but does not exist in design
    Warning (15706): Node "VGA_G[1]" is assigned to location or region, but does not exist in design
    Warning (15706): Node "VGA_G[2]" is assigned to location or region, but does not exist in design
    Warning (15706): Node "VGA_G[3]" is assigned to location or region, but does not exist in design
    Warning (15706): Node "VGA_HS" is assigned to location or region, but does not exist in design
    Warning (15706): Node "VGA_R[0]" is assigned to location or region, but does not exist in design
    Warning (15706): Node "VGA_R[1]" is assigned to location or region, but does not exist in design
    Warning (15706): Node "VGA_R[2]" is assigned to location or region, but does not exist in design
    Warning (15706): Node "VGA_R[3]" is assigned to location or region, but does not exist in design
    Warning (15706): Node "VGA_VS" is assigned to location or region, but does not exist in design
Info (171121): Fitter preparation operations ending: elapsed time is 00:00:03
Info (14896): Fitter has disabled Advanced Physical Optimization because it is not supported for the current family.
Info (170189): Fitter placement preparation operations beginning
Info (170190): Fitter placement preparation operations ending: elapsed time is 00:00:01
Info (170191): Fitter placement operations beginning
Info (170137): Fitter placement was successful
Info (170192): Fitter placement operations ending: elapsed time is 00:00:06
Info (170193): Fitter routing operations beginning
Info (170195): Router estimated average interconnect usage is 6% of the available device resources
    Info (170196): Router estimated peak interconnect usage is 45% of the available device resources in the region that extends from location X33_Y11 to location X44_Y21
Info (170199): The Fitter performed an Auto Fit compilation.  Optimizations were skipped to reduce compilation time.
    Info (170201): Optimizations that may affect the design's routability were skipped
    Info (170200): Optimizations that may affect the design's timing were skipped
Info (170194): Fitter routing operations ending: elapsed time is 00:00:07
Info (11888): Total time spent on timing analysis during the Fitter is 4.47 seconds.
Info (334003): Started post-fitting delay annotation
Warning (334000): Timing characteristics of device 10M50DAF484C6GES are preliminary
Info (334004): Delay annotation completed successfully
Info (334003): Started post-fitting delay annotation
Warning (334000): Timing characteristics of device 10M50DAF484C6GES are preliminary
Info (334004): Delay annotation completed successfully
Info (11218): Fitter post-fit operations ending: elapsed time is 00:00:04
Warning (171167): Found invalid Fitter assignments. See the Ignored Assignments panel in the Fitter Compilation Report for more information.
Warning (169064): Following 10 pins have no output enable or a GND or VCC output enable - later changes to this connectivity may change fitting results
    Info (169065): Pin ARDUINO_IO[0] has a permanently disabled output enable File: C:/Users/marvi/Desktop/fpga_exercises/exercise_12/simple_riscv_example/Quartus/SimpleRiscExample.sv Line: 13
    Info (169065): Pin ARDUINO_IO[1] has a permanently disabled output enable File: C:/Users/marvi/Desktop/fpga_exercises/exercise_12/simple_riscv_example/Quartus/SimpleRiscExample.sv Line: 13
    Info (169065): Pin ARDUINO_IO[2] has a permanently disabled output enable File: C:/Users/marvi/Desktop/fpga_exercises/exercise_12/simple_riscv_example/Quartus/SimpleRiscExample.sv Line: 13
    Info (169065): Pin ARDUINO_IO[3] has a permanently disabled output enable File: C:/Users/marvi/Desktop/fpga_exercises/exercise_12/simple_riscv_example/Quartus/SimpleRiscExample.sv Line: 13
    Info (169065): Pin ARDUINO_IO[4] has a permanently disabled output enable File: C:/Users/marvi/Desktop/fpga_exercises/exercise_12/simple_riscv_example/Quartus/SimpleRiscExample.sv Line: 13
    Info (169065): Pin ARDUINO_IO[5] has a permanently disabled output enable File: C:/Users/marvi/Desktop/fpga_exercises/exercise_12/simple_riscv_example/Quartus/SimpleRiscExample.sv Line: 13
    Info (169065): Pin ARDUINO_IO[6] has a permanently disabled output enable File: C:/Users/marvi/Desktop/fpga_exercises/exercise_12/simple_riscv_example/Quartus/SimpleRiscExample.sv Line: 13
    Info (169065): Pin ARDUINO_IO[7] has a permanently disabled output enable File: C:/Users/marvi/Desktop/fpga_exercises/exercise_12/simple_riscv_example/Quartus/SimpleRiscExample.sv Line: 13
    Info (169065): Pin ARDUINO_IO[8] has a permanently disabled output enable File: C:/Users/marvi/Desktop/fpga_exercises/exercise_12/simple_riscv_example/Quartus/SimpleRiscExample.sv Line: 13
    Info (169065): Pin ARDUINO_IO[9] has a permanently disabled output enable File: C:/Users/marvi/Desktop/fpga_exercises/exercise_12/simple_riscv_example/Quartus/SimpleRiscExample.sv Line: 13
Info (144001): Generated suppressed messages file C:/Users/marvi/Desktop/fpga_exercises/exercise_12/simple_riscv_example/Quartus/output_files/SimpleRiscExample.fit.smsg
Info: Quartus Prime Fitter was successful. 0 errors, 78 warnings
    Info: Peak virtual memory: 6760 megabytes
    Info: Processing ended: Sun May 17 09:02:48 2026
    Info: Elapsed time: 00:00:31
    Info: Total CPU time (on all processors): 00:01:00


+----------------------------+
; Fitter Suppressed Messages ;
+----------------------------+
The suppressed messages can be found in C:/Users/marvi/Desktop/fpga_exercises/exercise_12/simple_riscv_example/Quartus/output_files/SimpleRiscExample.fit.smsg.


