Analysis & Synthesis report for SimpleRiscExample
Sun May 17 09:02:16 2026
Quartus Prime Version 25.1std.0 Build 1129 10/21/2025 Patches 0.36 SC Lite Edition


---------------------
; Table of Contents ;
---------------------
  1. Legal Notice
  2. Analysis & Synthesis Summary
  3. Analysis & Synthesis Settings
  4. Parallel Compilation
  5. Analysis & Synthesis Source Files Read
  6. Analysis & Synthesis Resource Usage Summary
  7. Analysis & Synthesis Resource Utilization by Entity
  8. Analysis & Synthesis RAM Summary
  9. Analysis & Synthesis DSP Block Usage Summary
 10. Analysis & Synthesis IP Cores Summary
 11. State Machine - |SimpleRiscExample|ApbReadRegister:readReg|state
 12. State Machine - |SimpleRiscExample|System:system|VexRISCVSoftcore:core|JtagBridge:jtagBridge_1_|jtag_tap_fsm_state
 13. State Machine - |SimpleRiscExample|System:system|VexRISCVSoftcore:core|VexRiscv:axi_cpu|CsrPlugin_interrupt_targetPrivilege
 14. State Machine - |SimpleRiscExample|System:system|VexRISCVSoftcore:core|VexRiscv:axi_cpu|_zz_111_
 15. State Machine - |SimpleRiscExample|System:system|VexRISCVSoftcore:core|Apb3UartCtrl:axi_uartCtrl|UartCtrl:uartCtrl_1_|UartCtrlRx:rx|stateMachine_state
 16. State Machine - |SimpleRiscExample|System:system|VexRISCVSoftcore:core|Apb3UartCtrl:axi_uartCtrl|UartCtrl:uartCtrl_1_|UartCtrlTx:tx|stateMachine_state
 17. State Machine - |SimpleRiscExample|System:system|VexRISCVSoftcore:core|Axi4SharedToApb3Bridge:axi_apbBridge|phase
 18. State Machine - |SimpleRiscExample|System:system|VexRISCVSoftcore:core|Axi4SharedSdramCtrl:axi_sdramCtrl|SdramCtrl:ctrl|frontend_rsp_m2sPipe_rData_task
 19. State Machine - |SimpleRiscExample|System:system|VexRISCVSoftcore:core|Axi4SharedSdramCtrl:axi_sdramCtrl|SdramCtrl:ctrl|frontend_state
 20. Registers Removed During Synthesis
 21. Removed Registers Triggering Further Register Optimizations
 22. General Register Statistics
 23. Inverted Register Statistics
 24. Registers Packed Into Inferred Megafunctions
 25. Multiplexer Restructuring Statistics (Restructuring Performed)
 26. Source assignments for System:system|VexRISCVSoftcore:core|VexRiscv:axi_cpu
 27. Source assignments for System:system|VexRISCVSoftcore:core|Axi4SharedOnChipRam:axi_ram|altsyncram:ram_symbol2_rtl_0|altsyncram_2ed1:auto_generated
 28. Source assignments for System:system|VexRISCVSoftcore:core|Axi4SharedOnChipRam:axi_ram|altsyncram:ram_symbol1_rtl_0|altsyncram_2ed1:auto_generated
 29. Source assignments for System:system|VexRISCVSoftcore:core|Axi4SharedOnChipRam:axi_ram|altsyncram:ram_symbol0_rtl_0|altsyncram_2ed1:auto_generated
 30. Source assignments for System:system|VexRISCVSoftcore:core|Axi4SharedOnChipRam:axi_ram|altsyncram:ram_symbol3_rtl_0|altsyncram_2ed1:auto_generated
 31. Source assignments for ApbRam:ram|altsyncram:ram_rtl_0|altsyncram_rdf1:auto_generated
 32. Parameter Settings for User Entity Instance: Top-level Entity: |SimpleRiscExample
 33. Parameter Settings for User Entity Instance: ApbBus:bus
 34. Parameter Settings for User Entity Instance: System:system|PLL:pll_1_|altpll:altpll_component
 35. Parameter Settings for User Entity Instance: ApbBus:slave_buses[3]
 36. Parameter Settings for User Entity Instance: ApbBus:slave_buses[2]
 37. Parameter Settings for User Entity Instance: ApbBus:slave_buses[1]
 38. Parameter Settings for User Entity Instance: ApbBus:slave_buses[0]
 39. Parameter Settings for User Entity Instance: ApbMultiplexer:mux
 40. Parameter Settings for User Entity Instance: ApbWriteRegister:writeReg1
 41. Parameter Settings for User Entity Instance: ApbWriteRegister:writeReg2
 42. Parameter Settings for User Entity Instance: ApbReadRegister:readReg
 43. Parameter Settings for User Entity Instance: ApbRam:ram
 44. Parameter Settings for Inferred Entity Instance: System:system|VexRISCVSoftcore:core|Axi4SharedOnChipRam:axi_ram|altsyncram:ram_symbol2_rtl_0
 45. Parameter Settings for Inferred Entity Instance: System:system|VexRISCVSoftcore:core|Axi4SharedOnChipRam:axi_ram|altsyncram:ram_symbol1_rtl_0
 46. Parameter Settings for Inferred Entity Instance: System:system|VexRISCVSoftcore:core|Axi4SharedOnChipRam:axi_ram|altsyncram:ram_symbol0_rtl_0
 47. Parameter Settings for Inferred Entity Instance: System:system|VexRISCVSoftcore:core|Axi4SharedOnChipRam:axi_ram|altsyncram:ram_symbol3_rtl_0
 48. Parameter Settings for Inferred Entity Instance: ApbRam:ram|altsyncram:ram_rtl_0
 49. Parameter Settings for Inferred Entity Instance: System:system|VexRISCVSoftcore:core|VexRiscv:axi_cpu|lpm_mult:Mult1
 50. Parameter Settings for Inferred Entity Instance: System:system|VexRISCVSoftcore:core|VexRiscv:axi_cpu|lpm_mult:Mult3
 51. Parameter Settings for Inferred Entity Instance: System:system|VexRISCVSoftcore:core|VexRiscv:axi_cpu|lpm_mult:Mult0
 52. Parameter Settings for Inferred Entity Instance: System:system|VexRISCVSoftcore:core|VexRiscv:axi_cpu|lpm_mult:Mult2
 53. altpll Parameter Settings by Entity Instance
 54. altsyncram Parameter Settings by Entity Instance
 55. lpm_mult Parameter Settings by Entity Instance
 56. Port Connectivity Checks: "ApbRam:ram"
 57. Port Connectivity Checks: "ApbReadRegister:readReg"
 58. Port Connectivity Checks: "ApbWriteRegister:writeReg2"
 59. Port Connectivity Checks: "ApbWriteRegister:writeReg1"
 60. Port Connectivity Checks: "System:system|VexRISCVSoftcore:core|Apb3Router:apb3Router_1_"
 61. Port Connectivity Checks: "System:system|VexRISCVSoftcore:core|Axi4SharedArbiter_2_:axi_apbBridge_io_axi_arbiter|StreamFifoLowLatency_2_:streamFork_4__io_outputs_1_thrown_translated_fifo"
 62. Port Connectivity Checks: "System:system|VexRISCVSoftcore:core|Axi4SharedArbiter_2_:axi_apbBridge_io_axi_arbiter|StreamFork_2_:streamFork_4_"
 63. Port Connectivity Checks: "System:system|VexRISCVSoftcore:core|Axi4SharedArbiter_2_:axi_apbBridge_io_axi_arbiter|StreamArbiter_2_:cmdArbiter"
 64. Port Connectivity Checks: "System:system|VexRISCVSoftcore:core|Axi4SharedArbiter_2_:axi_apbBridge_io_axi_arbiter"
 65. Port Connectivity Checks: "System:system|VexRISCVSoftcore:core|Axi4SharedArbiter_1_:axi_sdramCtrl_io_axi_arbiter|StreamFifoLowLatency_2_:streamFork_4__io_outputs_1_thrown_translated_fifo"
 66. Port Connectivity Checks: "System:system|VexRISCVSoftcore:core|Axi4SharedArbiter_1_:axi_sdramCtrl_io_axi_arbiter|StreamFork_1_:streamFork_4_"
 67. Port Connectivity Checks: "System:system|VexRISCVSoftcore:core|Axi4SharedArbiter_1_:axi_sdramCtrl_io_axi_arbiter|StreamArbiter_1_:cmdArbiter"
 68. Port Connectivity Checks: "System:system|VexRISCVSoftcore:core|Axi4SharedArbiter_1_:axi_sdramCtrl_io_axi_arbiter"
 69. Port Connectivity Checks: "System:system|VexRISCVSoftcore:core|Axi4SharedArbiter:axi_ram_io_axi_arbiter|StreamFifoLowLatency_2_:streamFork_4__io_outputs_1_thrown_translated_fifo"
 70. Port Connectivity Checks: "System:system|VexRISCVSoftcore:core|Axi4SharedArbiter:axi_ram_io_axi_arbiter|StreamFork:streamFork_4_"
 71. Port Connectivity Checks: "System:system|VexRISCVSoftcore:core|Axi4SharedArbiter:axi_ram_io_axi_arbiter|StreamArbiter:cmdArbiter"
 72. Port Connectivity Checks: "System:system|VexRISCVSoftcore:core|Axi4SharedArbiter:axi_ram_io_axi_arbiter"
 73. Port Connectivity Checks: "System:system|VexRISCVSoftcore:core|Axi4SharedDecoder:axi4SharedDecoder_1_|Axi4SharedErrorSlave:errorSlave"
 74. Port Connectivity Checks: "System:system|VexRISCVSoftcore:core|Axi4SharedDecoder:axi4SharedDecoder_1_"
 75. Port Connectivity Checks: "System:system|VexRISCVSoftcore:core|Axi4ReadOnlyDecoder:axi4ReadOnlyDecoder_1_|Axi4ReadOnlyErrorSlave:errorSlave"
 76. Port Connectivity Checks: "System:system|VexRISCVSoftcore:core|Axi4ReadOnlyDecoder:axi4ReadOnlyDecoder_1_"
 77. Port Connectivity Checks: "System:system|VexRISCVSoftcore:core|SystemDebugger:systemDebugger_1_"
 78. Port Connectivity Checks: "System:system|VexRISCVSoftcore:core|StreamFork_3_:streamFork_4_"
 79. Port Connectivity Checks: "System:system|VexRISCVSoftcore:core|VexRiscv:axi_cpu|StreamFifoLowLatency_1_:IBusSimplePlugin_rspJoin_rspBuffer_c"
 80. Port Connectivity Checks: "System:system|VexRISCVSoftcore:core|VexRiscv:axi_cpu"
 81. Port Connectivity Checks: "System:system|VexRISCVSoftcore:core|Apb3UartCtrl:axi_uartCtrl|StreamFifo:uartCtrl_1__io_read_queueWithOccupancy"
 82. Port Connectivity Checks: "System:system|VexRISCVSoftcore:core|Apb3UartCtrl:axi_uartCtrl|StreamFifo:bridge_write_streamUnbuffered_queueWithOccupancy"
 83. Port Connectivity Checks: "System:system|VexRISCVSoftcore:core|Apb3UartCtrl:axi_uartCtrl|UartCtrl:uartCtrl_1_|UartCtrlRx:rx|BufferCC:io_rxd_buffercc"
 84. Port Connectivity Checks: "System:system|VexRISCVSoftcore:core|Apb3UartCtrl:axi_uartCtrl|UartCtrl:uartCtrl_1_|UartCtrlRx:rx"
 85. Port Connectivity Checks: "System:system|VexRISCVSoftcore:core|Apb3UartCtrl:axi_uartCtrl|UartCtrl:uartCtrl_1_|UartCtrlTx:tx"
 86. Port Connectivity Checks: "System:system|VexRISCVSoftcore:core|PinsecTimerCtrl:axi_timerCtrl"
 87. Port Connectivity Checks: "System:system|VexRISCVSoftcore:core|Axi4SharedSdramCtrl:axi_sdramCtrl|SdramCtrl:ctrl|StreamFifoLowLatency:chip_backupIn_fifo"
 88. Port Connectivity Checks: "System:system"
 89. Post-Synthesis Netlist Statistics for Top Partition
 90. Elapsed Time Per Partition
 91. Analysis & Synthesis Messages
 92. Analysis & Synthesis Suppressed Messages



----------------
; Legal Notice ;
----------------
Copyright (C) 2025  Altera Corporation. All rights reserved.
Your use of Altera Corporation's design tools, logic functions 
and other software and tools, and any partner logic 
functions, and any output files from any of the foregoing 
(including device programming or simulation files), and any 
associated documentation or information are expressly subject 
to the terms and conditions of the Altera Program License 
Subscription Agreement, the Altera Quartus Prime License Agreement,
the Altera IP License Agreement, or other applicable license
agreement, including, without limitation, that your use is for
the sole purpose of programming logic devices manufactured by
Altera and sold by Altera or its authorized distributors.  Please
refer to the Altera Software License Subscription Agreements 
on the Quartus Prime software download page.



+---------------------------------------------------------------------------------------------------+
; Analysis & Synthesis Summary                                                                      ;
+------------------------------------+--------------------------------------------------------------+
; Analysis & Synthesis Status        ; Successful - Sun May 17 09:02:16 2026                        ;
; Quartus Prime Version              ; 25.1std.0 Build 1129 10/21/2025 Patches 0.36 SC Lite Edition ;
; Revision Name                      ; SimpleRiscExample                                            ;
; Top-level Entity Name              ; SimpleRiscExample                                            ;
; Family                             ; MAX 10                                                       ;
; Total logic elements               ; 7,386                                                        ;
;     Total combinational functions  ; 4,924                                                        ;
;     Dedicated logic registers      ; 3,822                                                        ;
; Total registers                    ; 3822                                                         ;
; Total pins                         ; 118                                                          ;
; Total virtual pins                 ; 0                                                            ;
; Total memory bits                  ; 1,474,560                                                    ;
; Embedded Multiplier 9-bit elements ; 8                                                            ;
; Total PLLs                         ; 1                                                            ;
; UFM blocks                         ; 0                                                            ;
; ADC blocks                         ; 0                                                            ;
+------------------------------------+--------------------------------------------------------------+


+------------------------------------------------------------------------------------------------------------+
; Analysis & Synthesis Settings                                                                              ;
+------------------------------------------------------------------+--------------------+--------------------+
; Option                                                           ; Setting            ; Default Value      ;
+------------------------------------------------------------------+--------------------+--------------------+
; Device                                                           ; 10M50DAF484C6GES   ;                    ;
; Top-level entity name                                            ; SimpleRiscExample  ; SimpleRiscExample  ;
; Family name                                                      ; MAX 10             ; Cyclone V          ;
; Verilog Show LMF Mapping Messages                                ; Off                ;                    ;
; Verilog Version                                                  ; SystemVerilog_2005 ; Verilog_2001       ;
; Use smart compilation                                            ; Off                ; Off                ;
; Enable parallel Assembler and Timing Analyzer during compilation ; On                 ; On                 ;
; Enable compact report table                                      ; Off                ; Off                ;
; Restructure Multiplexers                                         ; Auto               ; Auto               ;
; Create Debugging Nodes for IP Cores                              ; Off                ; Off                ;
; Preserve fewer node names                                        ; On                 ; On                 ;
; Intel FPGA IP Evaluation Mode                                    ; Enable             ; Enable             ;
; VHDL Version                                                     ; VHDL_1993          ; VHDL_1993          ;
; State Machine Processing                                         ; Auto               ; Auto               ;
; Safe State Machine                                               ; Off                ; Off                ;
; Extract Verilog State Machines                                   ; On                 ; On                 ;
; Extract VHDL State Machines                                      ; On                 ; On                 ;
; Ignore Verilog initial constructs                                ; Off                ; Off                ;
; Iteration limit for constant Verilog loops                       ; 5000               ; 5000               ;
; Iteration limit for non-constant Verilog loops                   ; 250                ; 250                ;
; Add Pass-Through Logic to Inferred RAMs                          ; On                 ; On                 ;
; Infer RAMs from Raw Logic                                        ; On                 ; On                 ;
; Parallel Synthesis                                               ; On                 ; On                 ;
; DSP Block Balancing                                              ; Auto               ; Auto               ;
; NOT Gate Push-Back                                               ; On                 ; On                 ;
; Power-Up Don't Care                                              ; On                 ; On                 ;
; Remove Redundant Logic Cells                                     ; Off                ; Off                ;
; Remove Duplicate Registers                                       ; On                 ; On                 ;
; Ignore CARRY Buffers                                             ; Off                ; Off                ;
; Ignore CASCADE Buffers                                           ; Off                ; Off                ;
; Ignore GLOBAL Buffers                                            ; Off                ; Off                ;
; Ignore ROW GLOBAL Buffers                                        ; Off                ; Off                ;
; Ignore LCELL Buffers                                             ; Off                ; Off                ;
; Ignore SOFT Buffers                                              ; On                 ; On                 ;
; Limit AHDL Integers to 32 Bits                                   ; Off                ; Off                ;
; Optimization Technique                                           ; Balanced           ; Balanced           ;
; Carry Chain Length                                               ; 70                 ; 70                 ;
; Auto Carry Chains                                                ; On                 ; On                 ;
; Auto Open-Drain Pins                                             ; On                 ; On                 ;
; Perform WYSIWYG Primitive Resynthesis                            ; Off                ; Off                ;
; Auto ROM Replacement                                             ; On                 ; On                 ;
; Auto RAM Replacement                                             ; On                 ; On                 ;
; Auto DSP Block Replacement                                       ; On                 ; On                 ;
; Auto Shift Register Replacement                                  ; Auto               ; Auto               ;
; Allow Shift Register Merging across Hierarchies                  ; Auto               ; Auto               ;
; Auto Clock Enable Replacement                                    ; On                 ; On                 ;
; Strict RAM Replacement                                           ; Off                ; Off                ;
; Allow Synchronous Control Signals                                ; On                 ; On                 ;
; Force Use of Synchronous Clear Signals                           ; Off                ; Off                ;
; Auto RAM Block Balancing                                         ; On                 ; On                 ;
; Auto RAM to Logic Cell Conversion                                ; Off                ; Off                ;
; Auto Resource Sharing                                            ; Off                ; Off                ;
; Allow Any RAM Size For Recognition                               ; Off                ; Off                ;
; Allow Any ROM Size For Recognition                               ; Off                ; Off                ;
; Allow Any Shift Register Size For Recognition                    ; Off                ; Off                ;
; Use LogicLock Constraints during Resource Balancing              ; On                 ; On                 ;
; Ignore translate_off and synthesis_off directives                ; Off                ; Off                ;
; Timing-Driven Synthesis                                          ; On                 ; On                 ;
; Report Parameter Settings                                        ; On                 ; On                 ;
; Report Source Assignments                                        ; On                 ; On                 ;
; Report Connectivity Checks                                       ; On                 ; On                 ;
; Ignore Maximum Fan-Out Assignments                               ; Off                ; Off                ;
; Synchronization Register Chain Length                            ; 2                  ; 2                  ;
; Power Optimization During Synthesis                              ; Normal compilation ; Normal compilation ;
; HDL message level                                                ; Level2             ; Level2             ;
; Suppress Register Optimization Related Messages                  ; Off                ; Off                ;
; Number of Removed Registers Reported in Synthesis Report         ; 5000               ; 5000               ;
; Number of Swept Nodes Reported in Synthesis Report               ; 5000               ; 5000               ;
; Number of Inverted Registers Reported in Synthesis Report        ; 100                ; 100                ;
; Clock MUX Protection                                             ; On                 ; On                 ;
; Auto Gated Clock Conversion                                      ; Off                ; Off                ;
; Block Design Naming                                              ; Auto               ; Auto               ;
; SDC constraint protection                                        ; Off                ; Off                ;
; Synthesis Effort                                                 ; Auto               ; Auto               ;
; Shift Register Replacement - Allow Asynchronous Clear Signal     ; On                 ; On                 ;
; Pre-Mapping Resynthesis Optimization                             ; Off                ; Off                ;
; Analysis & Synthesis Message Level                               ; Medium             ; Medium             ;
; Disable Register Merging Across Hierarchies                      ; Auto               ; Auto               ;
; Resource Aware Inference For Block RAM                           ; On                 ; On                 ;
+------------------------------------------------------------------+--------------------+--------------------+


+------------------------------------------+
; Parallel Compilation                     ;
+----------------------------+-------------+
; Processors                 ; Number      ;
+----------------------------+-------------+
; Number detected on machine ; 16          ;
; Maximum allowed            ; 16          ;
;                            ;             ;
; Average used               ; 1.02        ;
; Maximum used               ; 16          ;
;                            ;             ;
; Usage by Processor         ; % Time Used ;
;     Processor 1            ; 100.0%      ;
;     Processor 2            ;   0.3%      ;
;     Processor 3            ;   0.2%      ;
;     Processor 4            ;   0.2%      ;
;     Processor 5            ;   0.1%      ;
;     Processor 6            ;   0.1%      ;
;     Processor 7            ;   0.1%      ;
;     Processor 8            ;   0.1%      ;
;     Processor 9            ;   0.1%      ;
;     Processors 10-16       ;   0.1%      ;
+----------------------------+-------------+


+---------------------------------------------------------------------------------------------------------------------------------------------------------------------------------------------------------------------------------------------------------------+
; Analysis & Synthesis Source Files Read                                                                                                                                                                                                                        ;
+----------------------------------------------------------+-----------------+------------------------------+-----------------------------------------------------------------------------------------------------------------------------------------+---------+
; File Name with User-Entered Path                         ; Used in Netlist ; File Type                    ; File Name with Absolute Path                                                                                                            ; Library ;
+----------------------------------------------------------+-----------------+------------------------------+-----------------------------------------------------------------------------------------------------------------------------------------+---------+
; System.v                                                 ; yes             ; User Verilog HDL File        ; C:/Users/marvi/Desktop/fpga_exercises/exercise_12/simple_riscv_example/Quartus/System.v                                                 ;         ;
; PLL/PLL.vhd                                              ; yes             ; User Wizard-Generated File   ; C:/Users/marvi/Desktop/fpga_exercises/exercise_12/simple_riscv_example/Quartus/PLL/PLL.vhd                                              ;         ;
; ApbBus.sv                                                ; yes             ; User SystemVerilog HDL File  ; C:/Users/marvi/Desktop/fpga_exercises/exercise_12/simple_riscv_example/Quartus/ApbBus.sv                                                ;         ;
; SimpleRiscExample.sv                                     ; yes             ; User SystemVerilog HDL File  ; C:/Users/marvi/Desktop/fpga_exercises/exercise_12/simple_riscv_example/Quartus/SimpleRiscExample.sv                                     ;         ;
; system.v_toplevel_core_axi_cpu_regfileplugin_regfile.bin ; yes             ; Auto-Found Unspecified File  ; C:/Users/marvi/Desktop/fpga_exercises/exercise_12/simple_riscv_example/Quartus/system.v_toplevel_core_axi_cpu_regfileplugin_regfile.bin ;         ;
; altpll.tdf                                               ; yes             ; Megafunction                 ; c:/altera_lite/25.1std/quartus/libraries/megafunctions/altpll.tdf                                                                       ;         ;
; aglobal251.inc                                           ; yes             ; Megafunction                 ; c:/altera_lite/25.1std/quartus/libraries/megafunctions/aglobal251.inc                                                                   ;         ;
; stratix_pll.inc                                          ; yes             ; Megafunction                 ; c:/altera_lite/25.1std/quartus/libraries/megafunctions/stratix_pll.inc                                                                  ;         ;
; stratixii_pll.inc                                        ; yes             ; Megafunction                 ; c:/altera_lite/25.1std/quartus/libraries/megafunctions/stratixii_pll.inc                                                                ;         ;
; cycloneii_pll.inc                                        ; yes             ; Megafunction                 ; c:/altera_lite/25.1std/quartus/libraries/megafunctions/cycloneii_pll.inc                                                                ;         ;
; db/pll_altpll.v                                          ; yes             ; Auto-Generated Megafunction  ; C:/Users/marvi/Desktop/fpga_exercises/exercise_12/simple_riscv_example/Quartus/db/pll_altpll.v                                          ;         ;
; altsyncram.tdf                                           ; yes             ; Megafunction                 ; c:/altera_lite/25.1std/quartus/libraries/megafunctions/altsyncram.tdf                                                                   ;         ;
; stratix_ram_block.inc                                    ; yes             ; Megafunction                 ; c:/altera_lite/25.1std/quartus/libraries/megafunctions/stratix_ram_block.inc                                                            ;         ;
; lpm_mux.inc                                              ; yes             ; Megafunction                 ; c:/altera_lite/25.1std/quartus/libraries/megafunctions/lpm_mux.inc                                                                      ;         ;
; lpm_decode.inc                                           ; yes             ; Megafunction                 ; c:/altera_lite/25.1std/quartus/libraries/megafunctions/lpm_decode.inc                                                                   ;         ;
; a_rdenreg.inc                                            ; yes             ; Megafunction                 ; c:/altera_lite/25.1std/quartus/libraries/megafunctions/a_rdenreg.inc                                                                    ;         ;
; altrom.inc                                               ; yes             ; Megafunction                 ; c:/altera_lite/25.1std/quartus/libraries/megafunctions/altrom.inc                                                                       ;         ;
; altram.inc                                               ; yes             ; Megafunction                 ; c:/altera_lite/25.1std/quartus/libraries/megafunctions/altram.inc                                                                       ;         ;
; altdpram.inc                                             ; yes             ; Megafunction                 ; c:/altera_lite/25.1std/quartus/libraries/megafunctions/altdpram.inc                                                                     ;         ;
; db/altsyncram_2ed1.tdf                                   ; yes             ; Auto-Generated Megafunction  ; C:/Users/marvi/Desktop/fpga_exercises/exercise_12/simple_riscv_example/Quartus/db/altsyncram_2ed1.tdf                                   ;         ;
; db/decode_f7a.tdf                                        ; yes             ; Auto-Generated Megafunction  ; C:/Users/marvi/Desktop/fpga_exercises/exercise_12/simple_riscv_example/Quartus/db/decode_f7a.tdf                                        ;         ;
; db/mux_v1b.tdf                                           ; yes             ; Auto-Generated Megafunction  ; C:/Users/marvi/Desktop/fpga_exercises/exercise_12/simple_riscv_example/Quartus/db/mux_v1b.tdf                                           ;         ;
; db/altsyncram_rdf1.tdf                                   ; yes             ; Auto-Generated Megafunction  ; C:/Users/marvi/Desktop/fpga_exercises/exercise_12/simple_riscv_example/Quartus/db/altsyncram_rdf1.tdf                                   ;         ;
; lpm_mult.tdf                                             ; yes             ; Megafunction                 ; c:/altera_lite/25.1std/quartus/libraries/megafunctions/lpm_mult.tdf                                                                     ;         ;
; lpm_add_sub.inc                                          ; yes             ; Megafunction                 ; c:/altera_lite/25.1std/quartus/libraries/megafunctions/lpm_add_sub.inc                                                                  ;         ;
; multcore.inc                                             ; yes             ; Megafunction                 ; c:/altera_lite/25.1std/quartus/libraries/megafunctions/multcore.inc                                                                     ;         ;
; bypassff.inc                                             ; yes             ; Megafunction                 ; c:/altera_lite/25.1std/quartus/libraries/megafunctions/bypassff.inc                                                                     ;         ;
; altshift.inc                                             ; yes             ; Megafunction                 ; c:/altera_lite/25.1std/quartus/libraries/megafunctions/altshift.inc                                                                     ;         ;
; db/mult_tns.tdf                                          ; yes             ; Auto-Generated Megafunction  ; C:/Users/marvi/Desktop/fpga_exercises/exercise_12/simple_riscv_example/Quartus/db/mult_tns.tdf                                          ;         ;
; db/mult_tgs.tdf                                          ; yes             ; Auto-Generated Megafunction  ; C:/Users/marvi/Desktop/fpga_exercises/exercise_12/simple_riscv_example/Quartus/db/mult_tgs.tdf                                          ;         ;
+----------------------------------------------------------+-----------------+------------------------------+-----------------------------------------------------------------------------------------------------------------------------------------+---------+


+-------------------------------------------------------------------------------------------------------------------------------------------+
; Analysis & Synthesis Resource Usage Summary                                                                                               ;
+---------------------------------------------+---------------------------------------------------------------------------------------------+
; Resource                                    ; Usage                                                                                       ;
+---------------------------------------------+---------------------------------------------------------------------------------------------+
; Estimated Total logic elements              ; 7,386                                                                                       ;
;                                             ;                                                                                             ;
; Total combinational functions               ; 4924                                                                                        ;
; Logic element usage by number of LUT inputs ;                                                                                             ;
;     -- 4 input functions                    ; 3258                                                                                        ;
;     -- 3 input functions                    ; 1057                                                                                        ;
;     -- <=2 input functions                  ; 609                                                                                         ;
;                                             ;                                                                                             ;
; Logic elements by mode                      ;                                                                                             ;
;     -- normal mode                          ; 4422                                                                                        ;
;     -- arithmetic mode                      ; 502                                                                                         ;
;                                             ;                                                                                             ;
; Total registers                             ; 3822                                                                                        ;
;     -- Dedicated logic registers            ; 3822                                                                                        ;
;     -- I/O registers                        ; 0                                                                                           ;
;                                             ;                                                                                             ;
; I/O pins                                    ; 118                                                                                         ;
; Total memory bits                           ; 1474560                                                                                     ;
;                                             ;                                                                                             ;
; Embedded Multiplier 9-bit elements          ; 8                                                                                           ;
;                                             ;                                                                                             ;
; Total PLLs                                  ; 1                                                                                           ;
;     -- PLLs                                 ; 1                                                                                           ;
;                                             ;                                                                                             ;
; Maximum fan-out node                        ; System:system|PLL:pll_1_|altpll:altpll_component|PLL_altpll:auto_generated|wire_pll1_clk[0] ;
; Maximum fan-out                             ; 3953                                                                                        ;
; Total fan-out                               ; 33324                                                                                       ;
; Average fan-out                             ; 3.61                                                                                        ;
+---------------------------------------------+---------------------------------------------------------------------------------------------+


+----------------------------------------------------------------------------------------------------------------------------------------------------------------------------------------------------------------------------------------------------------------------------------------------------------------------------------------------------------------------------------------------------------------------------------------------------------------------------+
; Analysis & Synthesis Resource Utilization by Entity                                                                                                                                                                                                                                                                                                                                                                                                                        ;
+-----------------------------------------------------------------------------------------+---------------------+---------------------------+-------------+------------+--------------+---------+-----------+------+--------------+------------+------------------------------------------------------------------------------------------------------------------------------------------------------------------------------------+-------------------------+--------------+
; Compilation Hierarchy Node                                                              ; Combinational ALUTs ; Dedicated Logic Registers ; Memory Bits ; UFM Blocks ; DSP Elements ; DSP 9x9 ; DSP 18x18 ; Pins ; Virtual Pins ; ADC blocks ; Full Hierarchy Name                                                                                                                                                                ; Entity Name             ; Library Name ;
+-----------------------------------------------------------------------------------------+---------------------+---------------------------+-------------+------------+--------------+---------+-----------+------+--------------+------------+------------------------------------------------------------------------------------------------------------------------------------------------------------------------------------+-------------------------+--------------+
; |SimpleRiscExample                                                                      ; 4924 (0)            ; 3822 (0)                  ; 1474560     ; 0          ; 8            ; 0       ; 4         ; 118  ; 0            ; 0          ; |SimpleRiscExample                                                                                                                                                                 ; SimpleRiscExample       ; work         ;
;    |ApbMultiplexer:mux|                                                                 ; 63 (63)             ; 0 (0)                     ; 0           ; 0          ; 0            ; 0       ; 0         ; 0    ; 0            ; 0          ; |SimpleRiscExample|ApbMultiplexer:mux                                                                                                                                              ; ApbMultiplexer          ; work         ;
;    |ApbRam:ram|                                                                         ; 8 (8)               ; 0 (0)                     ; 32768       ; 0          ; 0            ; 0       ; 0         ; 0    ; 0            ; 0          ; |SimpleRiscExample|ApbRam:ram                                                                                                                                                      ; ApbRam                  ; work         ;
;       |altsyncram:ram_rtl_0|                                                            ; 0 (0)               ; 0 (0)                     ; 32768       ; 0          ; 0            ; 0       ; 0         ; 0    ; 0            ; 0          ; |SimpleRiscExample|ApbRam:ram|altsyncram:ram_rtl_0                                                                                                                                 ; altsyncram              ; work         ;
;          |altsyncram_rdf1:auto_generated|                                               ; 0 (0)               ; 0 (0)                     ; 32768       ; 0          ; 0            ; 0       ; 0         ; 0    ; 0            ; 0          ; |SimpleRiscExample|ApbRam:ram|altsyncram:ram_rtl_0|altsyncram_rdf1:auto_generated                                                                                                  ; altsyncram_rdf1         ; work         ;
;    |ApbReadRegister:readReg|                                                            ; 2 (2)               ; 11 (11)                   ; 0           ; 0          ; 0            ; 0       ; 0         ; 0    ; 0            ; 0          ; |SimpleRiscExample|ApbReadRegister:readReg                                                                                                                                         ; ApbReadRegister         ; work         ;
;    |ApbWriteRegister:writeReg1|                                                         ; 2 (2)               ; 32 (32)                   ; 0           ; 0          ; 0            ; 0       ; 0         ; 0    ; 0            ; 0          ; |SimpleRiscExample|ApbWriteRegister:writeReg1                                                                                                                                      ; ApbWriteRegister        ; work         ;
;    |ApbWriteRegister:writeReg2|                                                         ; 2 (2)               ; 32 (32)                   ; 0           ; 0          ; 0            ; 0       ; 0         ; 0    ; 0            ; 0          ; |SimpleRiscExample|ApbWriteRegister:writeReg2                                                                                                                                      ; ApbWriteRegister        ; work         ;
;    |System:system|                                                                      ; 4847 (0)            ; 3747 (0)                  ; 1441792     ; 0          ; 8            ; 0       ; 4         ; 0    ; 0            ; 0          ; |SimpleRiscExample|System:system                                                                                                                                                   ; System                  ; work         ;
;       |PLL:pll_1_|                                                                      ; 0 (0)               ; 0 (0)                     ; 0           ; 0          ; 0            ; 0       ; 0         ; 0    ; 0            ; 0          ; |SimpleRiscExample|System:system|PLL:pll_1_                                                                                                                                        ; PLL                     ; work         ;
;          |altpll:altpll_component|                                                      ; 0 (0)               ; 0 (0)                     ; 0           ; 0          ; 0            ; 0       ; 0         ; 0    ; 0            ; 0          ; |SimpleRiscExample|System:system|PLL:pll_1_|altpll:altpll_component                                                                                                                ; altpll                  ; work         ;
;             |PLL_altpll:auto_generated|                                                 ; 0 (0)               ; 0 (0)                     ; 0           ; 0          ; 0            ; 0       ; 0         ; 0    ; 0            ; 0          ; |SimpleRiscExample|System:system|PLL:pll_1_|altpll:altpll_component|PLL_altpll:auto_generated                                                                                      ; PLL_altpll              ; work         ;
;       |VexRISCVSoftcore:core|                                                           ; 4847 (178)          ; 3747 (296)                ; 1441792     ; 0          ; 8            ; 0       ; 4         ; 0    ; 0            ; 0          ; |SimpleRiscExample|System:system|VexRISCVSoftcore:core                                                                                                                             ; VexRISCVSoftcore        ; work         ;
;          |Apb3Decoder:io_apb_decoder|                                                   ; 10 (10)             ; 0 (0)                     ; 0           ; 0          ; 0            ; 0       ; 0         ; 0    ; 0            ; 0          ; |SimpleRiscExample|System:system|VexRISCVSoftcore:core|Apb3Decoder:io_apb_decoder                                                                                                  ; Apb3Decoder             ; work         ;
;          |Apb3Router:apb3Router_1_|                                                     ; 156 (156)           ; 2 (2)                     ; 0           ; 0          ; 0            ; 0       ; 0         ; 0    ; 0            ; 0          ; |SimpleRiscExample|System:system|VexRISCVSoftcore:core|Apb3Router:apb3Router_1_                                                                                                    ; Apb3Router              ; work         ;
;          |Apb3UartCtrl:axi_uartCtrl|                                                    ; 421 (33)            ; 394 (33)                  ; 0           ; 0          ; 0            ; 0       ; 0         ; 0    ; 0            ; 0          ; |SimpleRiscExample|System:system|VexRISCVSoftcore:core|Apb3UartCtrl:axi_uartCtrl                                                                                                   ; Apb3UartCtrl            ; work         ;
;             |StreamFifo:bridge_write_streamUnbuffered_queueWithOccupancy|               ; 135 (135)           ; 146 (146)                 ; 0           ; 0          ; 0            ; 0       ; 0         ; 0    ; 0            ; 0          ; |SimpleRiscExample|System:system|VexRISCVSoftcore:core|Apb3UartCtrl:axi_uartCtrl|StreamFifo:bridge_write_streamUnbuffered_queueWithOccupancy                                       ; StreamFifo              ; work         ;
;             |StreamFifo:uartCtrl_1__io_read_queueWithOccupancy|                         ; 136 (136)           ; 146 (146)                 ; 0           ; 0          ; 0            ; 0       ; 0         ; 0    ; 0            ; 0          ; |SimpleRiscExample|System:system|VexRISCVSoftcore:core|Apb3UartCtrl:axi_uartCtrl|StreamFifo:uartCtrl_1__io_read_queueWithOccupancy                                                 ; StreamFifo              ; work         ;
;             |UartCtrl:uartCtrl_1_|                                                      ; 117 (27)            ; 69 (20)                   ; 0           ; 0          ; 0            ; 0       ; 0         ; 0    ; 0            ; 0          ; |SimpleRiscExample|System:system|VexRISCVSoftcore:core|Apb3UartCtrl:axi_uartCtrl|UartCtrl:uartCtrl_1_                                                                              ; UartCtrl                ; work         ;
;                |UartCtrlRx:rx|                                                          ; 60 (60)             ; 36 (34)                   ; 0           ; 0          ; 0            ; 0       ; 0         ; 0    ; 0            ; 0          ; |SimpleRiscExample|System:system|VexRISCVSoftcore:core|Apb3UartCtrl:axi_uartCtrl|UartCtrl:uartCtrl_1_|UartCtrlRx:rx                                                                ; UartCtrlRx              ; work         ;
;                   |BufferCC:io_rxd_buffercc|                                            ; 0 (0)               ; 2 (2)                     ; 0           ; 0          ; 0            ; 0       ; 0         ; 0    ; 0            ; 0          ; |SimpleRiscExample|System:system|VexRISCVSoftcore:core|Apb3UartCtrl:axi_uartCtrl|UartCtrl:uartCtrl_1_|UartCtrlRx:rx|BufferCC:io_rxd_buffercc                                       ; BufferCC                ; work         ;
;                |UartCtrlTx:tx|                                                          ; 30 (30)             ; 13 (13)                   ; 0           ; 0          ; 0            ; 0       ; 0         ; 0    ; 0            ; 0          ; |SimpleRiscExample|System:system|VexRISCVSoftcore:core|Apb3UartCtrl:axi_uartCtrl|UartCtrl:uartCtrl_1_|UartCtrlTx:tx                                                                ; UartCtrlTx              ; work         ;
;          |Axi4ReadOnlyDecoder:axi4ReadOnlyDecoder_1_|                                   ; 72 (57)             ; 15 (6)                    ; 0           ; 0          ; 0            ; 0       ; 0         ; 0    ; 0            ; 0          ; |SimpleRiscExample|System:system|VexRISCVSoftcore:core|Axi4ReadOnlyDecoder:axi4ReadOnlyDecoder_1_                                                                                  ; Axi4ReadOnlyDecoder     ; work         ;
;             |Axi4ReadOnlyErrorSlave:errorSlave|                                         ; 15 (15)             ; 9 (9)                     ; 0           ; 0          ; 0            ; 0       ; 0         ; 0    ; 0            ; 0          ; |SimpleRiscExample|System:system|VexRISCVSoftcore:core|Axi4ReadOnlyDecoder:axi4ReadOnlyDecoder_1_|Axi4ReadOnlyErrorSlave:errorSlave                                                ; Axi4ReadOnlyErrorSlave  ; work         ;
;          |Axi4SharedArbiter:axi_ram_io_axi_arbiter|                                     ; 32 (2)              ; 10 (0)                    ; 0           ; 0          ; 0            ; 0       ; 0         ; 0    ; 0            ; 0          ; |SimpleRiscExample|System:system|VexRISCVSoftcore:core|Axi4SharedArbiter:axi_ram_io_axi_arbiter                                                                                    ; Axi4SharedArbiter       ; work         ;
;             |StreamArbiter:cmdArbiter|                                                  ; 13 (13)             ; 3 (3)                     ; 0           ; 0          ; 0            ; 0       ; 0         ; 0    ; 0            ; 0          ; |SimpleRiscExample|System:system|VexRISCVSoftcore:core|Axi4SharedArbiter:axi_ram_io_axi_arbiter|StreamArbiter:cmdArbiter                                                           ; StreamArbiter           ; work         ;
;             |StreamFifoLowLatency_2_:streamFork_4__io_outputs_1_thrown_translated_fifo| ; 11 (11)             ; 5 (5)                     ; 0           ; 0          ; 0            ; 0       ; 0         ; 0    ; 0            ; 0          ; |SimpleRiscExample|System:system|VexRISCVSoftcore:core|Axi4SharedArbiter:axi_ram_io_axi_arbiter|StreamFifoLowLatency_2_:streamFork_4__io_outputs_1_thrown_translated_fifo          ; StreamFifoLowLatency_2_ ; work         ;
;             |StreamFork:streamFork_4_|                                                  ; 6 (6)               ; 2 (2)                     ; 0           ; 0          ; 0            ; 0       ; 0         ; 0    ; 0            ; 0          ; |SimpleRiscExample|System:system|VexRISCVSoftcore:core|Axi4SharedArbiter:axi_ram_io_axi_arbiter|StreamFork:streamFork_4_                                                           ; StreamFork              ; work         ;
;          |Axi4SharedArbiter_1_:axi_sdramCtrl_io_axi_arbiter|                            ; 29 (2)              ; 10 (0)                    ; 0           ; 0          ; 0            ; 0       ; 0         ; 0    ; 0            ; 0          ; |SimpleRiscExample|System:system|VexRISCVSoftcore:core|Axi4SharedArbiter_1_:axi_sdramCtrl_io_axi_arbiter                                                                           ; Axi4SharedArbiter_1_    ; work         ;
;             |StreamArbiter_1_:cmdArbiter|                                               ; 12 (12)             ; 3 (3)                     ; 0           ; 0          ; 0            ; 0       ; 0         ; 0    ; 0            ; 0          ; |SimpleRiscExample|System:system|VexRISCVSoftcore:core|Axi4SharedArbiter_1_:axi_sdramCtrl_io_axi_arbiter|StreamArbiter_1_:cmdArbiter                                               ; StreamArbiter_1_        ; work         ;
;             |StreamFifoLowLatency_2_:streamFork_4__io_outputs_1_thrown_translated_fifo| ; 9 (9)               ; 5 (5)                     ; 0           ; 0          ; 0            ; 0       ; 0         ; 0    ; 0            ; 0          ; |SimpleRiscExample|System:system|VexRISCVSoftcore:core|Axi4SharedArbiter_1_:axi_sdramCtrl_io_axi_arbiter|StreamFifoLowLatency_2_:streamFork_4__io_outputs_1_thrown_translated_fifo ; StreamFifoLowLatency_2_ ; work         ;
;             |StreamFork_1_:streamFork_4_|                                               ; 6 (6)               ; 2 (2)                     ; 0           ; 0          ; 0            ; 0       ; 0         ; 0    ; 0            ; 0          ; |SimpleRiscExample|System:system|VexRISCVSoftcore:core|Axi4SharedArbiter_1_:axi_sdramCtrl_io_axi_arbiter|StreamFork_1_:streamFork_4_                                               ; StreamFork_1_           ; work         ;
;          |Axi4SharedArbiter_2_:axi_apbBridge_io_axi_arbiter|                            ; 16 (1)              ; 7 (0)                     ; 0           ; 0          ; 0            ; 0       ; 0         ; 0    ; 0            ; 0          ; |SimpleRiscExample|System:system|VexRISCVSoftcore:core|Axi4SharedArbiter_2_:axi_apbBridge_io_axi_arbiter                                                                           ; Axi4SharedArbiter_2_    ; work         ;
;             |StreamFifoLowLatency_2_:streamFork_4__io_outputs_1_thrown_translated_fifo| ; 10 (10)             ; 5 (5)                     ; 0           ; 0          ; 0            ; 0       ; 0         ; 0    ; 0            ; 0          ; |SimpleRiscExample|System:system|VexRISCVSoftcore:core|Axi4SharedArbiter_2_:axi_apbBridge_io_axi_arbiter|StreamFifoLowLatency_2_:streamFork_4__io_outputs_1_thrown_translated_fifo ; StreamFifoLowLatency_2_ ; work         ;
;             |StreamFork_2_:streamFork_4_|                                               ; 5 (5)               ; 2 (2)                     ; 0           ; 0          ; 0            ; 0       ; 0         ; 0    ; 0            ; 0          ; |SimpleRiscExample|System:system|VexRISCVSoftcore:core|Axi4SharedArbiter_2_:axi_apbBridge_io_axi_arbiter|StreamFork_2_:streamFork_4_                                               ; StreamFork_2_           ; work         ;
;          |Axi4SharedDecoder:axi4SharedDecoder_1_|                                       ; 104 (83)            ; 22 (11)                   ; 0           ; 0          ; 0            ; 0       ; 0         ; 0    ; 0            ; 0          ; |SimpleRiscExample|System:system|VexRISCVSoftcore:core|Axi4SharedDecoder:axi4SharedDecoder_1_                                                                                      ; Axi4SharedDecoder       ; work         ;
;             |Axi4SharedErrorSlave:errorSlave|                                           ; 21 (21)             ; 11 (11)                   ; 0           ; 0          ; 0            ; 0       ; 0         ; 0    ; 0            ; 0          ; |SimpleRiscExample|System:system|VexRISCVSoftcore:core|Axi4SharedDecoder:axi4SharedDecoder_1_|Axi4SharedErrorSlave:errorSlave                                                      ; Axi4SharedErrorSlave    ; work         ;
;          |Axi4SharedOnChipRam:axi_ram|                                                  ; 152 (1)             ; 15 (3)                    ; 1441792     ; 0          ; 0            ; 0       ; 0         ; 0    ; 0            ; 0          ; |SimpleRiscExample|System:system|VexRISCVSoftcore:core|Axi4SharedOnChipRam:axi_ram                                                                                                 ; Axi4SharedOnChipRam     ; work         ;
;             |altsyncram:ram_symbol0_rtl_0|                                              ; 31 (0)              ; 3 (0)                     ; 360448      ; 0          ; 0            ; 0       ; 0         ; 0    ; 0            ; 0          ; |SimpleRiscExample|System:system|VexRISCVSoftcore:core|Axi4SharedOnChipRam:axi_ram|altsyncram:ram_symbol0_rtl_0                                                                    ; altsyncram              ; work         ;
;                |altsyncram_2ed1:auto_generated|                                         ; 31 (0)              ; 3 (3)                     ; 360448      ; 0          ; 0            ; 0       ; 0         ; 0    ; 0            ; 0          ; |SimpleRiscExample|System:system|VexRISCVSoftcore:core|Axi4SharedOnChipRam:axi_ram|altsyncram:ram_symbol0_rtl_0|altsyncram_2ed1:auto_generated                                     ; altsyncram_2ed1         ; work         ;
;                   |decode_f7a:decode2|                                                  ; 6 (6)               ; 0 (0)                     ; 0           ; 0          ; 0            ; 0       ; 0         ; 0    ; 0            ; 0          ; |SimpleRiscExample|System:system|VexRISCVSoftcore:core|Axi4SharedOnChipRam:axi_ram|altsyncram:ram_symbol0_rtl_0|altsyncram_2ed1:auto_generated|decode_f7a:decode2                  ; decode_f7a              ; work         ;
;                   |mux_v1b:mux3|                                                        ; 25 (25)             ; 0 (0)                     ; 0           ; 0          ; 0            ; 0       ; 0         ; 0    ; 0            ; 0          ; |SimpleRiscExample|System:system|VexRISCVSoftcore:core|Axi4SharedOnChipRam:axi_ram|altsyncram:ram_symbol0_rtl_0|altsyncram_2ed1:auto_generated|mux_v1b:mux3                        ; mux_v1b                 ; work         ;
;             |altsyncram:ram_symbol1_rtl_0|                                              ; 42 (0)              ; 3 (0)                     ; 360448      ; 0          ; 0            ; 0       ; 0         ; 0    ; 0            ; 0          ; |SimpleRiscExample|System:system|VexRISCVSoftcore:core|Axi4SharedOnChipRam:axi_ram|altsyncram:ram_symbol1_rtl_0                                                                    ; altsyncram              ; work         ;
;                |altsyncram_2ed1:auto_generated|                                         ; 42 (0)              ; 3 (3)                     ; 360448      ; 0          ; 0            ; 0       ; 0         ; 0    ; 0            ; 0          ; |SimpleRiscExample|System:system|VexRISCVSoftcore:core|Axi4SharedOnChipRam:axi_ram|altsyncram:ram_symbol1_rtl_0|altsyncram_2ed1:auto_generated                                     ; altsyncram_2ed1         ; work         ;
;                   |decode_f7a:decode2|                                                  ; 9 (9)               ; 0 (0)                     ; 0           ; 0          ; 0            ; 0       ; 0         ; 0    ; 0            ; 0          ; |SimpleRiscExample|System:system|VexRISCVSoftcore:core|Axi4SharedOnChipRam:axi_ram|altsyncram:ram_symbol1_rtl_0|altsyncram_2ed1:auto_generated|decode_f7a:decode2                  ; decode_f7a              ; work         ;
;                   |mux_v1b:mux3|                                                        ; 33 (33)             ; 0 (0)                     ; 0           ; 0          ; 0            ; 0       ; 0         ; 0    ; 0            ; 0          ; |SimpleRiscExample|System:system|VexRISCVSoftcore:core|Axi4SharedOnChipRam:axi_ram|altsyncram:ram_symbol1_rtl_0|altsyncram_2ed1:auto_generated|mux_v1b:mux3                        ; mux_v1b                 ; work         ;
;             |altsyncram:ram_symbol2_rtl_0|                                              ; 39 (0)              ; 3 (0)                     ; 360448      ; 0          ; 0            ; 0       ; 0         ; 0    ; 0            ; 0          ; |SimpleRiscExample|System:system|VexRISCVSoftcore:core|Axi4SharedOnChipRam:axi_ram|altsyncram:ram_symbol2_rtl_0                                                                    ; altsyncram              ; work         ;
;                |altsyncram_2ed1:auto_generated|                                         ; 39 (0)              ; 3 (3)                     ; 360448      ; 0          ; 0            ; 0       ; 0         ; 0    ; 0            ; 0          ; |SimpleRiscExample|System:system|VexRISCVSoftcore:core|Axi4SharedOnChipRam:axi_ram|altsyncram:ram_symbol2_rtl_0|altsyncram_2ed1:auto_generated                                     ; altsyncram_2ed1         ; work         ;
;                   |decode_f7a:decode2|                                                  ; 6 (6)               ; 0 (0)                     ; 0           ; 0          ; 0            ; 0       ; 0         ; 0    ; 0            ; 0          ; |SimpleRiscExample|System:system|VexRISCVSoftcore:core|Axi4SharedOnChipRam:axi_ram|altsyncram:ram_symbol2_rtl_0|altsyncram_2ed1:auto_generated|decode_f7a:decode2                  ; decode_f7a              ; work         ;
;                   |mux_v1b:mux3|                                                        ; 33 (33)             ; 0 (0)                     ; 0           ; 0          ; 0            ; 0       ; 0         ; 0    ; 0            ; 0          ; |SimpleRiscExample|System:system|VexRISCVSoftcore:core|Axi4SharedOnChipRam:axi_ram|altsyncram:ram_symbol2_rtl_0|altsyncram_2ed1:auto_generated|mux_v1b:mux3                        ; mux_v1b                 ; work         ;
;             |altsyncram:ram_symbol3_rtl_0|                                              ; 39 (0)              ; 3 (0)                     ; 360448      ; 0          ; 0            ; 0       ; 0         ; 0    ; 0            ; 0          ; |SimpleRiscExample|System:system|VexRISCVSoftcore:core|Axi4SharedOnChipRam:axi_ram|altsyncram:ram_symbol3_rtl_0                                                                    ; altsyncram              ; work         ;
;                |altsyncram_2ed1:auto_generated|                                         ; 39 (0)              ; 3 (3)                     ; 360448      ; 0          ; 0            ; 0       ; 0         ; 0    ; 0            ; 0          ; |SimpleRiscExample|System:system|VexRISCVSoftcore:core|Axi4SharedOnChipRam:axi_ram|altsyncram:ram_symbol3_rtl_0|altsyncram_2ed1:auto_generated                                     ; altsyncram_2ed1         ; work         ;
;                   |decode_f7a:decode2|                                                  ; 6 (6)               ; 0 (0)                     ; 0           ; 0          ; 0            ; 0       ; 0         ; 0    ; 0            ; 0          ; |SimpleRiscExample|System:system|VexRISCVSoftcore:core|Axi4SharedOnChipRam:axi_ram|altsyncram:ram_symbol3_rtl_0|altsyncram_2ed1:auto_generated|decode_f7a:decode2                  ; decode_f7a              ; work         ;
;                   |mux_v1b:mux3|                                                        ; 33 (33)             ; 0 (0)                     ; 0           ; 0          ; 0            ; 0       ; 0         ; 0    ; 0            ; 0          ; |SimpleRiscExample|System:system|VexRISCVSoftcore:core|Axi4SharedOnChipRam:axi_ram|altsyncram:ram_symbol3_rtl_0|altsyncram_2ed1:auto_generated|mux_v1b:mux3                        ; mux_v1b                 ; work         ;
;          |Axi4SharedSdramCtrl:axi_sdramCtrl|                                            ; 296 (19)            ; 259 (18)                  ; 0           ; 0          ; 0            ; 0       ; 0         ; 0    ; 0            ; 0          ; |SimpleRiscExample|System:system|VexRISCVSoftcore:core|Axi4SharedSdramCtrl:axi_sdramCtrl                                                                                           ; Axi4SharedSdramCtrl     ; work         ;
;             |SdramCtrl:ctrl|                                                            ; 277 (238)           ; 241 (205)                 ; 0           ; 0          ; 0            ; 0       ; 0         ; 0    ; 0            ; 0          ; |SimpleRiscExample|System:system|VexRISCVSoftcore:core|Axi4SharedSdramCtrl:axi_sdramCtrl|SdramCtrl:ctrl                                                                            ; SdramCtrl               ; work         ;
;                |StreamFifoLowLatency:chip_backupIn_fifo|                                ; 39 (39)             ; 36 (36)                   ; 0           ; 0          ; 0            ; 0       ; 0         ; 0    ; 0            ; 0          ; |SimpleRiscExample|System:system|VexRISCVSoftcore:core|Axi4SharedSdramCtrl:axi_sdramCtrl|SdramCtrl:ctrl|StreamFifoLowLatency:chip_backupIn_fifo                                    ; StreamFifoLowLatency    ; work         ;
;          |Axi4SharedToApb3Bridge:axi_apbBridge|                                         ; 37 (37)             ; 36 (36)                   ; 0           ; 0          ; 0            ; 0       ; 0         ; 0    ; 0            ; 0          ; |SimpleRiscExample|System:system|VexRISCVSoftcore:core|Axi4SharedToApb3Bridge:axi_apbBridge                                                                                        ; Axi4SharedToApb3Bridge  ; work         ;
;          |BufferCC_3_:io_asyncReset_buffercc|                                           ; 1 (1)               ; 2 (2)                     ; 0           ; 0          ; 0            ; 0       ; 0         ; 0    ; 0            ; 0          ; |SimpleRiscExample|System:system|VexRISCVSoftcore:core|BufferCC_3_:io_asyncReset_buffercc                                                                                          ; BufferCC_3_             ; work         ;
;          |BufferCC_4_:axi_externalInterrupt_buffercc|                                   ; 0 (0)               ; 2 (2)                     ; 0           ; 0          ; 0            ; 0       ; 0         ; 0    ; 0            ; 0          ; |SimpleRiscExample|System:system|VexRISCVSoftcore:core|BufferCC_4_:axi_externalInterrupt_buffercc                                                                                  ; BufferCC_4_             ; work         ;
;          |JtagBridge:jtagBridge_1_|                                                     ; 106 (104)           ; 134 (125)                 ; 0           ; 0          ; 0            ; 0       ; 0         ; 0    ; 0            ; 0          ; |SimpleRiscExample|System:system|VexRISCVSoftcore:core|JtagBridge:jtagBridge_1_                                                                                                    ; JtagBridge              ; work         ;
;             |FlowCCByToggle:flowCCByToggle_1_|                                          ; 2 (2)               ; 9 (7)                     ; 0           ; 0          ; 0            ; 0       ; 0         ; 0    ; 0            ; 0          ; |SimpleRiscExample|System:system|VexRISCVSoftcore:core|JtagBridge:jtagBridge_1_|FlowCCByToggle:flowCCByToggle_1_                                                                   ; FlowCCByToggle          ; work         ;
;                |BufferCC_1_:inputArea_target_buffercc|                                  ; 0 (0)               ; 2 (2)                     ; 0           ; 0          ; 0            ; 0       ; 0         ; 0    ; 0            ; 0          ; |SimpleRiscExample|System:system|VexRISCVSoftcore:core|JtagBridge:jtagBridge_1_|FlowCCByToggle:flowCCByToggle_1_|BufferCC_1_:inputArea_target_buffercc                             ; BufferCC_1_             ; work         ;
;          |PinsecTimerCtrl:axi_timerCtrl|                                                ; 286 (110)           ; 222 (118)                 ; 0           ; 0          ; 0            ; 0       ; 0         ; 0    ; 0            ; 0          ; |SimpleRiscExample|System:system|VexRISCVSoftcore:core|PinsecTimerCtrl:axi_timerCtrl                                                                                               ; PinsecTimerCtrl         ; work         ;
;             |InterruptCtrl:interruptCtrl_1_|                                            ; 4 (4)               ; 4 (4)                     ; 0           ; 0          ; 0            ; 0       ; 0         ; 0    ; 0            ; 0          ; |SimpleRiscExample|System:system|VexRISCVSoftcore:core|PinsecTimerCtrl:axi_timerCtrl|InterruptCtrl:interruptCtrl_1_                                                                ; InterruptCtrl           ; work         ;
;             |Prescaler:prescaler_1_|                                                    ; 28 (28)             ; 16 (16)                   ; 0           ; 0          ; 0            ; 0       ; 0         ; 0    ; 0            ; 0          ; |SimpleRiscExample|System:system|VexRISCVSoftcore:core|PinsecTimerCtrl:axi_timerCtrl|Prescaler:prescaler_1_                                                                        ; Prescaler               ; work         ;
;             |Timer:timerA|                                                              ; 57 (57)             ; 33 (33)                   ; 0           ; 0          ; 0            ; 0       ; 0         ; 0    ; 0            ; 0          ; |SimpleRiscExample|System:system|VexRISCVSoftcore:core|PinsecTimerCtrl:axi_timerCtrl|Timer:timerA                                                                                  ; Timer                   ; work         ;
;             |Timer_1_:timerB|                                                           ; 29 (29)             ; 17 (17)                   ; 0           ; 0          ; 0            ; 0       ; 0         ; 0    ; 0            ; 0          ; |SimpleRiscExample|System:system|VexRISCVSoftcore:core|PinsecTimerCtrl:axi_timerCtrl|Timer_1_:timerB                                                                               ; Timer_1_                ; work         ;
;             |Timer_1_:timerC|                                                           ; 29 (29)             ; 17 (17)                   ; 0           ; 0          ; 0            ; 0       ; 0         ; 0    ; 0            ; 0          ; |SimpleRiscExample|System:system|VexRISCVSoftcore:core|PinsecTimerCtrl:axi_timerCtrl|Timer_1_:timerC                                                                               ; Timer_1_                ; work         ;
;             |Timer_1_:timerD|                                                           ; 29 (29)             ; 17 (17)                   ; 0           ; 0          ; 0            ; 0       ; 0         ; 0    ; 0            ; 0          ; |SimpleRiscExample|System:system|VexRISCVSoftcore:core|PinsecTimerCtrl:axi_timerCtrl|Timer_1_:timerD                                                                               ; Timer_1_                ; work         ;
;          |StreamFork_3_:streamFork_4_|                                                  ; 7 (7)               ; 2 (2)                     ; 0           ; 0          ; 0            ; 0       ; 0         ; 0    ; 0            ; 0          ; |SimpleRiscExample|System:system|VexRISCVSoftcore:core|StreamFork_3_:streamFork_4_                                                                                                 ; StreamFork_3_           ; work         ;
;          |SystemDebugger:systemDebugger_1_|                                             ; 15 (15)             ; 78 (78)                   ; 0           ; 0          ; 0            ; 0       ; 0         ; 0    ; 0            ; 0          ; |SimpleRiscExample|System:system|VexRISCVSoftcore:core|SystemDebugger:systemDebugger_1_                                                                                            ; SystemDebugger          ; work         ;
;          |VexRiscv:axi_cpu|                                                             ; 2929 (2923)         ; 2241 (2210)               ; 0           ; 0          ; 8            ; 0       ; 4         ; 0    ; 0            ; 0          ; |SimpleRiscExample|System:system|VexRISCVSoftcore:core|VexRiscv:axi_cpu                                                                                                            ; VexRiscv                ; work         ;
;             |StreamFifoLowLatency_1_:IBusSimplePlugin_rspJoin_rspBuffer_c|              ; 6 (6)               ; 31 (31)                   ; 0           ; 0          ; 0            ; 0       ; 0         ; 0    ; 0            ; 0          ; |SimpleRiscExample|System:system|VexRISCVSoftcore:core|VexRiscv:axi_cpu|StreamFifoLowLatency_1_:IBusSimplePlugin_rspJoin_rspBuffer_c                                               ; StreamFifoLowLatency_1_ ; work         ;
;             |lpm_mult:Mult0|                                                            ; 0 (0)               ; 0 (0)                     ; 0           ; 0          ; 2            ; 0       ; 1         ; 0    ; 0            ; 0          ; |SimpleRiscExample|System:system|VexRISCVSoftcore:core|VexRiscv:axi_cpu|lpm_mult:Mult0                                                                                             ; lpm_mult                ; work         ;
;                |mult_tgs:auto_generated|                                                ; 0 (0)               ; 0 (0)                     ; 0           ; 0          ; 2            ; 0       ; 1         ; 0    ; 0            ; 0          ; |SimpleRiscExample|System:system|VexRISCVSoftcore:core|VexRiscv:axi_cpu|lpm_mult:Mult0|mult_tgs:auto_generated                                                                     ; mult_tgs                ; work         ;
;             |lpm_mult:Mult1|                                                            ; 0 (0)               ; 0 (0)                     ; 0           ; 0          ; 2            ; 0       ; 1         ; 0    ; 0            ; 0          ; |SimpleRiscExample|System:system|VexRISCVSoftcore:core|VexRiscv:axi_cpu|lpm_mult:Mult1                                                                                             ; lpm_mult                ; work         ;
;                |mult_tns:auto_generated|                                                ; 0 (0)               ; 0 (0)                     ; 0           ; 0          ; 2            ; 0       ; 1         ; 0    ; 0            ; 0          ; |SimpleRiscExample|System:system|VexRISCVSoftcore:core|VexRiscv:axi_cpu|lpm_mult:Mult1|mult_tns:auto_generated                                                                     ; mult_tns                ; work         ;
;             |lpm_mult:Mult2|                                                            ; 0 (0)               ; 0 (0)                     ; 0           ; 0          ; 2            ; 0       ; 1         ; 0    ; 0            ; 0          ; |SimpleRiscExample|System:system|VexRISCVSoftcore:core|VexRiscv:axi_cpu|lpm_mult:Mult2                                                                                             ; lpm_mult                ; work         ;
;                |mult_tgs:auto_generated|                                                ; 0 (0)               ; 0 (0)                     ; 0           ; 0          ; 2            ; 0       ; 1         ; 0    ; 0            ; 0          ; |SimpleRiscExample|System:system|VexRISCVSoftcore:core|VexRiscv:axi_cpu|lpm_mult:Mult2|mult_tgs:auto_generated                                                                     ; mult_tgs                ; work         ;
;             |lpm_mult:Mult3|                                                            ; 0 (0)               ; 0 (0)                     ; 0           ; 0          ; 2            ; 0       ; 1         ; 0    ; 0            ; 0          ; |SimpleRiscExample|System:system|VexRISCVSoftcore:core|VexRiscv:axi_cpu|lpm_mult:Mult3                                                                                             ; lpm_mult                ; work         ;
;                |mult_tgs:auto_generated|                                                ; 0 (0)               ; 0 (0)                     ; 0           ; 0          ; 2            ; 0       ; 1         ; 0    ; 0            ; 0          ; |SimpleRiscExample|System:system|VexRISCVSoftcore:core|VexRiscv:axi_cpu|lpm_mult:Mult3|mult_tgs:auto_generated                                                                     ; mult_tgs                ; work         ;
+-----------------------------------------------------------------------------------------+---------------------+---------------------------+-------------+------------+--------------+---------+-----------+------+--------------+------------+------------------------------------------------------------------------------------------------------------------------------------------------------------------------------------+-------------------------+--------------+
Note: For table entries with two numbers listed, the numbers in parentheses indicate the number of resources of the given type used by the specific entity alone. The numbers listed outside of parentheses indicate the total resources of the given type used by the specific entity and all of its sub-entities in the hierarchy.


+----------------------------------------------------------------------------------------------------------------------------------------------------------------------------------------------------------------------------------------------+
; Analysis & Synthesis RAM Summary                                                                                                                                                                                                             ;
+----------------------------------------------------------------------------------------------------------------------------------------+------+------------------+--------------+--------------+--------------+--------------+--------+------+
; Name                                                                                                                                   ; Type ; Mode             ; Port A Depth ; Port A Width ; Port B Depth ; Port B Width ; Size   ; MIF  ;
+----------------------------------------------------------------------------------------------------------------------------------------+------+------------------+--------------+--------------+--------------+--------------+--------+------+
; ApbRam:ram|altsyncram:ram_rtl_0|altsyncram_rdf1:auto_generated|ALTSYNCRAM                                                              ; AUTO ; Simple Dual Port ; 1024         ; 32           ; 1024         ; 32           ; 32768  ; None ;
; System:system|VexRISCVSoftcore:core|Axi4SharedOnChipRam:axi_ram|altsyncram:ram_symbol0_rtl_0|altsyncram_2ed1:auto_generated|ALTSYNCRAM ; AUTO ; Simple Dual Port ; 45056        ; 8            ; 45056        ; 8            ; 360448 ; None ;
; System:system|VexRISCVSoftcore:core|Axi4SharedOnChipRam:axi_ram|altsyncram:ram_symbol1_rtl_0|altsyncram_2ed1:auto_generated|ALTSYNCRAM ; AUTO ; Simple Dual Port ; 45056        ; 8            ; 45056        ; 8            ; 360448 ; None ;
; System:system|VexRISCVSoftcore:core|Axi4SharedOnChipRam:axi_ram|altsyncram:ram_symbol2_rtl_0|altsyncram_2ed1:auto_generated|ALTSYNCRAM ; AUTO ; Simple Dual Port ; 45056        ; 8            ; 45056        ; 8            ; 360448 ; None ;
; System:system|VexRISCVSoftcore:core|Axi4SharedOnChipRam:axi_ram|altsyncram:ram_symbol3_rtl_0|altsyncram_2ed1:auto_generated|ALTSYNCRAM ; AUTO ; Simple Dual Port ; 45056        ; 8            ; 45056        ; 8            ; 360448 ; None ;
+----------------------------------------------------------------------------------------------------------------------------------------+------+------------------+--------------+--------------+--------------+--------------+--------+------+


+-----------------------------------------------------+
; Analysis & Synthesis DSP Block Usage Summary        ;
+---------------------------------------+-------------+
; Statistic                             ; Number Used ;
+---------------------------------------+-------------+
; Simple Multipliers (9-bit)            ; 0           ;
; Simple Multipliers (18-bit)           ; 4           ;
; Embedded Multiplier Blocks            ; --          ;
; Embedded Multiplier 9-bit elements    ; 8           ;
; Signed Embedded Multipliers           ; 3           ;
; Unsigned Embedded Multipliers         ; 1           ;
; Mixed Sign Embedded Multipliers       ; 0           ;
; Variable Sign Embedded Multipliers    ; 0           ;
; Dedicated Input Shift Register Chains ; 0           ;
+---------------------------------------+-------------+
Note: number of Embedded Multiplier Blocks used is only available after a successful fit.


+-------------------------------------------------------------------------------------------------------------------------------+
; Analysis & Synthesis IP Cores Summary                                                                                         ;
+--------+--------------+---------+--------------+--------------+---------------------------------------------+-----------------+
; Vendor ; IP Core Name ; Version ; Release Date ; License Type ; Entity Instance                             ; IP Include File ;
+--------+--------------+---------+--------------+--------------+---------------------------------------------+-----------------+
; Altera ; ALTPLL       ; 20.1    ; N/A          ; N/A          ; |SimpleRiscExample|System:system|PLL:pll_1_ ; PLL/PLL.vhd     ;
+--------+--------------+---------+--------------+--------------+---------------------------------------------+-----------------+


Encoding Type:  One-Hot
+------------------------------------------------------------------+
; State Machine - |SimpleRiscExample|ApbReadRegister:readReg|state ;
+--------------+---------------------------------------------------+
; Name         ; state.ENABLE                                      ;
+--------------+---------------------------------------------------+
; state.IDLE   ; 0                                                 ;
; state.ENABLE ; 1                                                 ;
+--------------+---------------------------------------------------+


Encoding Type:  One-Hot
+---------------------------------------------------------------------------------------------------------------------------------------------------------------------------------------------------------------------------------------------------------------------------------------------------------------------------------------------------------------------------------------------------------------------------------------------------------+
; State Machine - |SimpleRiscExample|System:system|VexRISCVSoftcore:core|JtagBridge:jtagBridge_1_|jtag_tap_fsm_state                                                                                                                                                                                                                                                                                                                                      ;
+-------------------------+-------------------------+-------------------------+-------------------------+-------------------------+-------------------------+-------------------------+-------------------------+-------------------------+-------------------------+-------------------------+-------------------------+-------------------------+-------------------------+-------------------------+-------------------------+-------------------------+
; Name                    ; jtag_tap_fsm_state.1111 ; jtag_tap_fsm_state.1110 ; jtag_tap_fsm_state.1101 ; jtag_tap_fsm_state.1100 ; jtag_tap_fsm_state.1011 ; jtag_tap_fsm_state.1010 ; jtag_tap_fsm_state.1001 ; jtag_tap_fsm_state.1000 ; jtag_tap_fsm_state.0111 ; jtag_tap_fsm_state.0110 ; jtag_tap_fsm_state.0101 ; jtag_tap_fsm_state.0100 ; jtag_tap_fsm_state.0011 ; jtag_tap_fsm_state.0010 ; jtag_tap_fsm_state.0001 ; jtag_tap_fsm_state.0000 ;
+-------------------------+-------------------------+-------------------------+-------------------------+-------------------------+-------------------------+-------------------------+-------------------------+-------------------------+-------------------------+-------------------------+-------------------------+-------------------------+-------------------------+-------------------------+-------------------------+-------------------------+
; jtag_tap_fsm_state.0000 ; 0                       ; 0                       ; 0                       ; 0                       ; 0                       ; 0                       ; 0                       ; 0                       ; 0                       ; 0                       ; 0                       ; 0                       ; 0                       ; 0                       ; 0                       ; 0                       ;
; jtag_tap_fsm_state.0001 ; 0                       ; 0                       ; 0                       ; 0                       ; 0                       ; 0                       ; 0                       ; 0                       ; 0                       ; 0                       ; 0                       ; 0                       ; 0                       ; 0                       ; 1                       ; 1                       ;
; jtag_tap_fsm_state.0010 ; 0                       ; 0                       ; 0                       ; 0                       ; 0                       ; 0                       ; 0                       ; 0                       ; 0                       ; 0                       ; 0                       ; 0                       ; 0                       ; 1                       ; 0                       ; 1                       ;
; jtag_tap_fsm_state.0011 ; 0                       ; 0                       ; 0                       ; 0                       ; 0                       ; 0                       ; 0                       ; 0                       ; 0                       ; 0                       ; 0                       ; 0                       ; 1                       ; 0                       ; 0                       ; 1                       ;
; jtag_tap_fsm_state.0100 ; 0                       ; 0                       ; 0                       ; 0                       ; 0                       ; 0                       ; 0                       ; 0                       ; 0                       ; 0                       ; 0                       ; 1                       ; 0                       ; 0                       ; 0                       ; 1                       ;
; jtag_tap_fsm_state.0101 ; 0                       ; 0                       ; 0                       ; 0                       ; 0                       ; 0                       ; 0                       ; 0                       ; 0                       ; 0                       ; 1                       ; 0                       ; 0                       ; 0                       ; 0                       ; 1                       ;
; jtag_tap_fsm_state.0110 ; 0                       ; 0                       ; 0                       ; 0                       ; 0                       ; 0                       ; 0                       ; 0                       ; 0                       ; 1                       ; 0                       ; 0                       ; 0                       ; 0                       ; 0                       ; 1                       ;
; jtag_tap_fsm_state.0111 ; 0                       ; 0                       ; 0                       ; 0                       ; 0                       ; 0                       ; 0                       ; 0                       ; 1                       ; 0                       ; 0                       ; 0                       ; 0                       ; 0                       ; 0                       ; 1                       ;
; jtag_tap_fsm_state.1000 ; 0                       ; 0                       ; 0                       ; 0                       ; 0                       ; 0                       ; 0                       ; 1                       ; 0                       ; 0                       ; 0                       ; 0                       ; 0                       ; 0                       ; 0                       ; 1                       ;
; jtag_tap_fsm_state.1001 ; 0                       ; 0                       ; 0                       ; 0                       ; 0                       ; 0                       ; 1                       ; 0                       ; 0                       ; 0                       ; 0                       ; 0                       ; 0                       ; 0                       ; 0                       ; 1                       ;
; jtag_tap_fsm_state.1010 ; 0                       ; 0                       ; 0                       ; 0                       ; 0                       ; 1                       ; 0                       ; 0                       ; 0                       ; 0                       ; 0                       ; 0                       ; 0                       ; 0                       ; 0                       ; 1                       ;
; jtag_tap_fsm_state.1011 ; 0                       ; 0                       ; 0                       ; 0                       ; 1                       ; 0                       ; 0                       ; 0                       ; 0                       ; 0                       ; 0                       ; 0                       ; 0                       ; 0                       ; 0                       ; 1                       ;
; jtag_tap_fsm_state.1100 ; 0                       ; 0                       ; 0                       ; 1                       ; 0                       ; 0                       ; 0                       ; 0                       ; 0                       ; 0                       ; 0                       ; 0                       ; 0                       ; 0                       ; 0                       ; 1                       ;
; jtag_tap_fsm_state.1101 ; 0                       ; 0                       ; 1                       ; 0                       ; 0                       ; 0                       ; 0                       ; 0                       ; 0                       ; 0                       ; 0                       ; 0                       ; 0                       ; 0                       ; 0                       ; 1                       ;
; jtag_tap_fsm_state.1110 ; 0                       ; 1                       ; 0                       ; 0                       ; 0                       ; 0                       ; 0                       ; 0                       ; 0                       ; 0                       ; 0                       ; 0                       ; 0                       ; 0                       ; 0                       ; 1                       ;
; jtag_tap_fsm_state.1111 ; 1                       ; 0                       ; 0                       ; 0                       ; 0                       ; 0                       ; 0                       ; 0                       ; 0                       ; 0                       ; 0                       ; 0                       ; 0                       ; 0                       ; 0                       ; 1                       ;
+-------------------------+-------------------------+-------------------------+-------------------------+-------------------------+-------------------------+-------------------------+-------------------------+-------------------------+-------------------------+-------------------------+-------------------------+-------------------------+-------------------------+-------------------------+-------------------------+-------------------------+


Encoding Type:  One-Hot
+-----------------------------------------------------------------------------------------------------------------------------+
; State Machine - |SimpleRiscExample|System:system|VexRISCVSoftcore:core|VexRiscv:axi_cpu|CsrPlugin_interrupt_targetPrivilege ;
+-----------------------------------------------------------------------------------------------------------------------------+
; Name                                                                                                                        ;
+-----------------------------------------------------------------------------------------------------------------------------+
; CsrPlugin_interrupt_targetPrivilege.11                                                                                      ;
+-----------------------------------------------------------------------------------------------------------------------------+


Encoding Type:  One-Hot
+--------------------------------------------------------------------------------------------------+
; State Machine - |SimpleRiscExample|System:system|VexRISCVSoftcore:core|VexRiscv:axi_cpu|_zz_111_ ;
+--------------+--------------+--------------+--------------+--------------+-----------------------+
; Name         ; _zz_111_.011 ; _zz_111_.010 ; _zz_111_.001 ; _zz_111_.000 ; _zz_111_.100          ;
+--------------+--------------+--------------+--------------+--------------+-----------------------+
; _zz_111_.000 ; 0            ; 0            ; 0            ; 0            ; 0                     ;
; _zz_111_.001 ; 0            ; 0            ; 1            ; 1            ; 0                     ;
; _zz_111_.010 ; 0            ; 1            ; 0            ; 1            ; 0                     ;
; _zz_111_.011 ; 1            ; 0            ; 0            ; 1            ; 0                     ;
; _zz_111_.100 ; 0            ; 0            ; 0            ; 1            ; 1                     ;
+--------------+--------------+--------------+--------------+--------------+-----------------------+


Encoding Type:  One-Hot
+--------------------------------------------------------------------------------------------------------------------------------------------------------+
; State Machine - |SimpleRiscExample|System:system|VexRISCVSoftcore:core|Apb3UartCtrl:axi_uartCtrl|UartCtrl:uartCtrl_1_|UartCtrlRx:rx|stateMachine_state ;
+------------------------+------------------------+------------------------+------------------------+------------------------+---------------------------+
; Name                   ; stateMachine_state.011 ; stateMachine_state.010 ; stateMachine_state.001 ; stateMachine_state.000 ; stateMachine_state.100    ;
+------------------------+------------------------+------------------------+------------------------+------------------------+---------------------------+
; stateMachine_state.000 ; 0                      ; 0                      ; 0                      ; 0                      ; 0                         ;
; stateMachine_state.001 ; 0                      ; 0                      ; 1                      ; 1                      ; 0                         ;
; stateMachine_state.010 ; 0                      ; 1                      ; 0                      ; 1                      ; 0                         ;
; stateMachine_state.011 ; 1                      ; 0                      ; 0                      ; 1                      ; 0                         ;
; stateMachine_state.100 ; 0                      ; 0                      ; 0                      ; 1                      ; 1                         ;
+------------------------+------------------------+------------------------+------------------------+------------------------+---------------------------+


Encoding Type:  One-Hot
+--------------------------------------------------------------------------------------------------------------------------------------------------------+
; State Machine - |SimpleRiscExample|System:system|VexRISCVSoftcore:core|Apb3UartCtrl:axi_uartCtrl|UartCtrl:uartCtrl_1_|UartCtrlTx:tx|stateMachine_state ;
+------------------------+------------------------+------------------------+------------------------+------------------------+---------------------------+
; Name                   ; stateMachine_state.011 ; stateMachine_state.010 ; stateMachine_state.001 ; stateMachine_state.000 ; stateMachine_state.100    ;
+------------------------+------------------------+------------------------+------------------------+------------------------+---------------------------+
; stateMachine_state.000 ; 0                      ; 0                      ; 0                      ; 0                      ; 0                         ;
; stateMachine_state.001 ; 0                      ; 0                      ; 1                      ; 1                      ; 0                         ;
; stateMachine_state.010 ; 0                      ; 1                      ; 0                      ; 1                      ; 0                         ;
; stateMachine_state.011 ; 1                      ; 0                      ; 0                      ; 1                      ; 0                         ;
; stateMachine_state.100 ; 0                      ; 0                      ; 0                      ; 1                      ; 1                         ;
+------------------------+------------------------+------------------------+------------------------+------------------------+---------------------------+


Encoding Type:  One-Hot
+-------------------------------------------------------------------------------------------------------------------+
; State Machine - |SimpleRiscExample|System:system|VexRISCVSoftcore:core|Axi4SharedToApb3Bridge:axi_apbBridge|phase ;
+----------+----------+----------+----------------------------------------------------------------------------------+
; Name     ; phase.00 ; phase.10 ; phase.01                                                                         ;
+----------+----------+----------+----------------------------------------------------------------------------------+
; phase.00 ; 0        ; 0        ; 0                                                                                ;
; phase.01 ; 1        ; 0        ; 1                                                                                ;
; phase.10 ; 1        ; 1        ; 0                                                                                ;
+----------+----------+----------+----------------------------------------------------------------------------------+


Encoding Type:  One-Hot
+---------------------------------------------------------------------------------------------------------------------------------------------------------------------------------------------------------------------------------------------------------------------------------------------------------------+
; State Machine - |SimpleRiscExample|System:system|VexRISCVSoftcore:core|Axi4SharedSdramCtrl:axi_sdramCtrl|SdramCtrl:ctrl|frontend_rsp_m2sPipe_rData_task                                                                                                                                                       ;
+-------------------------------------+-------------------------------------+-------------------------------------+-------------------------------------+-------------------------------------+-------------------------------------+-------------------------------------+-------------------------------------+
; Name                                ; frontend_rsp_m2sPipe_rData_task.110 ; frontend_rsp_m2sPipe_rData_task.101 ; frontend_rsp_m2sPipe_rData_task.100 ; frontend_rsp_m2sPipe_rData_task.011 ; frontend_rsp_m2sPipe_rData_task.010 ; frontend_rsp_m2sPipe_rData_task.001 ; frontend_rsp_m2sPipe_rData_task.000 ;
+-------------------------------------+-------------------------------------+-------------------------------------+-------------------------------------+-------------------------------------+-------------------------------------+-------------------------------------+-------------------------------------+
; frontend_rsp_m2sPipe_rData_task.000 ; 0                                   ; 0                                   ; 0                                   ; 0                                   ; 0                                   ; 0                                   ; 0                                   ;
; frontend_rsp_m2sPipe_rData_task.001 ; 0                                   ; 0                                   ; 0                                   ; 0                                   ; 0                                   ; 1                                   ; 1                                   ;
; frontend_rsp_m2sPipe_rData_task.010 ; 0                                   ; 0                                   ; 0                                   ; 0                                   ; 1                                   ; 0                                   ; 1                                   ;
; frontend_rsp_m2sPipe_rData_task.011 ; 0                                   ; 0                                   ; 0                                   ; 1                                   ; 0                                   ; 0                                   ; 1                                   ;
; frontend_rsp_m2sPipe_rData_task.100 ; 0                                   ; 0                                   ; 1                                   ; 0                                   ; 0                                   ; 0                                   ; 1                                   ;
; frontend_rsp_m2sPipe_rData_task.101 ; 0                                   ; 1                                   ; 0                                   ; 0                                   ; 0                                   ; 0                                   ; 1                                   ;
; frontend_rsp_m2sPipe_rData_task.110 ; 1                                   ; 0                                   ; 0                                   ; 0                                   ; 0                                   ; 0                                   ; 1                                   ;
+-------------------------------------+-------------------------------------+-------------------------------------+-------------------------------------+-------------------------------------+-------------------------------------+-------------------------------------+-------------------------------------+


Encoding Type:  One-Hot
+----------------------------------------------------------------------------------------------------------------------------------------+
; State Machine - |SimpleRiscExample|System:system|VexRISCVSoftcore:core|Axi4SharedSdramCtrl:axi_sdramCtrl|SdramCtrl:ctrl|frontend_state ;
+-------------------+-------------------+-------------------+-------------------+--------------------------------------------------------+
; Name              ; frontend_state.11 ; frontend_state.10 ; frontend_state.01 ; frontend_state.00                                      ;
+-------------------+-------------------+-------------------+-------------------+--------------------------------------------------------+
; frontend_state.00 ; 0                 ; 0                 ; 0                 ; 0                                                      ;
; frontend_state.01 ; 0                 ; 0                 ; 1                 ; 1                                                      ;
; frontend_state.10 ; 0                 ; 1                 ; 0                 ; 1                                                      ;
; frontend_state.11 ; 1                 ; 0                 ; 0                 ; 1                                                      ;
+-------------------+-------------------+-------------------+-------------------+--------------------------------------------------------+


+---------------------------------------------------------------------------------------------------------------------------------------------------------------------------------------------------------------------------------------------------------------------------------------------------------+
; Registers Removed During Synthesis                                                                                                                                                                                                                                                                      ;
+----------------------------------------------------------------------------------------------------------------------------------------------+----------------------------------------------------------------------------------------------------------------------------------------------------------+
; Register name                                                                                                                                ; Reason for Removal                                                                                                                                       ;
+----------------------------------------------------------------------------------------------------------------------------------------------+----------------------------------------------------------------------------------------------------------------------------------------------------------+
; ApbReadRegister:readReg|read_reg[10..31]                                                                                                     ; Stuck at GND due to stuck port data_in                                                                                                                   ;
; System:system|VexRISCVSoftcore:core|JtagBridge:jtagBridge_1_|system_rsp_payload_error                                                        ; Stuck at GND due to stuck port data_in                                                                                                                   ;
; System:system|VexRISCVSoftcore:core|VexRiscv:axi_cpu|CsrPlugin_mtval[0..31]                                                                  ; Stuck at GND due to stuck port data_in                                                                                                                   ;
; System:system|VexRISCVSoftcore:core|VexRiscv:axi_cpu|IBusSimplePlugin_fetchPc_pcReg[0,1]                                                     ; Stuck at GND due to stuck port data_in                                                                                                                   ;
; System:system|VexRISCVSoftcore:core|VexRiscv:axi_cpu|CsrPlugin_hadException                                                                  ; Stuck at GND due to stuck port data_in                                                                                                                   ;
; System:system|VexRISCVSoftcore:core|VexRiscv:axi_cpu|execute_CsrPlugin_csr_835                                                               ; Lost fanout                                                                                                                                              ;
; System:system|VexRISCVSoftcore:core|PinsecTimerCtrl:axi_timerCtrl|BufferCC_2_:io_external_buffercc|buffers_0_tick                            ; Stuck at VCC due to stuck port data_in                                                                                                                   ;
; System:system|VexRISCVSoftcore:core|PinsecTimerCtrl:axi_timerCtrl|BufferCC_2_:io_external_buffercc|buffers_0_clear                           ; Stuck at GND due to stuck port data_in                                                                                                                   ;
; System:system|VexRISCVSoftcore:core|Axi4SharedSdramCtrl:axi_sdramCtrl|SdramCtrl:ctrl|chip_sdram_CSn                                          ; Stuck at GND due to stuck port data_in                                                                                                                   ;
; System:system|VexRISCVSoftcore:core|Axi4SharedSdramCtrl:axi_sdramCtrl|SdramCtrl:ctrl|chip_sdramCkeInternal                                   ; Stuck at VCC due to stuck port data_in                                                                                                                   ;
; System:system|VexRISCVSoftcore:core|Axi4SharedSdramCtrl:axi_sdramCtrl|SdramCtrl:ctrl|chip_sdramCkeInternal_regNext                           ; Stuck at VCC due to stuck port data_in                                                                                                                   ;
; System:system|VexRISCVSoftcore:core|VexRiscv:axi_cpu|_zz_53_[0,1]                                                                            ; Stuck at GND due to stuck port data_in                                                                                                                   ;
; System:system|VexRISCVSoftcore:core|VexRiscv:axi_cpu|CsrPlugin_mcause_interrupt                                                              ; Stuck at VCC due to stuck port data_in                                                                                                                   ;
; System:system|VexRISCVSoftcore:core|VexRiscv:axi_cpu|decode_to_execute_PC[0,1]                                                               ; Stuck at GND due to stuck port data_in                                                                                                                   ;
; System:system|VexRISCVSoftcore:core|PinsecTimerCtrl:axi_timerCtrl|BufferCC_2_:io_external_buffercc|buffers_1_tick                            ; Stuck at VCC due to stuck port data_in                                                                                                                   ;
; System:system|VexRISCVSoftcore:core|PinsecTimerCtrl:axi_timerCtrl|BufferCC_2_:io_external_buffercc|buffers_1_clear                           ; Stuck at GND due to stuck port data_in                                                                                                                   ;
; System:system|VexRISCVSoftcore:core|Axi4SharedSdramCtrl:axi_sdramCtrl|SdramCtrl:ctrl|chip_sdram_CKE                                          ; Stuck at VCC due to stuck port data_in                                                                                                                   ;
; System:system|VexRISCVSoftcore:core|Axi4SharedSdramCtrl:axi_sdramCtrl|SdramCtrl:ctrl|chip_contextDelayed_id[2]                               ; Lost fanout                                                                                                                                              ;
; System:system|VexRISCVSoftcore:core|Axi4SharedSdramCtrl:axi_sdramCtrl|SdramCtrl:ctrl|chip_cmd_payload_context_delay_4_id[2]                  ; Lost fanout                                                                                                                                              ;
; System:system|VexRISCVSoftcore:core|Axi4SharedSdramCtrl:axi_sdramCtrl|SdramCtrl:ctrl|chip_cmd_payload_context_delay_3_id[2]                  ; Lost fanout                                                                                                                                              ;
; System:system|VexRISCVSoftcore:core|Axi4SharedSdramCtrl:axi_sdramCtrl|SdramCtrl:ctrl|chip_cmd_payload_context_delay_2_id[2]                  ; Lost fanout                                                                                                                                              ;
; System:system|VexRISCVSoftcore:core|Axi4SharedSdramCtrl:axi_sdramCtrl|SdramCtrl:ctrl|chip_cmd_payload_context_delay_1_id[2]                  ; Lost fanout                                                                                                                                              ;
; System:system|VexRISCVSoftcore:core|Axi4SharedSdramCtrl:axi_sdramCtrl|SdramCtrl:ctrl|frontend_rsp_m2sPipe_rData_context_id[2]                ; Lost fanout                                                                                                                                              ;
; System:system|VexRISCVSoftcore:core|Axi4SharedSdramCtrl:axi_sdramCtrl|SdramCtrl:ctrl|chip_contextDelayed_id[1]                               ; Lost fanout                                                                                                                                              ;
; System:system|VexRISCVSoftcore:core|Axi4SharedSdramCtrl:axi_sdramCtrl|SdramCtrl:ctrl|chip_cmd_payload_context_delay_4_id[1]                  ; Lost fanout                                                                                                                                              ;
; System:system|VexRISCVSoftcore:core|Axi4SharedSdramCtrl:axi_sdramCtrl|SdramCtrl:ctrl|chip_cmd_payload_context_delay_3_id[1]                  ; Lost fanout                                                                                                                                              ;
; System:system|VexRISCVSoftcore:core|Axi4SharedSdramCtrl:axi_sdramCtrl|SdramCtrl:ctrl|chip_cmd_payload_context_delay_2_id[1]                  ; Lost fanout                                                                                                                                              ;
; System:system|VexRISCVSoftcore:core|Axi4SharedSdramCtrl:axi_sdramCtrl|SdramCtrl:ctrl|chip_cmd_payload_context_delay_1_id[1]                  ; Lost fanout                                                                                                                                              ;
; System:system|VexRISCVSoftcore:core|Axi4SharedSdramCtrl:axi_sdramCtrl|SdramCtrl:ctrl|frontend_rsp_m2sPipe_rData_context_id[1]                ; Lost fanout                                                                                                                                              ;
; System:system|VexRISCVSoftcore:core|Axi4SharedSdramCtrl:axi_sdramCtrl|SdramCtrl:ctrl|chip_contextDelayed_id[0]                               ; Lost fanout                                                                                                                                              ;
; System:system|VexRISCVSoftcore:core|Axi4SharedSdramCtrl:axi_sdramCtrl|SdramCtrl:ctrl|chip_cmd_payload_context_delay_4_id[0]                  ; Lost fanout                                                                                                                                              ;
; System:system|VexRISCVSoftcore:core|Axi4SharedSdramCtrl:axi_sdramCtrl|SdramCtrl:ctrl|chip_cmd_payload_context_delay_3_id[0]                  ; Lost fanout                                                                                                                                              ;
; System:system|VexRISCVSoftcore:core|Axi4SharedSdramCtrl:axi_sdramCtrl|SdramCtrl:ctrl|chip_cmd_payload_context_delay_2_id[0]                  ; Lost fanout                                                                                                                                              ;
; System:system|VexRISCVSoftcore:core|Axi4SharedSdramCtrl:axi_sdramCtrl|SdramCtrl:ctrl|chip_cmd_payload_context_delay_1_id[0]                  ; Lost fanout                                                                                                                                              ;
; System:system|VexRISCVSoftcore:core|Axi4SharedSdramCtrl:axi_sdramCtrl|SdramCtrl:ctrl|frontend_rsp_m2sPipe_rData_context_id[0]                ; Lost fanout                                                                                                                                              ;
; System:system|VexRISCVSoftcore:core|axi_sdramCtrl_io_axi_arbiter_io_output_arw_halfPipe_regs_payload_id[0..2]                                ; Lost fanout                                                                                                                                              ;
; System:system|VexRISCVSoftcore:core|Axi4SharedSdramCtrl:axi_sdramCtrl|unburstify_buffer_transaction_id[0..2]                                 ; Lost fanout                                                                                                                                              ;
; System:system|VexRISCVSoftcore:core|axi_sdramCtrl_io_axi_arbiter_io_output_arw_halfPipe_regs_payload_burst[0]                                ; Stuck at VCC due to stuck port data_in                                                                                                                   ;
; System:system|VexRISCVSoftcore:core|axi_sdramCtrl_io_axi_arbiter_io_output_arw_halfPipe_regs_payload_burst[1]                                ; Stuck at GND due to stuck port data_in                                                                                                                   ;
; System:system|VexRISCVSoftcore:core|axi_sdramCtrl_io_axi_arbiter_io_output_arw_halfPipe_regs_payload_len[0..7]                               ; Stuck at GND due to stuck port data_in                                                                                                                   ;
; System:system|VexRISCVSoftcore:core|axi_ram_io_axi_arbiter_io_output_arw_halfPipe_regs_payload_burst[0]                                      ; Stuck at VCC due to stuck port data_in                                                                                                                   ;
; System:system|VexRISCVSoftcore:core|axi_ram_io_axi_arbiter_io_output_arw_halfPipe_regs_payload_burst[1]                                      ; Stuck at GND due to stuck port data_in                                                                                                                   ;
; System:system|VexRISCVSoftcore:core|axi_ram_io_axi_arbiter_io_output_arw_halfPipe_regs_payload_len[0..7]                                     ; Stuck at GND due to stuck port data_in                                                                                                                   ;
; System:system|VexRISCVSoftcore:core|Axi4SharedSdramCtrl:axi_sdramCtrl|unburstify_buffer_transaction_burst[1]                                 ; Stuck at GND due to stuck port data_in                                                                                                                   ;
; System:system|VexRISCVSoftcore:core|Axi4SharedSdramCtrl:axi_sdramCtrl|unburstify_buffer_transaction_burst[0]                                 ; Stuck at VCC due to stuck port data_in                                                                                                                   ;
; System:system|VexRISCVSoftcore:core|Axi4SharedSdramCtrl:axi_sdramCtrl|unburstify_buffer_len[1..3]                                            ; Stuck at GND due to stuck port data_in                                                                                                                   ;
; System:system|VexRISCVSoftcore:core|Axi4SharedOnChipRam:axi_ram|unburstify_buffer_transaction_burst[1]                                       ; Stuck at GND due to stuck port data_in                                                                                                                   ;
; System:system|VexRISCVSoftcore:core|Axi4SharedOnChipRam:axi_ram|unburstify_buffer_transaction_burst[0]                                       ; Stuck at VCC due to stuck port data_in                                                                                                                   ;
; System:system|VexRISCVSoftcore:core|Axi4SharedOnChipRam:axi_ram|unburstify_buffer_len[1..3]                                                  ; Stuck at GND due to stuck port data_in                                                                                                                   ;
; System:system|VexRISCVSoftcore:core|VexRiscv:axi_cpu|memory_to_writeBack_MUL_HH[33]                                                          ; Lost fanout                                                                                                                                              ;
; System:system|VexRISCVSoftcore:core|VexRiscv:axi_cpu|execute_to_memory_MUL_HH[33]                                                            ; Lost fanout                                                                                                                                              ;
; System:system|VexRISCVSoftcore:core|VexRiscv:axi_cpu|memory_to_writeBack_MUL_HH[32]                                                          ; Lost fanout                                                                                                                                              ;
; System:system|VexRISCVSoftcore:core|VexRiscv:axi_cpu|execute_to_memory_MUL_HH[32]                                                            ; Lost fanout                                                                                                                                              ;
; System:system|VexRISCVSoftcore:core|VexRiscv:axi_cpu|CsrPlugin_interrupt_code[0]                                                             ; Merged with System:system|VexRISCVSoftcore:core|VexRiscv:axi_cpu|CsrPlugin_interrupt_code[1]                                                             ;
; System:system|VexRISCVSoftcore:core|VexRiscv:axi_cpu|CsrPlugin_mcause_exceptionCode[0]                                                       ; Merged with System:system|VexRISCVSoftcore:core|VexRiscv:axi_cpu|CsrPlugin_mcause_exceptionCode[1]                                                       ;
; System:system|VexRISCVSoftcore:core|VexRiscv:axi_cpu|decode_to_execute_INSTRUCTION[12]                                                       ; Merged with System:system|VexRISCVSoftcore:core|VexRiscv:axi_cpu|decode_to_execute_IS_RS1_SIGNED                                                         ;
; System:system|VexRISCVSoftcore:core|VexRiscv:axi_cpu|decode_to_execute_IS_RS2_SIGNED                                                         ; Merged with System:system|VexRISCVSoftcore:core|VexRiscv:axi_cpu|decode_to_execute_IS_RS1_SIGNED                                                         ;
; System:system|VexRISCVSoftcore:core|Axi4SharedSdramCtrl:axi_sdramCtrl|SdramCtrl:ctrl|chip_sdram_DQ_writeEnable[0..14]                        ; Merged with System:system|VexRISCVSoftcore:core|Axi4SharedSdramCtrl:axi_sdramCtrl|SdramCtrl:ctrl|chip_sdram_DQ_writeEnable[15]                           ;
; System:system|VexRISCVSoftcore:core|Axi4SharedSdramCtrl:axi_sdramCtrl|_zz_7_[0]                                                              ; Merged with System:system|VexRISCVSoftcore:core|Axi4SharedSdramCtrl:axi_sdramCtrl|SdramCtrl:ctrl|StreamFifoLowLatency:chip_backupIn_fifo|popPtr_value[0] ;
; System:system|VexRISCVSoftcore:core|Axi4SharedSdramCtrl:axi_sdramCtrl|unburstify_buffer_transaction_size[0,1]                                ; Stuck at GND due to stuck port clock_enable                                                                                                              ;
; System:system|VexRISCVSoftcore:core|Axi4SharedSdramCtrl:axi_sdramCtrl|unburstify_buffer_transaction_write                                    ; Stuck at GND due to stuck port clock_enable                                                                                                              ;
; System:system|VexRISCVSoftcore:core|Axi4SharedSdramCtrl:axi_sdramCtrl|unburstify_buffer_transaction_id[3]                                    ; Stuck at GND due to stuck port clock_enable                                                                                                              ;
; System:system|VexRISCVSoftcore:core|Axi4SharedSdramCtrl:axi_sdramCtrl|unburstify_buffer_transaction_addr[12..25]                             ; Stuck at GND due to stuck port clock_enable                                                                                                              ;
; System:system|VexRISCVSoftcore:core|Axi4SharedOnChipRam:axi_ram|unburstify_buffer_transaction_id[3]                                          ; Stuck at GND due to stuck port clock_enable                                                                                                              ;
; System:system|VexRISCVSoftcore:core|Axi4SharedOnChipRam:axi_ram|unburstify_buffer_transaction_size[0,1]                                      ; Stuck at GND due to stuck port clock_enable                                                                                                              ;
; System:system|VexRISCVSoftcore:core|Axi4SharedOnChipRam:axi_ram|unburstify_buffer_transaction_write                                          ; Stuck at GND due to stuck port clock_enable                                                                                                              ;
; System:system|VexRISCVSoftcore:core|Axi4SharedOnChipRam:axi_ram|unburstify_buffer_transaction_addr[12..17]                                   ; Stuck at GND due to stuck port clock_enable                                                                                                              ;
; System:system|VexRISCVSoftcore:core|Axi4SharedSdramCtrl:axi_sdramCtrl|unburstify_buffer_valid                                                ; Stuck at GND due to stuck port data_in                                                                                                                   ;
; System:system|VexRISCVSoftcore:core|Axi4SharedOnChipRam:axi_ram|unburstify_buffer_valid                                                      ; Stuck at GND due to stuck port data_in                                                                                                                   ;
; System:system|VexRISCVSoftcore:core|Axi4SharedSdramCtrl:axi_sdramCtrl|SdramCtrl:ctrl|frontend_rsp_m2sPipe_rData_context_last                 ; Stuck at VCC due to stuck port data_in                                                                                                                   ;
; System:system|VexRISCVSoftcore:core|Axi4SharedSdramCtrl:axi_sdramCtrl|SdramCtrl:ctrl|chip_cmd_payload_context_delay_1_last                   ; Stuck at VCC due to stuck port data_in                                                                                                                   ;
; System:system|VexRISCVSoftcore:core|Axi4SharedSdramCtrl:axi_sdramCtrl|SdramCtrl:ctrl|chip_cmd_payload_context_delay_2_last                   ; Stuck at VCC due to stuck port data_in                                                                                                                   ;
; System:system|VexRISCVSoftcore:core|Axi4SharedSdramCtrl:axi_sdramCtrl|SdramCtrl:ctrl|chip_cmd_payload_context_delay_3_last                   ; Stuck at VCC due to stuck port data_in                                                                                                                   ;
; System:system|VexRISCVSoftcore:core|Axi4SharedSdramCtrl:axi_sdramCtrl|SdramCtrl:ctrl|chip_cmd_payload_context_delay_4_last                   ; Stuck at VCC due to stuck port data_in                                                                                                                   ;
; System:system|VexRISCVSoftcore:core|Axi4SharedSdramCtrl:axi_sdramCtrl|SdramCtrl:ctrl|chip_contextDelayed_last                                ; Stuck at VCC due to stuck port data_in                                                                                                                   ;
; System:system|VexRISCVSoftcore:core|Axi4SharedOnChipRam:axi_ram|stage0_m2sPipe_rData_last                                                    ; Stuck at VCC due to stuck port data_in                                                                                                                   ;
; System:system|VexRISCVSoftcore:core|VexRiscv:axi_cpu|decode_to_execute_IS_RS1_SIGNED                                                         ; Merged with System:system|VexRISCVSoftcore:core|VexRiscv:axi_cpu|decode_to_execute_ALU_BITWISE_CTRL[1]                                                   ;
; System:system|VexRISCVSoftcore:core|Axi4SharedSdramCtrl:axi_sdramCtrl|unburstify_buffer_beat[0]                                              ; Merged with System:system|VexRISCVSoftcore:core|Axi4SharedSdramCtrl:axi_sdramCtrl|unburstify_buffer_transaction_addr[0]                                  ;
; System:system|VexRISCVSoftcore:core|Axi4SharedOnChipRam:axi_ram|unburstify_buffer_beat[0]                                                    ; Merged with System:system|VexRISCVSoftcore:core|Axi4SharedOnChipRam:axi_ram|unburstify_buffer_transaction_addr[0]                                        ;
; System:system|VexRISCVSoftcore:core|axi_sdramCtrl_io_axi_arbiter_io_output_arw_halfPipe_regs_payload_addr[0,1]                               ; Lost fanout                                                                                                                                              ;
; System:system|VexRISCVSoftcore:core|axi_ram_io_axi_arbiter_io_output_arw_halfPipe_regs_payload_addr[0,1]                                     ; Lost fanout                                                                                                                                              ;
; System:system|VexRISCVSoftcore:core|Axi4SharedSdramCtrl:axi_sdramCtrl|unburstify_buffer_transaction_addr[0..11]                              ; Lost fanout                                                                                                                                              ;
; System:system|VexRISCVSoftcore:core|Axi4SharedSdramCtrl:axi_sdramCtrl|unburstify_buffer_beat[1..7]                                           ; Lost fanout                                                                                                                                              ;
; System:system|VexRISCVSoftcore:core|Axi4SharedOnChipRam:axi_ram|unburstify_buffer_transaction_addr[0..11]                                    ; Lost fanout                                                                                                                                              ;
; System:system|VexRISCVSoftcore:core|Axi4SharedOnChipRam:axi_ram|unburstify_buffer_beat[1..7]                                                 ; Lost fanout                                                                                                                                              ;
; System:system|VexRISCVSoftcore:core|VexRiscv:axi_cpu|CsrPlugin_interrupt_code[1]                                                             ; Stuck at VCC due to stuck port data_in                                                                                                                   ;
; System:system|VexRISCVSoftcore:core|VexRiscv:axi_cpu|CsrPlugin_mcause_exceptionCode[1]                                                       ; Stuck at VCC due to stuck port data_in                                                                                                                   ;
; System:system|VexRISCVSoftcore:core|Axi4SharedSdramCtrl:axi_sdramCtrl|SdramCtrl:ctrl|bubbleInserter_timings_banks_0_precharge_counter[1]     ; Stuck at GND due to stuck port data_in                                                                                                                   ;
; System:system|VexRISCVSoftcore:core|Axi4SharedSdramCtrl:axi_sdramCtrl|SdramCtrl:ctrl|bubbleInserter_timings_banks_1_precharge_counter[1]     ; Stuck at GND due to stuck port data_in                                                                                                                   ;
; System:system|VexRISCVSoftcore:core|Axi4SharedSdramCtrl:axi_sdramCtrl|SdramCtrl:ctrl|bubbleInserter_timings_banks_2_precharge_counter[1]     ; Stuck at GND due to stuck port data_in                                                                                                                   ;
; System:system|VexRISCVSoftcore:core|Axi4SharedSdramCtrl:axi_sdramCtrl|SdramCtrl:ctrl|bubbleInserter_timings_banks_3_precharge_counter[1]     ; Stuck at GND due to stuck port data_in                                                                                                                   ;
; System:system|VexRISCVSoftcore:core|Axi4SharedSdramCtrl:axi_sdramCtrl|SdramCtrl:ctrl|StreamFifoLowLatency:chip_backupIn_fifo|risingOccupancy ; Stuck at GND due to stuck port data_in                                                                                                                   ;
; System:system|VexRISCVSoftcore:core|Axi4SharedArbiter_2_:axi_apbBridge_io_axi_arbiter|StreamArbiter_2_:cmdArbiter|maskLocked_0               ; Stuck at VCC due to stuck port data_in                                                                                                                   ;
; ApbReadRegister:readReg|state~5                                                                                                              ; Lost fanout                                                                                                                                              ;
; System:system|VexRISCVSoftcore:core|JtagBridge:jtagBridge_1_|jtag_tap_fsm_state~2                                                            ; Lost fanout                                                                                                                                              ;
; System:system|VexRISCVSoftcore:core|JtagBridge:jtagBridge_1_|jtag_tap_fsm_state~3                                                            ; Lost fanout                                                                                                                                              ;
; System:system|VexRISCVSoftcore:core|JtagBridge:jtagBridge_1_|jtag_tap_fsm_state~4                                                            ; Lost fanout                                                                                                                                              ;
; System:system|VexRISCVSoftcore:core|JtagBridge:jtagBridge_1_|jtag_tap_fsm_state~5                                                            ; Lost fanout                                                                                                                                              ;
; System:system|VexRISCVSoftcore:core|VexRiscv:axi_cpu|CsrPlugin_interrupt_targetPrivilege~3                                                   ; Lost fanout                                                                                                                                              ;
; System:system|VexRISCVSoftcore:core|VexRiscv:axi_cpu|CsrPlugin_interrupt_targetPrivilege~4                                                   ; Lost fanout                                                                                                                                              ;
; System:system|VexRISCVSoftcore:core|VexRiscv:axi_cpu|_zz_111_~7                                                                              ; Lost fanout                                                                                                                                              ;
; System:system|VexRISCVSoftcore:core|VexRiscv:axi_cpu|_zz_111_~8                                                                              ; Lost fanout                                                                                                                                              ;
; System:system|VexRISCVSoftcore:core|Apb3UartCtrl:axi_uartCtrl|UartCtrl:uartCtrl_1_|UartCtrlRx:rx|stateMachine_state~5                        ; Lost fanout                                                                                                                                              ;
; System:system|VexRISCVSoftcore:core|Apb3UartCtrl:axi_uartCtrl|UartCtrl:uartCtrl_1_|UartCtrlRx:rx|stateMachine_state~6                        ; Lost fanout                                                                                                                                              ;
; System:system|VexRISCVSoftcore:core|Apb3UartCtrl:axi_uartCtrl|UartCtrl:uartCtrl_1_|UartCtrlTx:tx|stateMachine_state~5                        ; Lost fanout                                                                                                                                              ;
; System:system|VexRISCVSoftcore:core|Apb3UartCtrl:axi_uartCtrl|UartCtrl:uartCtrl_1_|UartCtrlTx:tx|stateMachine_state~6                        ; Lost fanout                                                                                                                                              ;
; System:system|VexRISCVSoftcore:core|Axi4SharedSdramCtrl:axi_sdramCtrl|SdramCtrl:ctrl|frontend_rsp_m2sPipe_rData_task~2                       ; Lost fanout                                                                                                                                              ;
; System:system|VexRISCVSoftcore:core|Axi4SharedSdramCtrl:axi_sdramCtrl|SdramCtrl:ctrl|frontend_rsp_m2sPipe_rData_task~3                       ; Lost fanout                                                                                                                                              ;
; System:system|VexRISCVSoftcore:core|Axi4SharedSdramCtrl:axi_sdramCtrl|SdramCtrl:ctrl|frontend_rsp_m2sPipe_rData_task~4                       ; Lost fanout                                                                                                                                              ;
; System:system|VexRISCVSoftcore:core|Axi4SharedSdramCtrl:axi_sdramCtrl|SdramCtrl:ctrl|frontend_state~5                                        ; Lost fanout                                                                                                                                              ;
; System:system|VexRISCVSoftcore:core|Axi4SharedSdramCtrl:axi_sdramCtrl|SdramCtrl:ctrl|frontend_state~6                                        ; Lost fanout                                                                                                                                              ;
; System:system|VexRISCVSoftcore:core|axi_ram_io_axi_arbiter_io_output_arw_halfPipe_regs_ready                                                 ; Merged with System:system|VexRISCVSoftcore:core|axi_ram_io_axi_arbiter_io_output_arw_halfPipe_regs_valid                                                 ;
; System:system|VexRISCVSoftcore:core|axi_sdramCtrl_io_axi_arbiter_io_output_arw_halfPipe_regs_ready                                           ; Merged with System:system|VexRISCVSoftcore:core|axi_sdramCtrl_io_axi_arbiter_io_output_arw_halfPipe_regs_valid                                           ;
; System:system|VexRISCVSoftcore:core|axi_apbBridge_io_axi_arbiter_io_output_arw_halfPipe_regs_valid                                           ; Merged with System:system|VexRISCVSoftcore:core|axi_apbBridge_io_axi_arbiter_io_output_arw_halfPipe_regs_ready                                           ;
; System:system|VexRISCVSoftcore:core|axi_apbBridge_io_axi_arbiter_io_output_w_halfPipe_regs_valid                                             ; Merged with System:system|VexRISCVSoftcore:core|axi_apbBridge_io_axi_arbiter_io_output_w_halfPipe_regs_ready                                             ;
; System:system|VexRISCVSoftcore:core|Axi4SharedSdramCtrl:axi_sdramCtrl|SdramCtrl:ctrl|StreamFifoLowLatency:chip_backupIn_fifo|ram~17          ; Stuck at VCC due to stuck port data_in                                                                                                                   ;
; System:system|VexRISCVSoftcore:core|Axi4SharedSdramCtrl:axi_sdramCtrl|SdramCtrl:ctrl|StreamFifoLowLatency:chip_backupIn_fifo|ram~35          ; Stuck at VCC due to stuck port data_in                                                                                                                   ;
; System:system|VexRISCVSoftcore:core|Axi4SharedArbiter_2_:axi_apbBridge_io_axi_arbiter|StreamArbiter_2_:cmdArbiter|locked                     ; Lost fanout                                                                                                                                              ;
; Total Number of Removed Registers = 265                                                                                                      ;                                                                                                                                                          ;
+----------------------------------------------------------------------------------------------------------------------------------------------+----------------------------------------------------------------------------------------------------------------------------------------------------------+


+----------------------------------------------------------------------------------------------------------------------------------------------------------------------------------------------------------------------------------------------------------------------------------------------------------------+
; Removed Registers Triggering Further Register Optimizations                                                                                                                                                                                                                                                    ;
+--------------------------------------------------------------------------------------------------------------------------------+--------------------------------+----------------------------------------------------------------------------------------------------------------------------------------------+
; Register name                                                                                                                  ; Reason for Removal             ; Registers Removed due to This Register                                                                                                       ;
+--------------------------------------------------------------------------------------------------------------------------------+--------------------------------+----------------------------------------------------------------------------------------------------------------------------------------------+
; System:system|VexRISCVSoftcore:core|Axi4SharedSdramCtrl:axi_sdramCtrl|SdramCtrl:ctrl|chip_sdramCkeInternal                     ; Stuck at VCC                   ; System:system|VexRISCVSoftcore:core|Axi4SharedSdramCtrl:axi_sdramCtrl|SdramCtrl:ctrl|chip_sdramCkeInternal_regNext,                          ;
;                                                                                                                                ; due to stuck port data_in      ; System:system|VexRISCVSoftcore:core|Axi4SharedSdramCtrl:axi_sdramCtrl|SdramCtrl:ctrl|chip_cmd_payload_context_delay_4_id[2],                 ;
;                                                                                                                                ;                                ; System:system|VexRISCVSoftcore:core|Axi4SharedSdramCtrl:axi_sdramCtrl|SdramCtrl:ctrl|chip_cmd_payload_context_delay_3_id[2],                 ;
;                                                                                                                                ;                                ; System:system|VexRISCVSoftcore:core|Axi4SharedSdramCtrl:axi_sdramCtrl|SdramCtrl:ctrl|chip_cmd_payload_context_delay_2_id[2],                 ;
;                                                                                                                                ;                                ; System:system|VexRISCVSoftcore:core|Axi4SharedSdramCtrl:axi_sdramCtrl|SdramCtrl:ctrl|chip_cmd_payload_context_delay_1_id[2],                 ;
;                                                                                                                                ;                                ; System:system|VexRISCVSoftcore:core|Axi4SharedSdramCtrl:axi_sdramCtrl|SdramCtrl:ctrl|frontend_rsp_m2sPipe_rData_context_id[2],               ;
;                                                                                                                                ;                                ; System:system|VexRISCVSoftcore:core|Axi4SharedSdramCtrl:axi_sdramCtrl|SdramCtrl:ctrl|chip_cmd_payload_context_delay_4_id[1],                 ;
;                                                                                                                                ;                                ; System:system|VexRISCVSoftcore:core|Axi4SharedSdramCtrl:axi_sdramCtrl|SdramCtrl:ctrl|chip_cmd_payload_context_delay_3_id[1],                 ;
;                                                                                                                                ;                                ; System:system|VexRISCVSoftcore:core|Axi4SharedSdramCtrl:axi_sdramCtrl|SdramCtrl:ctrl|chip_cmd_payload_context_delay_2_id[1],                 ;
;                                                                                                                                ;                                ; System:system|VexRISCVSoftcore:core|Axi4SharedSdramCtrl:axi_sdramCtrl|SdramCtrl:ctrl|chip_cmd_payload_context_delay_1_id[1],                 ;
;                                                                                                                                ;                                ; System:system|VexRISCVSoftcore:core|Axi4SharedSdramCtrl:axi_sdramCtrl|SdramCtrl:ctrl|frontend_rsp_m2sPipe_rData_context_id[1],               ;
;                                                                                                                                ;                                ; System:system|VexRISCVSoftcore:core|Axi4SharedSdramCtrl:axi_sdramCtrl|SdramCtrl:ctrl|chip_cmd_payload_context_delay_4_id[0],                 ;
;                                                                                                                                ;                                ; System:system|VexRISCVSoftcore:core|Axi4SharedSdramCtrl:axi_sdramCtrl|SdramCtrl:ctrl|chip_cmd_payload_context_delay_3_id[0],                 ;
;                                                                                                                                ;                                ; System:system|VexRISCVSoftcore:core|Axi4SharedSdramCtrl:axi_sdramCtrl|SdramCtrl:ctrl|chip_cmd_payload_context_delay_2_id[0],                 ;
;                                                                                                                                ;                                ; System:system|VexRISCVSoftcore:core|Axi4SharedSdramCtrl:axi_sdramCtrl|SdramCtrl:ctrl|chip_cmd_payload_context_delay_1_id[0],                 ;
;                                                                                                                                ;                                ; System:system|VexRISCVSoftcore:core|Axi4SharedSdramCtrl:axi_sdramCtrl|SdramCtrl:ctrl|frontend_rsp_m2sPipe_rData_context_id[0],               ;
;                                                                                                                                ;                                ; System:system|VexRISCVSoftcore:core|axi_sdramCtrl_io_axi_arbiter_io_output_arw_halfPipe_regs_payload_id[0],                                  ;
;                                                                                                                                ;                                ; System:system|VexRISCVSoftcore:core|axi_sdramCtrl_io_axi_arbiter_io_output_arw_halfPipe_regs_payload_id[1],                                  ;
;                                                                                                                                ;                                ; System:system|VexRISCVSoftcore:core|axi_sdramCtrl_io_axi_arbiter_io_output_arw_halfPipe_regs_payload_id[2],                                  ;
;                                                                                                                                ;                                ; System:system|VexRISCVSoftcore:core|Axi4SharedSdramCtrl:axi_sdramCtrl|unburstify_buffer_transaction_id[0],                                   ;
;                                                                                                                                ;                                ; System:system|VexRISCVSoftcore:core|Axi4SharedSdramCtrl:axi_sdramCtrl|unburstify_buffer_transaction_id[1],                                   ;
;                                                                                                                                ;                                ; System:system|VexRISCVSoftcore:core|Axi4SharedSdramCtrl:axi_sdramCtrl|unburstify_buffer_transaction_id[2],                                   ;
;                                                                                                                                ;                                ; System:system|VexRISCVSoftcore:core|Axi4SharedSdramCtrl:axi_sdramCtrl|SdramCtrl:ctrl|frontend_rsp_m2sPipe_rData_context_last,                ;
;                                                                                                                                ;                                ; System:system|VexRISCVSoftcore:core|Axi4SharedSdramCtrl:axi_sdramCtrl|SdramCtrl:ctrl|chip_cmd_payload_context_delay_1_last,                  ;
;                                                                                                                                ;                                ; System:system|VexRISCVSoftcore:core|Axi4SharedSdramCtrl:axi_sdramCtrl|SdramCtrl:ctrl|chip_cmd_payload_context_delay_2_last,                  ;
;                                                                                                                                ;                                ; System:system|VexRISCVSoftcore:core|Axi4SharedSdramCtrl:axi_sdramCtrl|SdramCtrl:ctrl|chip_cmd_payload_context_delay_3_last,                  ;
;                                                                                                                                ;                                ; System:system|VexRISCVSoftcore:core|Axi4SharedSdramCtrl:axi_sdramCtrl|SdramCtrl:ctrl|chip_cmd_payload_context_delay_4_last,                  ;
;                                                                                                                                ;                                ; System:system|VexRISCVSoftcore:core|Axi4SharedSdramCtrl:axi_sdramCtrl|SdramCtrl:ctrl|chip_contextDelayed_last,                               ;
;                                                                                                                                ;                                ; System:system|VexRISCVSoftcore:core|Axi4SharedSdramCtrl:axi_sdramCtrl|SdramCtrl:ctrl|bubbleInserter_timings_banks_0_precharge_counter[1],    ;
;                                                                                                                                ;                                ; System:system|VexRISCVSoftcore:core|Axi4SharedSdramCtrl:axi_sdramCtrl|SdramCtrl:ctrl|bubbleInserter_timings_banks_1_precharge_counter[1],    ;
;                                                                                                                                ;                                ; System:system|VexRISCVSoftcore:core|Axi4SharedSdramCtrl:axi_sdramCtrl|SdramCtrl:ctrl|bubbleInserter_timings_banks_2_precharge_counter[1],    ;
;                                                                                                                                ;                                ; System:system|VexRISCVSoftcore:core|Axi4SharedSdramCtrl:axi_sdramCtrl|SdramCtrl:ctrl|bubbleInserter_timings_banks_3_precharge_counter[1],    ;
;                                                                                                                                ;                                ; System:system|VexRISCVSoftcore:core|Axi4SharedSdramCtrl:axi_sdramCtrl|SdramCtrl:ctrl|StreamFifoLowLatency:chip_backupIn_fifo|risingOccupancy ;
; System:system|VexRISCVSoftcore:core|Axi4SharedOnChipRam:axi_ram|unburstify_buffer_valid                                        ; Stuck at GND                   ; System:system|VexRISCVSoftcore:core|Axi4SharedOnChipRam:axi_ram|stage0_m2sPipe_rData_last,                                                   ;
;                                                                                                                                ; due to stuck port data_in      ; System:system|VexRISCVSoftcore:core|Axi4SharedOnChipRam:axi_ram|unburstify_buffer_transaction_addr[2],                                       ;
;                                                                                                                                ;                                ; System:system|VexRISCVSoftcore:core|Axi4SharedOnChipRam:axi_ram|unburstify_buffer_transaction_addr[4],                                       ;
;                                                                                                                                ;                                ; System:system|VexRISCVSoftcore:core|Axi4SharedOnChipRam:axi_ram|unburstify_buffer_transaction_addr[7],                                       ;
;                                                                                                                                ;                                ; System:system|VexRISCVSoftcore:core|Axi4SharedOnChipRam:axi_ram|unburstify_buffer_transaction_addr[8],                                       ;
;                                                                                                                                ;                                ; System:system|VexRISCVSoftcore:core|Axi4SharedOnChipRam:axi_ram|unburstify_buffer_transaction_addr[9],                                       ;
;                                                                                                                                ;                                ; System:system|VexRISCVSoftcore:core|Axi4SharedOnChipRam:axi_ram|unburstify_buffer_transaction_addr[10],                                      ;
;                                                                                                                                ;                                ; System:system|VexRISCVSoftcore:core|Axi4SharedOnChipRam:axi_ram|unburstify_buffer_transaction_addr[11],                                      ;
;                                                                                                                                ;                                ; System:system|VexRISCVSoftcore:core|Axi4SharedOnChipRam:axi_ram|unburstify_buffer_beat[1],                                                   ;
;                                                                                                                                ;                                ; System:system|VexRISCVSoftcore:core|Axi4SharedOnChipRam:axi_ram|unburstify_buffer_beat[2],                                                   ;
;                                                                                                                                ;                                ; System:system|VexRISCVSoftcore:core|Axi4SharedOnChipRam:axi_ram|unburstify_buffer_beat[3],                                                   ;
;                                                                                                                                ;                                ; System:system|VexRISCVSoftcore:core|Axi4SharedOnChipRam:axi_ram|unburstify_buffer_beat[4],                                                   ;
;                                                                                                                                ;                                ; System:system|VexRISCVSoftcore:core|Axi4SharedOnChipRam:axi_ram|unburstify_buffer_beat[5],                                                   ;
;                                                                                                                                ;                                ; System:system|VexRISCVSoftcore:core|Axi4SharedOnChipRam:axi_ram|unburstify_buffer_beat[6]                                                    ;
; System:system|VexRISCVSoftcore:core|axi_sdramCtrl_io_axi_arbiter_io_output_arw_halfPipe_regs_payload_burst[1]                  ; Stuck at GND                   ; System:system|VexRISCVSoftcore:core|Axi4SharedSdramCtrl:axi_sdramCtrl|unburstify_buffer_transaction_burst[1],                                ;
;                                                                                                                                ; due to stuck port data_in      ; System:system|VexRISCVSoftcore:core|axi_sdramCtrl_io_axi_arbiter_io_output_arw_halfPipe_regs_payload_addr[1],                                ;
;                                                                                                                                ;                                ; System:system|VexRISCVSoftcore:core|axi_sdramCtrl_io_axi_arbiter_io_output_arw_halfPipe_regs_payload_addr[0]                                 ;
; System:system|VexRISCVSoftcore:core|axi_ram_io_axi_arbiter_io_output_arw_halfPipe_regs_payload_burst[1]                        ; Stuck at GND                   ; System:system|VexRISCVSoftcore:core|Axi4SharedOnChipRam:axi_ram|unburstify_buffer_transaction_burst[1],                                      ;
;                                                                                                                                ; due to stuck port data_in      ; System:system|VexRISCVSoftcore:core|axi_ram_io_axi_arbiter_io_output_arw_halfPipe_regs_payload_addr[1],                                      ;
;                                                                                                                                ;                                ; System:system|VexRISCVSoftcore:core|axi_ram_io_axi_arbiter_io_output_arw_halfPipe_regs_payload_addr[0]                                       ;
; System:system|VexRISCVSoftcore:core|Axi4SharedOnChipRam:axi_ram|unburstify_buffer_transaction_size[1]                          ; Stuck at GND                   ; System:system|VexRISCVSoftcore:core|Axi4SharedOnChipRam:axi_ram|unburstify_buffer_transaction_addr[1],                                       ;
;                                                                                                                                ; due to stuck port clock_enable ; System:system|VexRISCVSoftcore:core|Axi4SharedOnChipRam:axi_ram|unburstify_buffer_transaction_addr[0],                                       ;
;                                                                                                                                ;                                ; System:system|VexRISCVSoftcore:core|Axi4SharedOnChipRam:axi_ram|unburstify_buffer_transaction_addr[6]                                        ;
; System:system|VexRISCVSoftcore:core|VexRiscv:axi_cpu|IBusSimplePlugin_fetchPc_pcReg[1]                                         ; Stuck at GND                   ; System:system|VexRISCVSoftcore:core|VexRiscv:axi_cpu|_zz_53_[1],                                                                             ;
;                                                                                                                                ; due to stuck port data_in      ; System:system|VexRISCVSoftcore:core|VexRiscv:axi_cpu|decode_to_execute_PC[1]                                                                 ;
; System:system|VexRISCVSoftcore:core|VexRiscv:axi_cpu|IBusSimplePlugin_fetchPc_pcReg[0]                                         ; Stuck at GND                   ; System:system|VexRISCVSoftcore:core|VexRiscv:axi_cpu|_zz_53_[0],                                                                             ;
;                                                                                                                                ; due to stuck port data_in      ; System:system|VexRISCVSoftcore:core|VexRiscv:axi_cpu|decode_to_execute_PC[0]                                                                 ;
; System:system|VexRISCVSoftcore:core|VexRiscv:axi_cpu|CsrPlugin_hadException                                                    ; Stuck at GND                   ; System:system|VexRISCVSoftcore:core|VexRiscv:axi_cpu|CsrPlugin_mcause_interrupt,                                                             ;
;                                                                                                                                ; due to stuck port data_in      ; System:system|VexRISCVSoftcore:core|VexRiscv:axi_cpu|CsrPlugin_mcause_exceptionCode[1]                                                       ;
; System:system|VexRISCVSoftcore:core|axi_sdramCtrl_io_axi_arbiter_io_output_arw_halfPipe_regs_payload_len[2]                    ; Stuck at GND                   ; System:system|VexRISCVSoftcore:core|Axi4SharedSdramCtrl:axi_sdramCtrl|unburstify_buffer_len[2],                                              ;
;                                                                                                                                ; due to stuck port data_in      ; System:system|VexRISCVSoftcore:core|Axi4SharedSdramCtrl:axi_sdramCtrl|unburstify_buffer_transaction_addr[5]                                  ;
; System:system|VexRISCVSoftcore:core|axi_sdramCtrl_io_axi_arbiter_io_output_arw_halfPipe_regs_payload_len[3]                    ; Stuck at GND                   ; System:system|VexRISCVSoftcore:core|Axi4SharedSdramCtrl:axi_sdramCtrl|unburstify_buffer_len[3],                                              ;
;                                                                                                                                ; due to stuck port data_in      ; System:system|VexRISCVSoftcore:core|Axi4SharedSdramCtrl:axi_sdramCtrl|unburstify_buffer_transaction_addr[3]                                  ;
; System:system|VexRISCVSoftcore:core|axi_ram_io_axi_arbiter_io_output_arw_halfPipe_regs_payload_len[2]                          ; Stuck at GND                   ; System:system|VexRISCVSoftcore:core|Axi4SharedOnChipRam:axi_ram|unburstify_buffer_len[2],                                                    ;
;                                                                                                                                ; due to stuck port data_in      ; System:system|VexRISCVSoftcore:core|Axi4SharedOnChipRam:axi_ram|unburstify_buffer_transaction_addr[5]                                        ;
; System:system|VexRISCVSoftcore:core|axi_ram_io_axi_arbiter_io_output_arw_halfPipe_regs_payload_len[3]                          ; Stuck at GND                   ; System:system|VexRISCVSoftcore:core|Axi4SharedOnChipRam:axi_ram|unburstify_buffer_len[3],                                                    ;
;                                                                                                                                ; due to stuck port data_in      ; System:system|VexRISCVSoftcore:core|Axi4SharedOnChipRam:axi_ram|unburstify_buffer_transaction_addr[3]                                        ;
; System:system|VexRISCVSoftcore:core|Axi4SharedSdramCtrl:axi_sdramCtrl|unburstify_buffer_transaction_size[1]                    ; Stuck at GND                   ; System:system|VexRISCVSoftcore:core|Axi4SharedSdramCtrl:axi_sdramCtrl|unburstify_buffer_transaction_addr[0],                                 ;
;                                                                                                                                ; due to stuck port clock_enable ; System:system|VexRISCVSoftcore:core|Axi4SharedSdramCtrl:axi_sdramCtrl|unburstify_buffer_transaction_addr[1]                                  ;
; System:system|VexRISCVSoftcore:core|VexRiscv:axi_cpu|CsrPlugin_mtval[31]                                                       ; Stuck at GND                   ; System:system|VexRISCVSoftcore:core|VexRiscv:axi_cpu|execute_CsrPlugin_csr_835                                                               ;
;                                                                                                                                ; due to stuck port data_in      ;                                                                                                                                              ;
; System:system|VexRISCVSoftcore:core|PinsecTimerCtrl:axi_timerCtrl|BufferCC_2_:io_external_buffercc|buffers_0_tick              ; Stuck at VCC                   ; System:system|VexRISCVSoftcore:core|PinsecTimerCtrl:axi_timerCtrl|BufferCC_2_:io_external_buffercc|buffers_1_tick                            ;
;                                                                                                                                ; due to stuck port data_in      ;                                                                                                                                              ;
; System:system|VexRISCVSoftcore:core|PinsecTimerCtrl:axi_timerCtrl|BufferCC_2_:io_external_buffercc|buffers_0_clear             ; Stuck at GND                   ; System:system|VexRISCVSoftcore:core|PinsecTimerCtrl:axi_timerCtrl|BufferCC_2_:io_external_buffercc|buffers_1_clear                           ;
;                                                                                                                                ; due to stuck port data_in      ;                                                                                                                                              ;
; System:system|VexRISCVSoftcore:core|axi_sdramCtrl_io_axi_arbiter_io_output_arw_halfPipe_regs_payload_burst[0]                  ; Stuck at VCC                   ; System:system|VexRISCVSoftcore:core|Axi4SharedSdramCtrl:axi_sdramCtrl|unburstify_buffer_transaction_burst[0]                                 ;
;                                                                                                                                ; due to stuck port data_in      ;                                                                                                                                              ;
; System:system|VexRISCVSoftcore:core|axi_sdramCtrl_io_axi_arbiter_io_output_arw_halfPipe_regs_payload_len[1]                    ; Stuck at GND                   ; System:system|VexRISCVSoftcore:core|Axi4SharedSdramCtrl:axi_sdramCtrl|unburstify_buffer_len[1]                                               ;
;                                                                                                                                ; due to stuck port data_in      ;                                                                                                                                              ;
; System:system|VexRISCVSoftcore:core|axi_ram_io_axi_arbiter_io_output_arw_halfPipe_regs_payload_burst[0]                        ; Stuck at VCC                   ; System:system|VexRISCVSoftcore:core|Axi4SharedOnChipRam:axi_ram|unburstify_buffer_transaction_burst[0]                                       ;
;                                                                                                                                ; due to stuck port data_in      ;                                                                                                                                              ;
; System:system|VexRISCVSoftcore:core|axi_ram_io_axi_arbiter_io_output_arw_halfPipe_regs_payload_len[1]                          ; Stuck at GND                   ; System:system|VexRISCVSoftcore:core|Axi4SharedOnChipRam:axi_ram|unburstify_buffer_len[1]                                                     ;
;                                                                                                                                ; due to stuck port data_in      ;                                                                                                                                              ;
; System:system|VexRISCVSoftcore:core|VexRiscv:axi_cpu|memory_to_writeBack_MUL_HH[33]                                            ; Lost Fanouts                   ; System:system|VexRISCVSoftcore:core|VexRiscv:axi_cpu|execute_to_memory_MUL_HH[33]                                                            ;
; System:system|VexRISCVSoftcore:core|VexRiscv:axi_cpu|memory_to_writeBack_MUL_HH[32]                                            ; Lost Fanouts                   ; System:system|VexRISCVSoftcore:core|VexRiscv:axi_cpu|execute_to_memory_MUL_HH[32]                                                            ;
; System:system|VexRISCVSoftcore:core|Axi4SharedSdramCtrl:axi_sdramCtrl|unburstify_buffer_transaction_write                      ; Stuck at GND                   ; System:system|VexRISCVSoftcore:core|Axi4SharedSdramCtrl:axi_sdramCtrl|unburstify_buffer_beat[1]                                              ;
;                                                                                                                                ; due to stuck port clock_enable ;                                                                                                                                              ;
; System:system|VexRISCVSoftcore:core|Axi4SharedSdramCtrl:axi_sdramCtrl|unburstify_buffer_valid                                  ; Stuck at GND                   ; System:system|VexRISCVSoftcore:core|Axi4SharedSdramCtrl:axi_sdramCtrl|unburstify_buffer_beat[2]                                              ;
;                                                                                                                                ; due to stuck port data_in      ;                                                                                                                                              ;
; System:system|VexRISCVSoftcore:core|Axi4SharedArbiter_2_:axi_apbBridge_io_axi_arbiter|StreamArbiter_2_:cmdArbiter|maskLocked_0 ; Stuck at VCC                   ; System:system|VexRISCVSoftcore:core|Axi4SharedArbiter_2_:axi_apbBridge_io_axi_arbiter|StreamArbiter_2_:cmdArbiter|locked                     ;
;                                                                                                                                ; due to stuck port data_in      ;                                                                                                                                              ;
+--------------------------------------------------------------------------------------------------------------------------------+--------------------------------+----------------------------------------------------------------------------------------------------------------------------------------------+


+------------------------------------------------------+
; General Register Statistics                          ;
+----------------------------------------------+-------+
; Statistic                                    ; Value ;
+----------------------------------------------+-------+
; Total registers                              ; 3822  ;
; Number of registers using Synchronous Clear  ; 165   ;
; Number of registers using Synchronous Load   ; 271   ;
; Number of registers using Asynchronous Clear ; 416   ;
; Number of registers using Asynchronous Load  ; 0     ;
; Number of registers using Clock Enable       ; 3199  ;
; Number of registers using Preset             ; 0     ;
+----------------------------------------------+-------+


+------------------------------------------------------------------------------------------------------------------------------------------+
; Inverted Register Statistics                                                                                                             ;
+--------------------------------------------------------------------------------------------------------------------------------+---------+
; Inverted Register                                                                                                              ; Fan out ;
+--------------------------------------------------------------------------------------------------------------------------------+---------+
; System:system|VexRISCVSoftcore:core|Apb3UartCtrl:axi_uartCtrl|UartCtrl:uartCtrl_1_|UartCtrlTx:tx|_zz_1_                        ; 1       ;
; System:system|VexRISCVSoftcore:core|axi_apbBridge_io_axi_arbiter_io_output_arw_halfPipe_regs_ready                             ; 28      ;
; System:system|VexRISCVSoftcore:core|axi_apbBridge_io_axi_arbiter_io_output_w_halfPipe_regs_ready                               ; 36      ;
; System:system|VexRISCVSoftcore:core|Axi4SharedArbiter_2_:axi_apbBridge_io_axi_arbiter|StreamFork_2_:streamFork_4_|_zz_1_       ; 5       ;
; System:system|VexRISCVSoftcore:core|StreamFork_3_:streamFork_4_|_zz_2_                                                         ; 4       ;
; System:system|VexRISCVSoftcore:core|Axi4SharedArbiter_2_:axi_apbBridge_io_axi_arbiter|StreamFork_2_:streamFork_4_|_zz_2_       ; 4       ;
; System:system|VexRISCVSoftcore:core|StreamFork_3_:streamFork_4_|_zz_1_                                                         ; 8       ;
; System:system|VexRISCVSoftcore:core|Axi4SharedArbiter:axi_ram_io_axi_arbiter|StreamArbiter:cmdArbiter|maskLocked_1             ; 6       ;
; System:system|VexRISCVSoftcore:core|Axi4SharedArbiter:axi_ram_io_axi_arbiter|StreamFork:streamFork_4_|_zz_2_                   ; 4       ;
; System:system|VexRISCVSoftcore:core|Axi4SharedArbiter:axi_ram_io_axi_arbiter|StreamFork:streamFork_4_|_zz_1_                   ; 5       ;
; System:system|VexRISCVSoftcore:core|Axi4SharedArbiter_1_:axi_sdramCtrl_io_axi_arbiter|StreamArbiter_1_:cmdArbiter|maskLocked_1 ; 5       ;
; System:system|VexRISCVSoftcore:core|Axi4SharedArbiter_1_:axi_sdramCtrl_io_axi_arbiter|StreamFork_1_:streamFork_4_|_zz_1_       ; 5       ;
; System:system|VexRISCVSoftcore:core|Axi4SharedArbiter_1_:axi_sdramCtrl_io_axi_arbiter|StreamFork_1_:streamFork_4_|_zz_2_       ; 4       ;
; System:system|VexRISCVSoftcore:core|Axi4SharedDecoder:axi4SharedDecoder_1_|_zz_3_                                              ; 2       ;
; System:system|VexRISCVSoftcore:core|Apb3UartCtrl:axi_uartCtrl|UartCtrl:uartCtrl_1_|UartCtrlRx:rx|sampler_value                 ; 25      ;
; System:system|VexRISCVSoftcore:core|VexRiscv:axi_cpu|CsrPlugin_mtvec_base[29]                                                  ; 2       ;
; System:system|VexRISCVSoftcore:core|VexRiscv:axi_cpu|IBusSimplePlugin_fetchPc_pcReg[31]                                        ; 2       ;
; System:system|VexRISCVSoftcore:core|VexRiscv:axi_cpu|CsrPlugin_mstatus_MPP[0]                                                  ; 1       ;
; System:system|VexRISCVSoftcore:core|Apb3UartCtrl:axi_uartCtrl|UartCtrl:uartCtrl_1_|UartCtrlRx:rx|sampler_samples_3             ; 2       ;
; System:system|VexRISCVSoftcore:core|Apb3UartCtrl:axi_uartCtrl|UartCtrl:uartCtrl_1_|UartCtrlRx:rx|sampler_samples_2             ; 3       ;
; System:system|VexRISCVSoftcore:core|Apb3UartCtrl:axi_uartCtrl|UartCtrl:uartCtrl_1_|UartCtrlRx:rx|sampler_samples_4             ; 2       ;
; System:system|VexRISCVSoftcore:core|Apb3UartCtrl:axi_uartCtrl|UartCtrl:uartCtrl_1_|UartCtrlRx:rx|sampler_samples_1             ; 3       ;
; System:system|VexRISCVSoftcore:core|VexRiscv:axi_cpu|CsrPlugin_mstatus_MPP[1]                                                  ; 1       ;
; System:system|VexRISCVSoftcore:core|VexRiscv:axi_cpu|_zz_79_                                                                   ; 32      ;
; Total number of inverted registers = 24                                                                                        ;         ;
+--------------------------------------------------------------------------------------------------------------------------------+---------+


+--------------------------------------------------------------------------------------------------------------------------------------------------------------------------+
; Registers Packed Into Inferred Megafunctions                                                                                                                             ;
+-------------------------------------------------------------------------------+-----------------------------------------------------------------------------------+------+
; Register Name                                                                 ; Megafunction                                                                      ; Type ;
+-------------------------------------------------------------------------------+-----------------------------------------------------------------------------------+------+
; System:system|VexRISCVSoftcore:core|Axi4SharedOnChipRam:axi_ram|_zz_17_[0..7] ; System:system|VexRISCVSoftcore:core|Axi4SharedOnChipRam:axi_ram|ram_symbol2_rtl_0 ; RAM  ;
; System:system|VexRISCVSoftcore:core|Axi4SharedOnChipRam:axi_ram|_zz_16_[0..7] ; System:system|VexRISCVSoftcore:core|Axi4SharedOnChipRam:axi_ram|ram_symbol1_rtl_0 ; RAM  ;
; System:system|VexRISCVSoftcore:core|Axi4SharedOnChipRam:axi_ram|_zz_15_[0..7] ; System:system|VexRISCVSoftcore:core|Axi4SharedOnChipRam:axi_ram|ram_symbol0_rtl_0 ; RAM  ;
; System:system|VexRISCVSoftcore:core|Axi4SharedOnChipRam:axi_ram|_zz_18_[0..7] ; System:system|VexRISCVSoftcore:core|Axi4SharedOnChipRam:axi_ram|ram_symbol3_rtl_0 ; RAM  ;
; ApbRam:ram|apb_rdata[0..31]                                                   ; ApbRam:ram|ram_rtl_0                                                              ; RAM  ;
+-------------------------------------------------------------------------------+-----------------------------------------------------------------------------------+------+


+---------------------------------------------------------------------------------------------------------------------------------------------------------------------------------------------------------------------------------------------------------------------------+
; Multiplexer Restructuring Statistics (Restructuring Performed)                                                                                                                                                                                                            ;
+--------------------+-----------+---------------+----------------------+------------------------+------------+-------------------------------------------------------------------------------------------------------------------------------------------------------------+
; Multiplexer Inputs ; Bus Width ; Baseline Area ; Area if Restructured ; Saving if Restructured ; Registered ; Example Multiplexer Output                                                                                                                                  ;
+--------------------+-----------+---------------+----------------------+------------------------+------------+-------------------------------------------------------------------------------------------------------------------------------------------------------------+
; 3:1                ; 4 bits    ; 8 LEs         ; 4 LEs                ; 4 LEs                  ; Yes        ; |SimpleRiscExample|System:system|VexRISCVSoftcore:core|JtagBridge:jtagBridge_1_|jtag_tap_instruction[1]                                                     ;
; 3:1                ; 33 bits   ; 66 LEs        ; 33 LEs               ; 33 LEs                 ; Yes        ; |SimpleRiscExample|System:system|VexRISCVSoftcore:core|JtagBridge:jtagBridge_1_|jtag_readArea_shifter[29]                                                   ;
; 3:1                ; 2 bits    ; 4 LEs         ; 2 LEs                ; 2 LEs                  ; Yes        ; |SimpleRiscExample|System:system|VexRISCVSoftcore:core|VexRiscv:axi_cpu|DebugPlugin_busReadDataReg[0]                                                       ;
; 3:1                ; 30 bits   ; 60 LEs        ; 30 LEs               ; 30 LEs                 ; Yes        ; |SimpleRiscExample|System:system|VexRISCVSoftcore:core|VexRiscv:axi_cpu|DebugPlugin_busReadDataReg[31]                                                      ;
; 3:1                ; 32 bits   ; 64 LEs        ; 32 LEs               ; 32 LEs                 ; Yes        ; |SimpleRiscExample|System:system|VexRISCVSoftcore:core|VexRiscv:axi_cpu|memory_DivPlugin_rs1[29]                                                            ;
; 3:1                ; 2 bits    ; 4 LEs         ; 2 LEs                ; 2 LEs                  ; Yes        ; |SimpleRiscExample|System:system|VexRISCVSoftcore:core|VexRiscv:axi_cpu|CsrPlugin_mepc[0]                                                                   ;
; 3:1                ; 30 bits   ; 60 LEs        ; 30 LEs               ; 30 LEs                 ; Yes        ; |SimpleRiscExample|System:system|VexRISCVSoftcore:core|VexRiscv:axi_cpu|CsrPlugin_mepc[2]                                                                   ;
; 3:1                ; 3 bits    ; 6 LEs         ; 3 LEs                ; 3 LEs                  ; Yes        ; |SimpleRiscExample|System:system|VexRISCVSoftcore:core|Apb3UartCtrl:axi_uartCtrl|UartCtrl:uartCtrl_1_|UartCtrlRx:rx|bitTimer_counter[0]                     ;
; 3:1                ; 32 bits   ; 64 LEs        ; 32 LEs               ; 32 LEs                 ; Yes        ; |SimpleRiscExample|System:system|VexRISCVSoftcore:core|JtagBridge:jtagBridge_1_|jtag_idcodeArea_shifter[2]                                                  ;
; 4:1                ; 2 bits    ; 4 LEs         ; 4 LEs                ; 0 LEs                  ; Yes        ; |SimpleRiscExample|System:system|VexRISCVSoftcore:core|VexRiscv:axi_cpu|decode_to_execute_SRC2[0]                                                           ;
; 4:1                ; 27 bits   ; 54 LEs        ; 54 LEs               ; 0 LEs                  ; Yes        ; |SimpleRiscExample|System:system|VexRISCVSoftcore:core|VexRiscv:axi_cpu|decode_to_execute_SRC2[12]                                                          ;
; 4:1                ; 3 bits    ; 6 LEs         ; 6 LEs                ; 0 LEs                  ; Yes        ; |SimpleRiscExample|System:system|VexRISCVSoftcore:core|VexRiscv:axi_cpu|decode_to_execute_SRC2[4]                                                           ;
; 4:1                ; 5 bits    ; 10 LEs        ; 10 LEs               ; 0 LEs                  ; Yes        ; |SimpleRiscExample|System:system|VexRISCVSoftcore:core|VexRiscv:axi_cpu|decode_to_execute_SRC1[0]                                                           ;
; 4:1                ; 20 bits   ; 40 LEs        ; 40 LEs               ; 0 LEs                  ; Yes        ; |SimpleRiscExample|System:system|VexRISCVSoftcore:core|VexRiscv:axi_cpu|decode_to_execute_SRC1[25]                                                          ;
; 3:1                ; 8 bits    ; 16 LEs        ; 8 LEs                ; 8 LEs                  ; Yes        ; |SimpleRiscExample|System:system|VexRISCVSoftcore:core|Axi4SharedDecoder:axi4SharedDecoder_1_|Axi4SharedErrorSlave:errorSlave|remaining[5]                  ;
; 3:1                ; 7 bits    ; 14 LEs        ; 7 LEs                ; 7 LEs                  ; Yes        ; |SimpleRiscExample|System:system|VexRISCVSoftcore:core|Apb3UartCtrl:axi_uartCtrl|UartCtrl:uartCtrl_1_|UartCtrlRx:rx|break_counter[6]                        ;
; 3:1                ; 33 bits   ; 66 LEs        ; 33 LEs               ; 33 LEs                 ; Yes        ; |SimpleRiscExample|System:system|VexRISCVSoftcore:core|PinsecTimerCtrl:axi_timerCtrl|Timer:timerA|counter[4]                                                ;
; 3:1                ; 6 bits    ; 12 LEs        ; 6 LEs                ; 6 LEs                  ; Yes        ; |SimpleRiscExample|System:system|VexRISCVSoftcore:core|VexRiscv:axi_cpu|memory_DivPlugin_div_counter_value[2]                                               ;
; 3:1                ; 6 bits    ; 12 LEs        ; 6 LEs                ; 6 LEs                  ; Yes        ; |SimpleRiscExample|System:system|VexRISCVSoftcore:core|resetCtrl_systemResetCounter[3]                                                                      ;
; 3:1                ; 17 bits   ; 34 LEs        ; 17 LEs               ; 17 LEs                 ; Yes        ; |SimpleRiscExample|System:system|VexRISCVSoftcore:core|PinsecTimerCtrl:axi_timerCtrl|Timer_1_:timerB|counter[3]                                             ;
; 3:1                ; 17 bits   ; 34 LEs        ; 17 LEs               ; 17 LEs                 ; Yes        ; |SimpleRiscExample|System:system|VexRISCVSoftcore:core|PinsecTimerCtrl:axi_timerCtrl|Timer_1_:timerC|counter[1]                                             ;
; 3:1                ; 17 bits   ; 34 LEs        ; 17 LEs               ; 17 LEs                 ; Yes        ; |SimpleRiscExample|System:system|VexRISCVSoftcore:core|PinsecTimerCtrl:axi_timerCtrl|Timer_1_:timerD|counter[3]                                             ;
; 4:1                ; 3 bits    ; 6 LEs         ; 6 LEs                ; 0 LEs                  ; Yes        ; |SimpleRiscExample|System:system|VexRISCVSoftcore:core|VexRiscv:axi_cpu|CsrPlugin_interrupt_code[2]                                                         ;
; 3:1                ; 32 bits   ; 64 LEs        ; 64 LEs               ; 0 LEs                  ; Yes        ; |SimpleRiscExample|System:system|VexRISCVSoftcore:core|axi4SharedDecoder_1__io_input_r_m2sPipe_rData_data[22]                                               ;
; 3:1                ; 2 bits    ; 4 LEs         ; 2 LEs                ; 2 LEs                  ; Yes        ; |SimpleRiscExample|System:system|VexRISCVSoftcore:core|Axi4SharedSdramCtrl:axi_sdramCtrl|SdramCtrl:ctrl|chip_sdram_ADDR[4]                                  ;
; 4:1                ; 20 bits   ; 40 LEs        ; 40 LEs               ; 0 LEs                  ; Yes        ; |SimpleRiscExample|System:system|VexRISCVSoftcore:core|VexRiscv:axi_cpu|_zz_55_[31]                                                                         ;
; 3:1                ; 8 bits    ; 16 LEs        ; 8 LEs                ; 8 LEs                  ; Yes        ; |SimpleRiscExample|System:system|VexRISCVSoftcore:core|Axi4ReadOnlyDecoder:axi4ReadOnlyDecoder_1_|Axi4ReadOnlyErrorSlave:errorSlave|remaining[1]            ;
; 3:1                ; 4 bits    ; 8 LEs         ; 4 LEs                ; 4 LEs                  ; Yes        ; |SimpleRiscExample|System:system|VexRISCVSoftcore:core|JtagBridge:jtagBridge_1_|jtag_tap_instructionShift[0]                                                ;
; 4:1                ; 30 bits   ; 60 LEs        ; 60 LEs               ; 0 LEs                  ; Yes        ; |SimpleRiscExample|System:system|VexRISCVSoftcore:core|VexRiscv:axi_cpu|execute_to_memory_REGFILE_WRITE_DATA[9]                                             ;
; 4:1                ; 32 bits   ; 64 LEs        ; 64 LEs               ; 0 LEs                  ; Yes        ; |SimpleRiscExample|System:system|VexRISCVSoftcore:core|VexRiscv:axi_cpu|memory_DivPlugin_accumulator[27]                                                    ;
; 3:1                ; 2 bits    ; 4 LEs         ; 2 LEs                ; 2 LEs                  ; Yes        ; |SimpleRiscExample|System:system|VexRISCVSoftcore:core|Axi4SharedSdramCtrl:axi_sdramCtrl|SdramCtrl:ctrl|bubbleInserter_timings_banks_0_precharge_counter[0] ;
; 3:1                ; 2 bits    ; 4 LEs         ; 2 LEs                ; 2 LEs                  ; Yes        ; |SimpleRiscExample|System:system|VexRISCVSoftcore:core|Axi4SharedSdramCtrl:axi_sdramCtrl|SdramCtrl:ctrl|bubbleInserter_timings_banks_1_precharge_counter[0] ;
; 3:1                ; 2 bits    ; 4 LEs         ; 2 LEs                ; 2 LEs                  ; Yes        ; |SimpleRiscExample|System:system|VexRISCVSoftcore:core|Axi4SharedSdramCtrl:axi_sdramCtrl|SdramCtrl:ctrl|bubbleInserter_timings_banks_2_precharge_counter[0] ;
; 3:1                ; 2 bits    ; 4 LEs         ; 2 LEs                ; 2 LEs                  ; Yes        ; |SimpleRiscExample|System:system|VexRISCVSoftcore:core|Axi4SharedSdramCtrl:axi_sdramCtrl|SdramCtrl:ctrl|bubbleInserter_timings_banks_3_precharge_counter[0] ;
; 4:1                ; 3 bits    ; 6 LEs         ; 6 LEs                ; 0 LEs                  ; Yes        ; |SimpleRiscExample|System:system|VexRISCVSoftcore:core|Axi4SharedSdramCtrl:axi_sdramCtrl|SdramCtrl:ctrl|bubbleInserter_timings_write_counter[1]             ;
; 7:1                ; 3 bits    ; 12 LEs        ; 3 LEs                ; 9 LEs                  ; Yes        ; |SimpleRiscExample|System:system|VexRISCVSoftcore:core|Apb3UartCtrl:axi_uartCtrl|UartCtrl:uartCtrl_1_|UartCtrlRx:rx|bitCounter_value[1]                     ;
; 7:1                ; 3 bits    ; 12 LEs        ; 3 LEs                ; 9 LEs                  ; Yes        ; |SimpleRiscExample|System:system|VexRISCVSoftcore:core|Apb3UartCtrl:axi_uartCtrl|UartCtrl:uartCtrl_1_|UartCtrlTx:tx|tickCounter_value[2]                    ;
; 6:1                ; 2 bits    ; 8 LEs         ; 6 LEs                ; 2 LEs                  ; Yes        ; |SimpleRiscExample|System:system|VexRISCVSoftcore:core|Axi4SharedSdramCtrl:axi_sdramCtrl|SdramCtrl:ctrl|bubbleInserter_timings_banks_2_active_counter[0]    ;
; 6:1                ; 2 bits    ; 8 LEs         ; 6 LEs                ; 2 LEs                  ; Yes        ; |SimpleRiscExample|System:system|VexRISCVSoftcore:core|Axi4SharedSdramCtrl:axi_sdramCtrl|SdramCtrl:ctrl|bubbleInserter_timings_banks_3_active_counter[0]    ;
; 6:1                ; 2 bits    ; 8 LEs         ; 6 LEs                ; 2 LEs                  ; Yes        ; |SimpleRiscExample|System:system|VexRISCVSoftcore:core|Axi4SharedSdramCtrl:axi_sdramCtrl|SdramCtrl:ctrl|bubbleInserter_timings_banks_1_active_counter[0]    ;
; 259:1              ; 8 bits    ; 1376 LEs      ; 24 LEs               ; 1352 LEs               ; Yes        ; |SimpleRiscExample|System:system|VexRISCVSoftcore:core|Axi4SharedToApb3Bridge:axi_apbBridge|readedData[28]                                                  ;
; 259:1              ; 4 bits    ; 688 LEs       ; 32 LEs               ; 656 LEs                ; Yes        ; |SimpleRiscExample|System:system|VexRISCVSoftcore:core|Axi4SharedToApb3Bridge:axi_apbBridge|readedData[6]                                                   ;
; 7:1                ; 2 bits    ; 8 LEs         ; 6 LEs                ; 2 LEs                  ; Yes        ; |SimpleRiscExample|System:system|VexRISCVSoftcore:core|Axi4SharedSdramCtrl:axi_sdramCtrl|SdramCtrl:ctrl|bubbleInserter_timings_banks_0_active_counter[0]    ;
; 289:1              ; 2 bits    ; 384 LEs       ; 28 LEs               ; 356 LEs                ; Yes        ; |SimpleRiscExample|System:system|VexRISCVSoftcore:core|Axi4SharedToApb3Bridge:axi_apbBridge|readedData[9]                                                   ;
; 289:1              ; 2 bits    ; 384 LEs       ; 24 LEs               ; 360 LEs                ; Yes        ; |SimpleRiscExample|System:system|VexRISCVSoftcore:core|Axi4SharedToApb3Bridge:axi_apbBridge|readedData[1]                                                   ;
; 4:1                ; 2 bits    ; 4 LEs         ; 4 LEs                ; 0 LEs                  ; Yes        ; |SimpleRiscExample|System:system|VexRISCVSoftcore:core|VexRiscv:axi_cpu|CsrPlugin_mstatus_MPP[1]                                                            ;
; 4:1                ; 14 bits   ; 28 LEs        ; 28 LEs               ; 0 LEs                  ; No         ; |SimpleRiscExample|System:system|VexRISCVSoftcore:core|Axi4SharedSdramCtrl:axi_sdramCtrl|SdramCtrl:ctrl|Mux12                                               ;
; 3:1                ; 32 bits   ; 64 LEs        ; 64 LEs               ; 0 LEs                  ; No         ; |SimpleRiscExample|System:system|VexRISCVSoftcore:core|VexRiscv:axi_cpu|execute_CsrPlugin_writeData[14]                                                     ;
; 3:1                ; 10 bits   ; 20 LEs        ; 20 LEs               ; 0 LEs                  ; No         ; |SimpleRiscExample|System:system|VexRISCVSoftcore:core|VexRiscv:axi_cpu|_zz_55_                                                                             ;
; 3:1                ; 4 bits    ; 8 LEs         ; 4 LEs                ; 4 LEs                  ; No         ; |SimpleRiscExample|System:system|VexRISCVSoftcore:core|PinsecTimerCtrl:axi_timerCtrl|_zz_20_[3]                                                             ;
; 3:1                ; 8 bits    ; 16 LEs        ; 16 LEs               ; 0 LEs                  ; No         ; |SimpleRiscExample|System:system|VexRISCVSoftcore:core|VexRiscv:axi_cpu|Selector0                                                                           ;
; 4:1                ; 32 bits   ; 64 LEs        ; 64 LEs               ; 0 LEs                  ; No         ; |SimpleRiscExample|System:system|VexRISCVSoftcore:core|VexRiscv:axi_cpu|_zz_207_                                                                            ;
; 3:1                ; 31 bits   ; 62 LEs        ; 62 LEs               ; 0 LEs                  ; No         ; |SimpleRiscExample|System:system|VexRISCVSoftcore:core|VexRiscv:axi_cpu|Selector34                                                                          ;
; 5:1                ; 2 bits    ; 6 LEs         ; 4 LEs                ; 2 LEs                  ; No         ; |SimpleRiscExample|System:system|VexRISCVSoftcore:core|Axi4SharedSdramCtrl:axi_sdramCtrl|SdramCtrl:ctrl|frontend_rsp_m2sPipe_rData_task                     ;
; 5:1                ; 30 bits   ; 90 LEs        ; 60 LEs               ; 30 LEs                 ; No         ; |SimpleRiscExample|System:system|VexRISCVSoftcore:core|VexRiscv:axi_cpu|IBusSimplePlugin_iBusRsp_stages_0_input_payload[18]                                 ;
; 7:1                ; 7 bits    ; 28 LEs        ; 28 LEs               ; 0 LEs                  ; No         ; |SimpleRiscExample|System:system|VexRISCVSoftcore:core|VexRiscv:axi_cpu|lastStageRegFileWrite_payload_data[5]                                               ;
; 6:1                ; 7 bits    ; 28 LEs        ; 28 LEs               ; 0 LEs                  ; No         ; |SimpleRiscExample|System:system|VexRISCVSoftcore:core|VexRiscv:axi_cpu|lastStageRegFileWrite_payload_data[11]                                              ;
; 6:1                ; 16 bits   ; 64 LEs        ; 64 LEs               ; 0 LEs                  ; No         ; |SimpleRiscExample|System:system|VexRISCVSoftcore:core|VexRiscv:axi_cpu|lastStageRegFileWrite_payload_data[27]                                              ;
; 6:1                ; 2 bits    ; 8 LEs         ; 4 LEs                ; 4 LEs                  ; No         ; |SimpleRiscExample|System:system|VexRISCVSoftcore:core|Axi4SharedSdramCtrl:axi_sdramCtrl|SdramCtrl:ctrl|Selector6                                           ;
; 7:1                ; 2 bits    ; 8 LEs         ; 4 LEs                ; 4 LEs                  ; No         ; |SimpleRiscExample|System:system|VexRISCVSoftcore:core|Axi4SharedSdramCtrl:axi_sdramCtrl|SdramCtrl:ctrl|Selector5                                           ;
; 256:1              ; 6 bits    ; 1020 LEs      ; 18 LEs               ; 1002 LEs               ; No         ; |SimpleRiscExample|System:system|VexRISCVSoftcore:core|PinsecTimerCtrl:axi_timerCtrl|Selector10                                                             ;
; 256:1              ; 5 bits    ; 850 LEs       ; 55 LEs               ; 795 LEs                ; No         ; |SimpleRiscExample|System:system|VexRISCVSoftcore:core|PinsecTimerCtrl:axi_timerCtrl|Selector19                                                             ;
; 8:1                ; 2 bits    ; 10 LEs        ; 4 LEs                ; 6 LEs                  ; No         ; |SimpleRiscExample|System:system|VexRISCVSoftcore:core|Apb3UartCtrl:axi_uartCtrl|UartCtrl:uartCtrl_1_|UartCtrlTx:tx|Selector1                               ;
+--------------------+-----------+---------------+----------------------+------------------------+------------+-------------------------------------------------------------------------------------------------------------------------------------------------------------+


+-----------------------------------------------------------------------------+
; Source assignments for System:system|VexRISCVSoftcore:core|VexRiscv:axi_cpu ;
+------------------------------+-------+------+-------------------------------+
; Assignment                   ; Value ; From ; To                            ;
+------------------------------+-------+------+-------------------------------+
; IGNORE_LCELL_BUFFERS         ; off   ; -    ; execute_RS1[31]               ;
; REMOVE_REDUNDANT_LOGIC_CELLS ; off   ; -    ; execute_RS1[31]               ;
; IGNORE_LCELL_BUFFERS         ; off   ; -    ; execute_RS1[30]               ;
; REMOVE_REDUNDANT_LOGIC_CELLS ; off   ; -    ; execute_RS1[30]               ;
; IGNORE_LCELL_BUFFERS         ; off   ; -    ; execute_RS1[29]               ;
; REMOVE_REDUNDANT_LOGIC_CELLS ; off   ; -    ; execute_RS1[29]               ;
; IGNORE_LCELL_BUFFERS         ; off   ; -    ; execute_RS1[28]               ;
; REMOVE_REDUNDANT_LOGIC_CELLS ; off   ; -    ; execute_RS1[28]               ;
; IGNORE_LCELL_BUFFERS         ; off   ; -    ; execute_RS1[27]               ;
; REMOVE_REDUNDANT_LOGIC_CELLS ; off   ; -    ; execute_RS1[27]               ;
; IGNORE_LCELL_BUFFERS         ; off   ; -    ; execute_RS1[26]               ;
; REMOVE_REDUNDANT_LOGIC_CELLS ; off   ; -    ; execute_RS1[26]               ;
; IGNORE_LCELL_BUFFERS         ; off   ; -    ; execute_RS1[25]               ;
; REMOVE_REDUNDANT_LOGIC_CELLS ; off   ; -    ; execute_RS1[25]               ;
; IGNORE_LCELL_BUFFERS         ; off   ; -    ; execute_RS1[24]               ;
; REMOVE_REDUNDANT_LOGIC_CELLS ; off   ; -    ; execute_RS1[24]               ;
; IGNORE_LCELL_BUFFERS         ; off   ; -    ; execute_RS1[23]               ;
; REMOVE_REDUNDANT_LOGIC_CELLS ; off   ; -    ; execute_RS1[23]               ;
; IGNORE_LCELL_BUFFERS         ; off   ; -    ; execute_RS1[22]               ;
; REMOVE_REDUNDANT_LOGIC_CELLS ; off   ; -    ; execute_RS1[22]               ;
; IGNORE_LCELL_BUFFERS         ; off   ; -    ; execute_RS1[21]               ;
; REMOVE_REDUNDANT_LOGIC_CELLS ; off   ; -    ; execute_RS1[21]               ;
; IGNORE_LCELL_BUFFERS         ; off   ; -    ; execute_RS1[20]               ;
; REMOVE_REDUNDANT_LOGIC_CELLS ; off   ; -    ; execute_RS1[20]               ;
; IGNORE_LCELL_BUFFERS         ; off   ; -    ; execute_RS1[19]               ;
; REMOVE_REDUNDANT_LOGIC_CELLS ; off   ; -    ; execute_RS1[19]               ;
; IGNORE_LCELL_BUFFERS         ; off   ; -    ; execute_RS1[18]               ;
; REMOVE_REDUNDANT_LOGIC_CELLS ; off   ; -    ; execute_RS1[18]               ;
; IGNORE_LCELL_BUFFERS         ; off   ; -    ; execute_RS1[17]               ;
; REMOVE_REDUNDANT_LOGIC_CELLS ; off   ; -    ; execute_RS1[17]               ;
; IGNORE_LCELL_BUFFERS         ; off   ; -    ; execute_RS1[16]               ;
; REMOVE_REDUNDANT_LOGIC_CELLS ; off   ; -    ; execute_RS1[16]               ;
; IGNORE_LCELL_BUFFERS         ; off   ; -    ; execute_RS1[15]               ;
; REMOVE_REDUNDANT_LOGIC_CELLS ; off   ; -    ; execute_RS1[15]               ;
; IGNORE_LCELL_BUFFERS         ; off   ; -    ; execute_RS1[14]               ;
; REMOVE_REDUNDANT_LOGIC_CELLS ; off   ; -    ; execute_RS1[14]               ;
; IGNORE_LCELL_BUFFERS         ; off   ; -    ; execute_RS1[13]               ;
; REMOVE_REDUNDANT_LOGIC_CELLS ; off   ; -    ; execute_RS1[13]               ;
; IGNORE_LCELL_BUFFERS         ; off   ; -    ; execute_RS1[12]               ;
; REMOVE_REDUNDANT_LOGIC_CELLS ; off   ; -    ; execute_RS1[12]               ;
; IGNORE_LCELL_BUFFERS         ; off   ; -    ; execute_RS1[11]               ;
; REMOVE_REDUNDANT_LOGIC_CELLS ; off   ; -    ; execute_RS1[11]               ;
; IGNORE_LCELL_BUFFERS         ; off   ; -    ; execute_RS1[10]               ;
; REMOVE_REDUNDANT_LOGIC_CELLS ; off   ; -    ; execute_RS1[10]               ;
; IGNORE_LCELL_BUFFERS         ; off   ; -    ; execute_RS1[9]                ;
; REMOVE_REDUNDANT_LOGIC_CELLS ; off   ; -    ; execute_RS1[9]                ;
; IGNORE_LCELL_BUFFERS         ; off   ; -    ; execute_RS1[8]                ;
; REMOVE_REDUNDANT_LOGIC_CELLS ; off   ; -    ; execute_RS1[8]                ;
; IGNORE_LCELL_BUFFERS         ; off   ; -    ; execute_RS1[7]                ;
; REMOVE_REDUNDANT_LOGIC_CELLS ; off   ; -    ; execute_RS1[7]                ;
; IGNORE_LCELL_BUFFERS         ; off   ; -    ; execute_RS1[6]                ;
; REMOVE_REDUNDANT_LOGIC_CELLS ; off   ; -    ; execute_RS1[6]                ;
; IGNORE_LCELL_BUFFERS         ; off   ; -    ; execute_RS1[5]                ;
; REMOVE_REDUNDANT_LOGIC_CELLS ; off   ; -    ; execute_RS1[5]                ;
; IGNORE_LCELL_BUFFERS         ; off   ; -    ; execute_RS1[4]                ;
; REMOVE_REDUNDANT_LOGIC_CELLS ; off   ; -    ; execute_RS1[4]                ;
; IGNORE_LCELL_BUFFERS         ; off   ; -    ; execute_RS1[3]                ;
; REMOVE_REDUNDANT_LOGIC_CELLS ; off   ; -    ; execute_RS1[3]                ;
; IGNORE_LCELL_BUFFERS         ; off   ; -    ; execute_RS1[2]                ;
; REMOVE_REDUNDANT_LOGIC_CELLS ; off   ; -    ; execute_RS1[2]                ;
; IGNORE_LCELL_BUFFERS         ; off   ; -    ; execute_RS1[1]                ;
; REMOVE_REDUNDANT_LOGIC_CELLS ; off   ; -    ; execute_RS1[1]                ;
; IGNORE_LCELL_BUFFERS         ; off   ; -    ; execute_RS1[0]                ;
; REMOVE_REDUNDANT_LOGIC_CELLS ; off   ; -    ; execute_RS1[0]                ;
; IGNORE_LCELL_BUFFERS         ; off   ; -    ; execute_RS2[31]               ;
; REMOVE_REDUNDANT_LOGIC_CELLS ; off   ; -    ; execute_RS2[31]               ;
; IGNORE_LCELL_BUFFERS         ; off   ; -    ; execute_RS2[30]               ;
; REMOVE_REDUNDANT_LOGIC_CELLS ; off   ; -    ; execute_RS2[30]               ;
; IGNORE_LCELL_BUFFERS         ; off   ; -    ; execute_RS2[29]               ;
; REMOVE_REDUNDANT_LOGIC_CELLS ; off   ; -    ; execute_RS2[29]               ;
; IGNORE_LCELL_BUFFERS         ; off   ; -    ; execute_RS2[28]               ;
; REMOVE_REDUNDANT_LOGIC_CELLS ; off   ; -    ; execute_RS2[28]               ;
; IGNORE_LCELL_BUFFERS         ; off   ; -    ; execute_RS2[27]               ;
; REMOVE_REDUNDANT_LOGIC_CELLS ; off   ; -    ; execute_RS2[27]               ;
; IGNORE_LCELL_BUFFERS         ; off   ; -    ; execute_RS2[26]               ;
; REMOVE_REDUNDANT_LOGIC_CELLS ; off   ; -    ; execute_RS2[26]               ;
; IGNORE_LCELL_BUFFERS         ; off   ; -    ; execute_RS2[25]               ;
; REMOVE_REDUNDANT_LOGIC_CELLS ; off   ; -    ; execute_RS2[25]               ;
; IGNORE_LCELL_BUFFERS         ; off   ; -    ; execute_RS2[24]               ;
; REMOVE_REDUNDANT_LOGIC_CELLS ; off   ; -    ; execute_RS2[24]               ;
; IGNORE_LCELL_BUFFERS         ; off   ; -    ; execute_RS2[23]               ;
; REMOVE_REDUNDANT_LOGIC_CELLS ; off   ; -    ; execute_RS2[23]               ;
; IGNORE_LCELL_BUFFERS         ; off   ; -    ; execute_RS2[22]               ;
; REMOVE_REDUNDANT_LOGIC_CELLS ; off   ; -    ; execute_RS2[22]               ;
; IGNORE_LCELL_BUFFERS         ; off   ; -    ; execute_RS2[21]               ;
; REMOVE_REDUNDANT_LOGIC_CELLS ; off   ; -    ; execute_RS2[21]               ;
; IGNORE_LCELL_BUFFERS         ; off   ; -    ; execute_RS2[20]               ;
; REMOVE_REDUNDANT_LOGIC_CELLS ; off   ; -    ; execute_RS2[20]               ;
; IGNORE_LCELL_BUFFERS         ; off   ; -    ; execute_RS2[19]               ;
; REMOVE_REDUNDANT_LOGIC_CELLS ; off   ; -    ; execute_RS2[19]               ;
; IGNORE_LCELL_BUFFERS         ; off   ; -    ; execute_RS2[18]               ;
; REMOVE_REDUNDANT_LOGIC_CELLS ; off   ; -    ; execute_RS2[18]               ;
; IGNORE_LCELL_BUFFERS         ; off   ; -    ; execute_RS2[17]               ;
; REMOVE_REDUNDANT_LOGIC_CELLS ; off   ; -    ; execute_RS2[17]               ;
; IGNORE_LCELL_BUFFERS         ; off   ; -    ; execute_RS2[16]               ;
; REMOVE_REDUNDANT_LOGIC_CELLS ; off   ; -    ; execute_RS2[16]               ;
; IGNORE_LCELL_BUFFERS         ; off   ; -    ; execute_RS2[15]               ;
; REMOVE_REDUNDANT_LOGIC_CELLS ; off   ; -    ; execute_RS2[15]               ;
; IGNORE_LCELL_BUFFERS         ; off   ; -    ; execute_RS2[14]               ;
; REMOVE_REDUNDANT_LOGIC_CELLS ; off   ; -    ; execute_RS2[14]               ;
; IGNORE_LCELL_BUFFERS         ; off   ; -    ; execute_RS2[13]               ;
; REMOVE_REDUNDANT_LOGIC_CELLS ; off   ; -    ; execute_RS2[13]               ;
; IGNORE_LCELL_BUFFERS         ; off   ; -    ; execute_RS2[12]               ;
; REMOVE_REDUNDANT_LOGIC_CELLS ; off   ; -    ; execute_RS2[12]               ;
; IGNORE_LCELL_BUFFERS         ; off   ; -    ; execute_RS2[11]               ;
; REMOVE_REDUNDANT_LOGIC_CELLS ; off   ; -    ; execute_RS2[11]               ;
; IGNORE_LCELL_BUFFERS         ; off   ; -    ; execute_RS2[10]               ;
; REMOVE_REDUNDANT_LOGIC_CELLS ; off   ; -    ; execute_RS2[10]               ;
; IGNORE_LCELL_BUFFERS         ; off   ; -    ; execute_RS2[9]                ;
; REMOVE_REDUNDANT_LOGIC_CELLS ; off   ; -    ; execute_RS2[9]                ;
; IGNORE_LCELL_BUFFERS         ; off   ; -    ; execute_RS2[8]                ;
; REMOVE_REDUNDANT_LOGIC_CELLS ; off   ; -    ; execute_RS2[8]                ;
; IGNORE_LCELL_BUFFERS         ; off   ; -    ; execute_RS2[7]                ;
; REMOVE_REDUNDANT_LOGIC_CELLS ; off   ; -    ; execute_RS2[7]                ;
; IGNORE_LCELL_BUFFERS         ; off   ; -    ; execute_RS2[6]                ;
; REMOVE_REDUNDANT_LOGIC_CELLS ; off   ; -    ; execute_RS2[6]                ;
; IGNORE_LCELL_BUFFERS         ; off   ; -    ; execute_RS2[5]                ;
; REMOVE_REDUNDANT_LOGIC_CELLS ; off   ; -    ; execute_RS2[5]                ;
; IGNORE_LCELL_BUFFERS         ; off   ; -    ; execute_RS2[4]                ;
; REMOVE_REDUNDANT_LOGIC_CELLS ; off   ; -    ; execute_RS2[4]                ;
; IGNORE_LCELL_BUFFERS         ; off   ; -    ; execute_RS2[3]                ;
; REMOVE_REDUNDANT_LOGIC_CELLS ; off   ; -    ; execute_RS2[3]                ;
; IGNORE_LCELL_BUFFERS         ; off   ; -    ; execute_RS2[2]                ;
; REMOVE_REDUNDANT_LOGIC_CELLS ; off   ; -    ; execute_RS2[2]                ;
; IGNORE_LCELL_BUFFERS         ; off   ; -    ; execute_RS2[1]                ;
; REMOVE_REDUNDANT_LOGIC_CELLS ; off   ; -    ; execute_RS2[1]                ;
; IGNORE_LCELL_BUFFERS         ; off   ; -    ; execute_RS2[0]                ;
; REMOVE_REDUNDANT_LOGIC_CELLS ; off   ; -    ; execute_RS2[0]                ;
+------------------------------+-------+------+-------------------------------+


+----------------------------------------------------------------------------------------------------------------------------------------------------+
; Source assignments for System:system|VexRISCVSoftcore:core|Axi4SharedOnChipRam:axi_ram|altsyncram:ram_symbol2_rtl_0|altsyncram_2ed1:auto_generated ;
+---------------------------------+--------------------+------+--------------------------------------------------------------------------------------+
; Assignment                      ; Value              ; From ; To                                                                                   ;
+---------------------------------+--------------------+------+--------------------------------------------------------------------------------------+
; OPTIMIZE_POWER_DURING_SYNTHESIS ; NORMAL_COMPILATION ; -    ; -                                                                                    ;
+---------------------------------+--------------------+------+--------------------------------------------------------------------------------------+


+----------------------------------------------------------------------------------------------------------------------------------------------------+
; Source assignments for System:system|VexRISCVSoftcore:core|Axi4SharedOnChipRam:axi_ram|altsyncram:ram_symbol1_rtl_0|altsyncram_2ed1:auto_generated ;
+---------------------------------+--------------------+------+--------------------------------------------------------------------------------------+
; Assignment                      ; Value              ; From ; To                                                                                   ;
+---------------------------------+--------------------+------+--------------------------------------------------------------------------------------+
; OPTIMIZE_POWER_DURING_SYNTHESIS ; NORMAL_COMPILATION ; -    ; -                                                                                    ;
+---------------------------------+--------------------+------+--------------------------------------------------------------------------------------+


+----------------------------------------------------------------------------------------------------------------------------------------------------+
; Source assignments for System:system|VexRISCVSoftcore:core|Axi4SharedOnChipRam:axi_ram|altsyncram:ram_symbol0_rtl_0|altsyncram_2ed1:auto_generated ;
+---------------------------------+--------------------+------+--------------------------------------------------------------------------------------+
; Assignment                      ; Value              ; From ; To                                                                                   ;
+---------------------------------+--------------------+------+--------------------------------------------------------------------------------------+
; OPTIMIZE_POWER_DURING_SYNTHESIS ; NORMAL_COMPILATION ; -    ; -                                                                                    ;
+---------------------------------+--------------------+------+--------------------------------------------------------------------------------------+


+----------------------------------------------------------------------------------------------------------------------------------------------------+
; Source assignments for System:system|VexRISCVSoftcore:core|Axi4SharedOnChipRam:axi_ram|altsyncram:ram_symbol3_rtl_0|altsyncram_2ed1:auto_generated ;
+---------------------------------+--------------------+------+--------------------------------------------------------------------------------------+
; Assignment                      ; Value              ; From ; To                                                                                   ;
+---------------------------------+--------------------+------+--------------------------------------------------------------------------------------+
; OPTIMIZE_POWER_DURING_SYNTHESIS ; NORMAL_COMPILATION ; -    ; -                                                                                    ;
+---------------------------------+--------------------+------+--------------------------------------------------------------------------------------+


+---------------------------------------------------------------------------------------+
; Source assignments for ApbRam:ram|altsyncram:ram_rtl_0|altsyncram_rdf1:auto_generated ;
+---------------------------------+--------------------+------+-------------------------+
; Assignment                      ; Value              ; From ; To                      ;
+---------------------------------+--------------------+------+-------------------------+
; OPTIMIZE_POWER_DURING_SYNTHESIS ; NORMAL_COMPILATION ; -    ; -                       ;
+---------------------------------+--------------------+------+-------------------------+


+-----------------------------------------------------------------------------------+
; Parameter Settings for User Entity Instance: Top-level Entity: |SimpleRiscExample ;
+-----------------+---------------+-------------------------------------------------+
; Parameter Name  ; Value         ; Type                                            ;
+-----------------+---------------+-------------------------------------------------+
; numOfSlaves     ; 4             ; Signed Integer                                  ;
; addresses_start ; (4,8,12,1024) ; Array/Record                                    ;
; addresses_end   ; (4,8,12,2048) ; Array/Record                                    ;
+-----------------+---------------+-------------------------------------------------+
Note: In order to hide this table in the UI and the text report file, please set the "Show Parameter Settings in Synthesis Report" option in "Analysis and Synthesis Settings -> More Settings" to "Off".


+---------------------------------------------------------+
; Parameter Settings for User Entity Instance: ApbBus:bus ;
+----------------+-------+--------------------------------+
; Parameter Name ; Value ; Type                           ;
+----------------+-------+--------------------------------+
; AddrWidth      ; 16    ; Signed Integer                 ;
; DataWidth      ; 32    ; Signed Integer                 ;
+----------------+-------+--------------------------------+
Note: In order to hide this table in the UI and the text report file, please set the "Show Parameter Settings in Synthesis Report" option in "Analysis and Synthesis Settings -> More Settings" to "Off".


+-----------------------------------------------------------------------------------------------+
; Parameter Settings for User Entity Instance: System:system|PLL:pll_1_|altpll:altpll_component ;
+-------------------------------+-----------------------+---------------------------------------+
; Parameter Name                ; Value                 ; Type                                  ;
+-------------------------------+-----------------------+---------------------------------------+
; OPERATION_MODE                ; NORMAL                ; Untyped                               ;
; PLL_TYPE                      ; AUTO                  ; Untyped                               ;
; LPM_HINT                      ; CBX_MODULE_PREFIX=PLL ; Untyped                               ;
; QUALIFY_CONF_DONE             ; OFF                   ; Untyped                               ;
; COMPENSATE_CLOCK              ; CLK1                  ; Untyped                               ;
; SCAN_CHAIN                    ; LONG                  ; Untyped                               ;
; PRIMARY_CLOCK                 ; INCLK0                ; Untyped                               ;
; INCLK0_INPUT_FREQUENCY        ; 20000                 ; Signed Integer                        ;
; INCLK1_INPUT_FREQUENCY        ; 0                     ; Untyped                               ;
; GATE_LOCK_SIGNAL              ; NO                    ; Untyped                               ;
; GATE_LOCK_COUNTER             ; 0                     ; Untyped                               ;
; LOCK_HIGH                     ; 1                     ; Untyped                               ;
; LOCK_LOW                      ; 1                     ; Untyped                               ;
; VALID_LOCK_MULTIPLIER         ; 1                     ; Untyped                               ;
; INVALID_LOCK_MULTIPLIER       ; 5                     ; Untyped                               ;
; SWITCH_OVER_ON_LOSSCLK        ; OFF                   ; Untyped                               ;
; SWITCH_OVER_ON_GATED_LOCK     ; OFF                   ; Untyped                               ;
; ENABLE_SWITCH_OVER_COUNTER    ; OFF                   ; Untyped                               ;
; SKIP_VCO                      ; OFF                   ; Untyped                               ;
; SWITCH_OVER_COUNTER           ; 0                     ; Untyped                               ;
; SWITCH_OVER_TYPE              ; AUTO                  ; Untyped                               ;
; FEEDBACK_SOURCE               ; EXTCLK0               ; Untyped                               ;
; BANDWIDTH                     ; 0                     ; Untyped                               ;
; BANDWIDTH_TYPE                ; AUTO                  ; Untyped                               ;
; SPREAD_FREQUENCY              ; 0                     ; Untyped                               ;
; DOWN_SPREAD                   ; 0                     ; Untyped                               ;
; SELF_RESET_ON_GATED_LOSS_LOCK ; OFF                   ; Untyped                               ;
; SELF_RESET_ON_LOSS_LOCK       ; OFF                   ; Untyped                               ;
; CLK9_MULTIPLY_BY              ; 0                     ; Untyped                               ;
; CLK8_MULTIPLY_BY              ; 0                     ; Untyped                               ;
; CLK7_MULTIPLY_BY              ; 0                     ; Untyped                               ;
; CLK6_MULTIPLY_BY              ; 0                     ; Untyped                               ;
; CLK5_MULTIPLY_BY              ; 1                     ; Untyped                               ;
; CLK4_MULTIPLY_BY              ; 1                     ; Untyped                               ;
; CLK3_MULTIPLY_BY              ; 1                     ; Untyped                               ;
; CLK2_MULTIPLY_BY              ; 1                     ; Untyped                               ;
; CLK1_MULTIPLY_BY              ; 1                     ; Signed Integer                        ;
; CLK0_MULTIPLY_BY              ; 1                     ; Signed Integer                        ;
; CLK9_DIVIDE_BY                ; 0                     ; Untyped                               ;
; CLK8_DIVIDE_BY                ; 0                     ; Untyped                               ;
; CLK7_DIVIDE_BY                ; 0                     ; Untyped                               ;
; CLK6_DIVIDE_BY                ; 0                     ; Untyped                               ;
; CLK5_DIVIDE_BY                ; 1                     ; Untyped                               ;
; CLK4_DIVIDE_BY                ; 1                     ; Untyped                               ;
; CLK3_DIVIDE_BY                ; 1                     ; Untyped                               ;
; CLK2_DIVIDE_BY                ; 1                     ; Untyped                               ;
; CLK1_DIVIDE_BY                ; 1                     ; Signed Integer                        ;
; CLK0_DIVIDE_BY                ; 1                     ; Signed Integer                        ;
; CLK9_PHASE_SHIFT              ; 0                     ; Untyped                               ;
; CLK8_PHASE_SHIFT              ; 0                     ; Untyped                               ;
; CLK7_PHASE_SHIFT              ; 0                     ; Untyped                               ;
; CLK6_PHASE_SHIFT              ; 0                     ; Untyped                               ;
; CLK5_PHASE_SHIFT              ; 0                     ; Untyped                               ;
; CLK4_PHASE_SHIFT              ; 0                     ; Untyped                               ;
; CLK3_PHASE_SHIFT              ; 0                     ; Untyped                               ;
; CLK2_PHASE_SHIFT              ; 0                     ; Untyped                               ;
; CLK1_PHASE_SHIFT              ; 0                     ; Untyped                               ;
; CLK0_PHASE_SHIFT              ; -5000                 ; Untyped                               ;
; CLK5_TIME_DELAY               ; 0                     ; Untyped                               ;
; CLK4_TIME_DELAY               ; 0                     ; Untyped                               ;
; CLK3_TIME_DELAY               ; 0                     ; Untyped                               ;
; CLK2_TIME_DELAY               ; 0                     ; Untyped                               ;
; CLK1_TIME_DELAY               ; 0                     ; Untyped                               ;
; CLK0_TIME_DELAY               ; 0                     ; Untyped                               ;
; CLK9_DUTY_CYCLE               ; 50                    ; Untyped                               ;
; CLK8_DUTY_CYCLE               ; 50                    ; Untyped                               ;
; CLK7_DUTY_CYCLE               ; 50                    ; Untyped                               ;
; CLK6_DUTY_CYCLE               ; 50                    ; Untyped                               ;
; CLK5_DUTY_CYCLE               ; 50                    ; Untyped                               ;
; CLK4_DUTY_CYCLE               ; 50                    ; Untyped                               ;
; CLK3_DUTY_CYCLE               ; 50                    ; Untyped                               ;
; CLK2_DUTY_CYCLE               ; 50                    ; Untyped                               ;
; CLK1_DUTY_CYCLE               ; 50                    ; Signed Integer                        ;
; CLK0_DUTY_CYCLE               ; 50                    ; Signed Integer                        ;
; CLK9_USE_EVEN_COUNTER_MODE    ; OFF                   ; Untyped                               ;
; CLK8_USE_EVEN_COUNTER_MODE    ; OFF                   ; Untyped                               ;
; CLK7_USE_EVEN_COUNTER_MODE    ; OFF                   ; Untyped                               ;
; CLK6_USE_EVEN_COUNTER_MODE    ; OFF                   ; Untyped                               ;
; CLK5_USE_EVEN_COUNTER_MODE    ; OFF                   ; Untyped                               ;
; CLK4_USE_EVEN_COUNTER_MODE    ; OFF                   ; Untyped                               ;
; CLK3_USE_EVEN_COUNTER_MODE    ; OFF                   ; Untyped                               ;
; CLK2_USE_EVEN_COUNTER_MODE    ; OFF                   ; Untyped                               ;
; CLK1_USE_EVEN_COUNTER_MODE    ; OFF                   ; Untyped                               ;
; CLK0_USE_EVEN_COUNTER_MODE    ; OFF                   ; Untyped                               ;
; CLK9_USE_EVEN_COUNTER_VALUE   ; OFF                   ; Untyped                               ;
; CLK8_USE_EVEN_COUNTER_VALUE   ; OFF                   ; Untyped                               ;
; CLK7_USE_EVEN_COUNTER_VALUE   ; OFF                   ; Untyped                               ;
; CLK6_USE_EVEN_COUNTER_VALUE   ; OFF                   ; Untyped                               ;
; CLK5_USE_EVEN_COUNTER_VALUE   ; OFF                   ; Untyped                               ;
; CLK4_USE_EVEN_COUNTER_VALUE   ; OFF                   ; Untyped                               ;
; CLK3_USE_EVEN_COUNTER_VALUE   ; OFF                   ; Untyped                               ;
; CLK2_USE_EVEN_COUNTER_VALUE   ; OFF                   ; Untyped                               ;
; CLK1_USE_EVEN_COUNTER_VALUE   ; OFF                   ; Untyped                               ;
; CLK0_USE_EVEN_COUNTER_VALUE   ; OFF                   ; Untyped                               ;
; LOCK_WINDOW_UI                ;  0.05                 ; Untyped                               ;
; LOCK_WINDOW_UI_BITS           ; UNUSED                ; Untyped                               ;
; VCO_RANGE_DETECTOR_LOW_BITS   ; UNUSED                ; Untyped                               ;
; VCO_RANGE_DETECTOR_HIGH_BITS  ; UNUSED                ; Untyped                               ;
; DPA_MULTIPLY_BY               ; 0                     ; Untyped                               ;
; DPA_DIVIDE_BY                 ; 1                     ; Untyped                               ;
; DPA_DIVIDER                   ; 0                     ; Untyped                               ;
; EXTCLK3_MULTIPLY_BY           ; 1                     ; Untyped                               ;
; EXTCLK2_MULTIPLY_BY           ; 1                     ; Untyped                               ;
; EXTCLK1_MULTIPLY_BY           ; 1                     ; Untyped                               ;
; EXTCLK0_MULTIPLY_BY           ; 1                     ; Untyped                               ;
; EXTCLK3_DIVIDE_BY             ; 1                     ; Untyped                               ;
; EXTCLK2_DIVIDE_BY             ; 1                     ; Untyped                               ;
; EXTCLK1_DIVIDE_BY             ; 1                     ; Untyped                               ;
; EXTCLK0_DIVIDE_BY             ; 1                     ; Untyped                               ;
; EXTCLK3_PHASE_SHIFT           ; 0                     ; Untyped                               ;
; EXTCLK2_PHASE_SHIFT           ; 0                     ; Untyped                               ;
; EXTCLK1_PHASE_SHIFT           ; 0                     ; Untyped                               ;
; EXTCLK0_PHASE_SHIFT           ; 0                     ; Untyped                               ;
; EXTCLK3_TIME_DELAY            ; 0                     ; Untyped                               ;
; EXTCLK2_TIME_DELAY            ; 0                     ; Untyped                               ;
; EXTCLK1_TIME_DELAY            ; 0                     ; Untyped                               ;
; EXTCLK0_TIME_DELAY            ; 0                     ; Untyped                               ;
; EXTCLK3_DUTY_CYCLE            ; 50                    ; Untyped                               ;
; EXTCLK2_DUTY_CYCLE            ; 50                    ; Untyped                               ;
; EXTCLK1_DUTY_CYCLE            ; 50                    ; Untyped                               ;
; EXTCLK0_DUTY_CYCLE            ; 50                    ; Untyped                               ;
; VCO_MULTIPLY_BY               ; 0                     ; Untyped                               ;
; VCO_DIVIDE_BY                 ; 0                     ; Untyped                               ;
; SCLKOUT0_PHASE_SHIFT          ; 0                     ; Untyped                               ;
; SCLKOUT1_PHASE_SHIFT          ; 0                     ; Untyped                               ;
; VCO_MIN                       ; 0                     ; Untyped                               ;
; VCO_MAX                       ; 0                     ; Untyped                               ;
; VCO_CENTER                    ; 0                     ; Untyped                               ;
; PFD_MIN                       ; 0                     ; Untyped                               ;
; PFD_MAX                       ; 0                     ; Untyped                               ;
; M_INITIAL                     ; 0                     ; Untyped                               ;
; M                             ; 0                     ; Untyped                               ;
; N                             ; 1                     ; Untyped                               ;
; M2                            ; 1                     ; Untyped                               ;
; N2                            ; 1                     ; Untyped                               ;
; SS                            ; 1                     ; Untyped                               ;
; C0_HIGH                       ; 0                     ; Untyped                               ;
; C1_HIGH                       ; 0                     ; Untyped                               ;
; C2_HIGH                       ; 0                     ; Untyped                               ;
; C3_HIGH                       ; 0                     ; Untyped                               ;
; C4_HIGH                       ; 0                     ; Untyped                               ;
; C5_HIGH                       ; 0                     ; Untyped                               ;
; C6_HIGH                       ; 0                     ; Untyped                               ;
; C7_HIGH                       ; 0                     ; Untyped                               ;
; C8_HIGH                       ; 0                     ; Untyped                               ;
; C9_HIGH                       ; 0                     ; Untyped                               ;
; C0_LOW                        ; 0                     ; Untyped                               ;
; C1_LOW                        ; 0                     ; Untyped                               ;
; C2_LOW                        ; 0                     ; Untyped                               ;
; C3_LOW                        ; 0                     ; Untyped                               ;
; C4_LOW                        ; 0                     ; Untyped                               ;
; C5_LOW                        ; 0                     ; Untyped                               ;
; C6_LOW                        ; 0                     ; Untyped                               ;
; C7_LOW                        ; 0                     ; Untyped                               ;
; C8_LOW                        ; 0                     ; Untyped                               ;
; C9_LOW                        ; 0                     ; Untyped                               ;
; C0_INITIAL                    ; 0                     ; Untyped                               ;
; C1_INITIAL                    ; 0                     ; Untyped                               ;
; C2_INITIAL                    ; 0                     ; Untyped                               ;
; C3_INITIAL                    ; 0                     ; Untyped                               ;
; C4_INITIAL                    ; 0                     ; Untyped                               ;
; C5_INITIAL                    ; 0                     ; Untyped                               ;
; C6_INITIAL                    ; 0                     ; Untyped                               ;
; C7_INITIAL                    ; 0                     ; Untyped                               ;
; C8_INITIAL                    ; 0                     ; Untyped                               ;
; C9_INITIAL                    ; 0                     ; Untyped                               ;
; C0_MODE                       ; BYPASS                ; Untyped                               ;
; C1_MODE                       ; BYPASS                ; Untyped                               ;
; C2_MODE                       ; BYPASS                ; Untyped                               ;
; C3_MODE                       ; BYPASS                ; Untyped                               ;
; C4_MODE                       ; BYPASS                ; Untyped                               ;
; C5_MODE                       ; BYPASS                ; Untyped                               ;
; C6_MODE                       ; BYPASS                ; Untyped                               ;
; C7_MODE                       ; BYPASS                ; Untyped                               ;
; C8_MODE                       ; BYPASS                ; Untyped                               ;
; C9_MODE                       ; BYPASS                ; Untyped                               ;
; C0_PH                         ; 0                     ; Untyped                               ;
; C1_PH                         ; 0                     ; Untyped                               ;
; C2_PH                         ; 0                     ; Untyped                               ;
; C3_PH                         ; 0                     ; Untyped                               ;
; C4_PH                         ; 0                     ; Untyped                               ;
; C5_PH                         ; 0                     ; Untyped                               ;
; C6_PH                         ; 0                     ; Untyped                               ;
; C7_PH                         ; 0                     ; Untyped                               ;
; C8_PH                         ; 0                     ; Untyped                               ;
; C9_PH                         ; 0                     ; Untyped                               ;
; L0_HIGH                       ; 1                     ; Untyped                               ;
; L1_HIGH                       ; 1                     ; Untyped                               ;
; G0_HIGH                       ; 1                     ; Untyped                               ;
; G1_HIGH                       ; 1                     ; Untyped                               ;
; G2_HIGH                       ; 1                     ; Untyped                               ;
; G3_HIGH                       ; 1                     ; Untyped                               ;
; E0_HIGH                       ; 1                     ; Untyped                               ;
; E1_HIGH                       ; 1                     ; Untyped                               ;
; E2_HIGH                       ; 1                     ; Untyped                               ;
; E3_HIGH                       ; 1                     ; Untyped                               ;
; L0_LOW                        ; 1                     ; Untyped                               ;
; L1_LOW                        ; 1                     ; Untyped                               ;
; G0_LOW                        ; 1                     ; Untyped                               ;
; G1_LOW                        ; 1                     ; Untyped                               ;
; G2_LOW                        ; 1                     ; Untyped                               ;
; G3_LOW                        ; 1                     ; Untyped                               ;
; E0_LOW                        ; 1                     ; Untyped                               ;
; E1_LOW                        ; 1                     ; Untyped                               ;
; E2_LOW                        ; 1                     ; Untyped                               ;
; E3_LOW                        ; 1                     ; Untyped                               ;
; L0_INITIAL                    ; 1                     ; Untyped                               ;
; L1_INITIAL                    ; 1                     ; Untyped                               ;
; G0_INITIAL                    ; 1                     ; Untyped                               ;
; G1_INITIAL                    ; 1                     ; Untyped                               ;
; G2_INITIAL                    ; 1                     ; Untyped                               ;
; G3_INITIAL                    ; 1                     ; Untyped                               ;
; E0_INITIAL                    ; 1                     ; Untyped                               ;
; E1_INITIAL                    ; 1                     ; Untyped                               ;
; E2_INITIAL                    ; 1                     ; Untyped                               ;
; E3_INITIAL                    ; 1                     ; Untyped                               ;
; L0_MODE                       ; BYPASS                ; Untyped                               ;
; L1_MODE                       ; BYPASS                ; Untyped                               ;
; G0_MODE                       ; BYPASS                ; Untyped                               ;
; G1_MODE                       ; BYPASS                ; Untyped                               ;
; G2_MODE                       ; BYPASS                ; Untyped                               ;
; G3_MODE                       ; BYPASS                ; Untyped                               ;
; E0_MODE                       ; BYPASS                ; Untyped                               ;
; E1_MODE                       ; BYPASS                ; Untyped                               ;
; E2_MODE                       ; BYPASS                ; Untyped                               ;
; E3_MODE                       ; BYPASS                ; Untyped                               ;
; L0_PH                         ; 0                     ; Untyped                               ;
; L1_PH                         ; 0                     ; Untyped                               ;
; G0_PH                         ; 0                     ; Untyped                               ;
; G1_PH                         ; 0                     ; Untyped                               ;
; G2_PH                         ; 0                     ; Untyped                               ;
; G3_PH                         ; 0                     ; Untyped                               ;
; E0_PH                         ; 0                     ; Untyped                               ;
; E1_PH                         ; 0                     ; Untyped                               ;
; E2_PH                         ; 0                     ; Untyped                               ;
; E3_PH                         ; 0                     ; Untyped                               ;
; M_PH                          ; 0                     ; Untyped                               ;
; C1_USE_CASC_IN                ; OFF                   ; Untyped                               ;
; C2_USE_CASC_IN                ; OFF                   ; Untyped                               ;
; C3_USE_CASC_IN                ; OFF                   ; Untyped                               ;
; C4_USE_CASC_IN                ; OFF                   ; Untyped                               ;
; C5_USE_CASC_IN                ; OFF                   ; Untyped                               ;
; C6_USE_CASC_IN                ; OFF                   ; Untyped                               ;
; C7_USE_CASC_IN                ; OFF                   ; Untyped                               ;
; C8_USE_CASC_IN                ; OFF                   ; Untyped                               ;
; C9_USE_CASC_IN                ; OFF                   ; Untyped                               ;
; CLK0_COUNTER                  ; G0                    ; Untyped                               ;
; CLK1_COUNTER                  ; G0                    ; Untyped                               ;
; CLK2_COUNTER                  ; G0                    ; Untyped                               ;
; CLK3_COUNTER                  ; G0                    ; Untyped                               ;
; CLK4_COUNTER                  ; G0                    ; Untyped                               ;
; CLK5_COUNTER                  ; G0                    ; Untyped                               ;
; CLK6_COUNTER                  ; E0                    ; Untyped                               ;
; CLK7_COUNTER                  ; E1                    ; Untyped                               ;
; CLK8_COUNTER                  ; E2                    ; Untyped                               ;
; CLK9_COUNTER                  ; E3                    ; Untyped                               ;
; L0_TIME_DELAY                 ; 0                     ; Untyped                               ;
; L1_TIME_DELAY                 ; 0                     ; Untyped                               ;
; G0_TIME_DELAY                 ; 0                     ; Untyped                               ;
; G1_TIME_DELAY                 ; 0                     ; Untyped                               ;
; G2_TIME_DELAY                 ; 0                     ; Untyped                               ;
; G3_TIME_DELAY                 ; 0                     ; Untyped                               ;
; E0_TIME_DELAY                 ; 0                     ; Untyped                               ;
; E1_TIME_DELAY                 ; 0                     ; Untyped                               ;
; E2_TIME_DELAY                 ; 0                     ; Untyped                               ;
; E3_TIME_DELAY                 ; 0                     ; Untyped                               ;
; M_TIME_DELAY                  ; 0                     ; Untyped                               ;
; N_TIME_DELAY                  ; 0                     ; Untyped                               ;
; EXTCLK3_COUNTER               ; E3                    ; Untyped                               ;
; EXTCLK2_COUNTER               ; E2                    ; Untyped                               ;
; EXTCLK1_COUNTER               ; E1                    ; Untyped                               ;
; EXTCLK0_COUNTER               ; E0                    ; Untyped                               ;
; ENABLE0_COUNTER               ; L0                    ; Untyped                               ;
; ENABLE1_COUNTER               ; L0                    ; Untyped                               ;
; CHARGE_PUMP_CURRENT           ; 2                     ; Untyped                               ;
; LOOP_FILTER_R                 ;  1.000000             ; Untyped                               ;
; LOOP_FILTER_C                 ; 5                     ; Untyped                               ;
; CHARGE_PUMP_CURRENT_BITS      ; 9999                  ; Untyped                               ;
; LOOP_FILTER_R_BITS            ; 9999                  ; Untyped                               ;
; LOOP_FILTER_C_BITS            ; 9999                  ; Untyped                               ;
; VCO_POST_SCALE                ; 0                     ; Untyped                               ;
; CLK2_OUTPUT_FREQUENCY         ; 0                     ; Untyped                               ;
; CLK1_OUTPUT_FREQUENCY         ; 0                     ; Untyped                               ;
; CLK0_OUTPUT_FREQUENCY         ; 0                     ; Untyped                               ;
; INTENDED_DEVICE_FAMILY        ; MAX 10                ; Untyped                               ;
; PORT_CLKENA0                  ; PORT_UNUSED           ; Untyped                               ;
; PORT_CLKENA1                  ; PORT_UNUSED           ; Untyped                               ;
; PORT_CLKENA2                  ; PORT_UNUSED           ; Untyped                               ;
; PORT_CLKENA3                  ; PORT_UNUSED           ; Untyped                               ;
; PORT_CLKENA4                  ; PORT_UNUSED           ; Untyped                               ;
; PORT_CLKENA5                  ; PORT_UNUSED           ; Untyped                               ;
; PORT_EXTCLKENA0               ; PORT_CONNECTIVITY     ; Untyped                               ;
; PORT_EXTCLKENA1               ; PORT_CONNECTIVITY     ; Untyped                               ;
; PORT_EXTCLKENA2               ; PORT_CONNECTIVITY     ; Untyped                               ;
; PORT_EXTCLKENA3               ; PORT_CONNECTIVITY     ; Untyped                               ;
; PORT_EXTCLK0                  ; PORT_UNUSED           ; Untyped                               ;
; PORT_EXTCLK1                  ; PORT_UNUSED           ; Untyped                               ;
; PORT_EXTCLK2                  ; PORT_UNUSED           ; Untyped                               ;
; PORT_EXTCLK3                  ; PORT_UNUSED           ; Untyped                               ;
; PORT_CLKBAD0                  ; PORT_UNUSED           ; Untyped                               ;
; PORT_CLKBAD1                  ; PORT_UNUSED           ; Untyped                               ;
; PORT_CLK0                     ; PORT_USED             ; Untyped                               ;
; PORT_CLK1                     ; PORT_USED             ; Untyped                               ;
; PORT_CLK2                     ; PORT_UNUSED           ; Untyped                               ;
; PORT_CLK3                     ; PORT_UNUSED           ; Untyped                               ;
; PORT_CLK4                     ; PORT_UNUSED           ; Untyped                               ;
; PORT_CLK5                     ; PORT_UNUSED           ; Untyped                               ;
; PORT_CLK6                     ; PORT_UNUSED           ; Untyped                               ;
; PORT_CLK7                     ; PORT_UNUSED           ; Untyped                               ;
; PORT_CLK8                     ; PORT_UNUSED           ; Untyped                               ;
; PORT_CLK9                     ; PORT_UNUSED           ; Untyped                               ;
; PORT_SCANDATA                 ; PORT_UNUSED           ; Untyped                               ;
; PORT_SCANDATAOUT              ; PORT_UNUSED           ; Untyped                               ;
; PORT_SCANDONE                 ; PORT_UNUSED           ; Untyped                               ;
; PORT_SCLKOUT1                 ; PORT_CONNECTIVITY     ; Untyped                               ;
; PORT_SCLKOUT0                 ; PORT_CONNECTIVITY     ; Untyped                               ;
; PORT_ACTIVECLOCK              ; PORT_UNUSED           ; Untyped                               ;
; PORT_CLKLOSS                  ; PORT_UNUSED           ; Untyped                               ;
; PORT_INCLK1                   ; PORT_UNUSED           ; Untyped                               ;
; PORT_INCLK0                   ; PORT_USED             ; Untyped                               ;
; PORT_FBIN                     ; PORT_UNUSED           ; Untyped                               ;
; PORT_PLLENA                   ; PORT_UNUSED           ; Untyped                               ;
; PORT_CLKSWITCH                ; PORT_UNUSED           ; Untyped                               ;
; PORT_ARESET                   ; PORT_UNUSED           ; Untyped                               ;
; PORT_PFDENA                   ; PORT_UNUSED           ; Untyped                               ;
; PORT_SCANCLK                  ; PORT_UNUSED           ; Untyped                               ;
; PORT_SCANACLR                 ; PORT_UNUSED           ; Untyped                               ;
; PORT_SCANREAD                 ; PORT_UNUSED           ; Untyped                               ;
; PORT_SCANWRITE                ; PORT_UNUSED           ; Untyped                               ;
; PORT_ENABLE0                  ; PORT_CONNECTIVITY     ; Untyped                               ;
; PORT_ENABLE1                  ; PORT_CONNECTIVITY     ; Untyped                               ;
; PORT_LOCKED                   ; PORT_UNUSED           ; Untyped                               ;
; PORT_CONFIGUPDATE             ; PORT_UNUSED           ; Untyped                               ;
; PORT_FBOUT                    ; PORT_CONNECTIVITY     ; Untyped                               ;
; PORT_PHASEDONE                ; PORT_UNUSED           ; Untyped                               ;
; PORT_PHASESTEP                ; PORT_UNUSED           ; Untyped                               ;
; PORT_PHASEUPDOWN              ; PORT_UNUSED           ; Untyped                               ;
; PORT_SCANCLKENA               ; PORT_UNUSED           ; Untyped                               ;
; PORT_PHASECOUNTERSELECT       ; PORT_UNUSED           ; Untyped                               ;
; PORT_VCOOVERRANGE             ; PORT_CONNECTIVITY     ; Untyped                               ;
; PORT_VCOUNDERRANGE            ; PORT_CONNECTIVITY     ; Untyped                               ;
; M_TEST_SOURCE                 ; 5                     ; Untyped                               ;
; C0_TEST_SOURCE                ; 5                     ; Untyped                               ;
; C1_TEST_SOURCE                ; 5                     ; Untyped                               ;
; C2_TEST_SOURCE                ; 5                     ; Untyped                               ;
; C3_TEST_SOURCE                ; 5                     ; Untyped                               ;
; C4_TEST_SOURCE                ; 5                     ; Untyped                               ;
; C5_TEST_SOURCE                ; 5                     ; Untyped                               ;
; C6_TEST_SOURCE                ; 5                     ; Untyped                               ;
; C7_TEST_SOURCE                ; 5                     ; Untyped                               ;
; C8_TEST_SOURCE                ; 5                     ; Untyped                               ;
; C9_TEST_SOURCE                ; 5                     ; Untyped                               ;
; CBXI_PARAMETER                ; PLL_altpll            ; Untyped                               ;
; VCO_FREQUENCY_CONTROL         ; AUTO                  ; Untyped                               ;
; VCO_PHASE_SHIFT_STEP          ; 0                     ; Untyped                               ;
; WIDTH_CLOCK                   ; 5                     ; Signed Integer                        ;
; WIDTH_PHASECOUNTERSELECT      ; 4                     ; Untyped                               ;
; USING_FBMIMICBIDIR_PORT       ; OFF                   ; Untyped                               ;
; DEVICE_FAMILY                 ; MAX 10                ; Untyped                               ;
; SCAN_CHAIN_MIF_FILE           ; UNUSED                ; Untyped                               ;
; SIM_GATE_LOCK_DEVICE_BEHAVIOR ; OFF                   ; Untyped                               ;
; AUTO_CARRY_CHAINS             ; ON                    ; AUTO_CARRY                            ;
; IGNORE_CARRY_BUFFERS          ; OFF                   ; IGNORE_CARRY                          ;
; AUTO_CASCADE_CHAINS           ; ON                    ; AUTO_CASCADE                          ;
; IGNORE_CASCADE_BUFFERS        ; OFF                   ; IGNORE_CASCADE                        ;
+-------------------------------+-----------------------+---------------------------------------+
Note: In order to hide this table in the UI and the text report file, please set the "Show Parameter Settings in Synthesis Report" option in "Analysis and Synthesis Settings -> More Settings" to "Off".


+--------------------------------------------------------------------+
; Parameter Settings for User Entity Instance: ApbBus:slave_buses[3] ;
+----------------+-------+-------------------------------------------+
; Parameter Name ; Value ; Type                                      ;
+----------------+-------+-------------------------------------------+
; AddrWidth      ; 16    ; Signed Integer                            ;
; DataWidth      ; 32    ; Signed Integer                            ;
+----------------+-------+-------------------------------------------+
Note: In order to hide this table in the UI and the text report file, please set the "Show Parameter Settings in Synthesis Report" option in "Analysis and Synthesis Settings -> More Settings" to "Off".


+--------------------------------------------------------------------+
; Parameter Settings for User Entity Instance: ApbBus:slave_buses[2] ;
+----------------+-------+-------------------------------------------+
; Parameter Name ; Value ; Type                                      ;
+----------------+-------+-------------------------------------------+
; AddrWidth      ; 16    ; Signed Integer                            ;
; DataWidth      ; 32    ; Signed Integer                            ;
+----------------+-------+-------------------------------------------+
Note: In order to hide this table in the UI and the text report file, please set the "Show Parameter Settings in Synthesis Report" option in "Analysis and Synthesis Settings -> More Settings" to "Off".


+--------------------------------------------------------------------+
; Parameter Settings for User Entity Instance: ApbBus:slave_buses[1] ;
+----------------+-------+-------------------------------------------+
; Parameter Name ; Value ; Type                                      ;
+----------------+-------+-------------------------------------------+
; AddrWidth      ; 16    ; Signed Integer                            ;
; DataWidth      ; 32    ; Signed Integer                            ;
+----------------+-------+-------------------------------------------+
Note: In order to hide this table in the UI and the text report file, please set the "Show Parameter Settings in Synthesis Report" option in "Analysis and Synthesis Settings -> More Settings" to "Off".


+--------------------------------------------------------------------+
; Parameter Settings for User Entity Instance: ApbBus:slave_buses[0] ;
+----------------+-------+-------------------------------------------+
; Parameter Name ; Value ; Type                                      ;
+----------------+-------+-------------------------------------------+
; AddrWidth      ; 16    ; Signed Integer                            ;
; DataWidth      ; 32    ; Signed Integer                            ;
+----------------+-------+-------------------------------------------+
Note: In order to hide this table in the UI and the text report file, please set the "Show Parameter Settings in Synthesis Report" option in "Analysis and Synthesis Settings -> More Settings" to "Off".


+-----------------------------------------------------------------+
; Parameter Settings for User Entity Instance: ApbMultiplexer:mux ;
+----------------+----------------------------+-------------------+
; Parameter Name ; Value                      ; Type              ;
+----------------+----------------------------+-------------------+
; NumOfSlaves    ; 4                          ; Signed Integer    ;
; StartAddresses ; A(D"4",D"8",D"12",D"1024") ; Array/Record      ;
; EndAddresses   ; A(D"4",D"8",D"12",D"2048") ; Array/Record      ;
; DataWidth      ; 32                         ; Signed Integer    ;
; AddrWidth      ; 16                         ; Signed Integer    ;
+----------------+----------------------------+-------------------+
Note: In order to hide this table in the UI and the text report file, please set the "Show Parameter Settings in Synthesis Report" option in "Analysis and Synthesis Settings -> More Settings" to "Off".


+-------------------------------------------------------------------------+
; Parameter Settings for User Entity Instance: ApbWriteRegister:writeReg1 ;
+----------------+-------+------------------------------------------------+
; Parameter Name ; Value ; Type                                           ;
+----------------+-------+------------------------------------------------+
; Address        ; 4     ; Signed Integer                                 ;
; DataWidth      ; 32    ; Signed Integer                                 ;
; AddrWidth      ; 16    ; Signed Integer                                 ;
+----------------+-------+------------------------------------------------+
Note: In order to hide this table in the UI and the text report file, please set the "Show Parameter Settings in Synthesis Report" option in "Analysis and Synthesis Settings -> More Settings" to "Off".


+-------------------------------------------------------------------------+
; Parameter Settings for User Entity Instance: ApbWriteRegister:writeReg2 ;
+----------------+-------+------------------------------------------------+
; Parameter Name ; Value ; Type                                           ;
+----------------+-------+------------------------------------------------+
; Address        ; 8     ; Signed Integer                                 ;
; DataWidth      ; 32    ; Signed Integer                                 ;
; AddrWidth      ; 16    ; Signed Integer                                 ;
+----------------+-------+------------------------------------------------+
Note: In order to hide this table in the UI and the text report file, please set the "Show Parameter Settings in Synthesis Report" option in "Analysis and Synthesis Settings -> More Settings" to "Off".


+----------------------------------------------------------------------+
; Parameter Settings for User Entity Instance: ApbReadRegister:readReg ;
+----------------+-------+---------------------------------------------+
; Parameter Name ; Value ; Type                                        ;
+----------------+-------+---------------------------------------------+
; Address        ; 12    ; Signed Integer                              ;
; DataWidth      ; 32    ; Signed Integer                              ;
; AddrWidth      ; 16    ; Signed Integer                              ;
+----------------+-------+---------------------------------------------+
Note: In order to hide this table in the UI and the text report file, please set the "Show Parameter Settings in Synthesis Report" option in "Analysis and Synthesis Settings -> More Settings" to "Off".


+---------------------------------------------------------+
; Parameter Settings for User Entity Instance: ApbRam:ram ;
+----------------+-------+--------------------------------+
; Parameter Name ; Value ; Type                           ;
+----------------+-------+--------------------------------+
; APB_ADDR       ; 1024  ; Signed Integer                 ;
; DEPTH          ; 1024  ; Signed Integer                 ;
; WIDTH          ; 32    ; Signed Integer                 ;
+----------------+-------+--------------------------------+
Note: In order to hide this table in the UI and the text report file, please set the "Show Parameter Settings in Synthesis Report" option in "Analysis and Synthesis Settings -> More Settings" to "Off".


+-----------------------------------------------------------------------------------------------------------------------------------------------+
; Parameter Settings for Inferred Entity Instance: System:system|VexRISCVSoftcore:core|Axi4SharedOnChipRam:axi_ram|altsyncram:ram_symbol2_rtl_0 ;
+------------------------------------+----------------------+-----------------------------------------------------------------------------------+
; Parameter Name                     ; Value                ; Type                                                                              ;
+------------------------------------+----------------------+-----------------------------------------------------------------------------------+
; BYTE_SIZE_BLOCK                    ; 8                    ; Untyped                                                                           ;
; AUTO_CARRY_CHAINS                  ; ON                   ; AUTO_CARRY                                                                        ;
; IGNORE_CARRY_BUFFERS               ; OFF                  ; IGNORE_CARRY                                                                      ;
; AUTO_CASCADE_CHAINS                ; ON                   ; AUTO_CASCADE                                                                      ;
; IGNORE_CASCADE_BUFFERS             ; OFF                  ; IGNORE_CASCADE                                                                    ;
; WIDTH_BYTEENA                      ; 1                    ; Untyped                                                                           ;
; OPERATION_MODE                     ; DUAL_PORT            ; Untyped                                                                           ;
; WIDTH_A                            ; 8                    ; Untyped                                                                           ;
; WIDTHAD_A                          ; 16                   ; Untyped                                                                           ;
; NUMWORDS_A                         ; 45056                ; Untyped                                                                           ;
; OUTDATA_REG_A                      ; UNREGISTERED         ; Untyped                                                                           ;
; ADDRESS_ACLR_A                     ; NONE                 ; Untyped                                                                           ;
; OUTDATA_ACLR_A                     ; NONE                 ; Untyped                                                                           ;
; WRCONTROL_ACLR_A                   ; NONE                 ; Untyped                                                                           ;
; INDATA_ACLR_A                      ; NONE                 ; Untyped                                                                           ;
; BYTEENA_ACLR_A                     ; NONE                 ; Untyped                                                                           ;
; WIDTH_B                            ; 8                    ; Untyped                                                                           ;
; WIDTHAD_B                          ; 16                   ; Untyped                                                                           ;
; NUMWORDS_B                         ; 45056                ; Untyped                                                                           ;
; INDATA_REG_B                       ; CLOCK1               ; Untyped                                                                           ;
; WRCONTROL_WRADDRESS_REG_B          ; CLOCK1               ; Untyped                                                                           ;
; RDCONTROL_REG_B                    ; CLOCK1               ; Untyped                                                                           ;
; ADDRESS_REG_B                      ; CLOCK1               ; Untyped                                                                           ;
; OUTDATA_REG_B                      ; UNREGISTERED         ; Untyped                                                                           ;
; BYTEENA_REG_B                      ; CLOCK1               ; Untyped                                                                           ;
; INDATA_ACLR_B                      ; NONE                 ; Untyped                                                                           ;
; WRCONTROL_ACLR_B                   ; NONE                 ; Untyped                                                                           ;
; ADDRESS_ACLR_B                     ; NONE                 ; Untyped                                                                           ;
; OUTDATA_ACLR_B                     ; NONE                 ; Untyped                                                                           ;
; RDCONTROL_ACLR_B                   ; NONE                 ; Untyped                                                                           ;
; BYTEENA_ACLR_B                     ; NONE                 ; Untyped                                                                           ;
; WIDTH_BYTEENA_A                    ; 1                    ; Untyped                                                                           ;
; WIDTH_BYTEENA_B                    ; 1                    ; Untyped                                                                           ;
; RAM_BLOCK_TYPE                     ; AUTO                 ; Untyped                                                                           ;
; BYTE_SIZE                          ; 8                    ; Untyped                                                                           ;
; READ_DURING_WRITE_MODE_MIXED_PORTS ; DONT_CARE            ; Untyped                                                                           ;
; READ_DURING_WRITE_MODE_PORT_A      ; NEW_DATA_NO_NBE_READ ; Untyped                                                                           ;
; READ_DURING_WRITE_MODE_PORT_B      ; NEW_DATA_NO_NBE_READ ; Untyped                                                                           ;
; INIT_FILE                          ; UNUSED               ; Untyped                                                                           ;
; INIT_FILE_LAYOUT                   ; PORT_A               ; Untyped                                                                           ;
; MAXIMUM_DEPTH                      ; 0                    ; Untyped                                                                           ;
; CLOCK_ENABLE_INPUT_A               ; NORMAL               ; Untyped                                                                           ;
; CLOCK_ENABLE_INPUT_B               ; NORMAL               ; Untyped                                                                           ;
; CLOCK_ENABLE_OUTPUT_A              ; NORMAL               ; Untyped                                                                           ;
; CLOCK_ENABLE_OUTPUT_B              ; NORMAL               ; Untyped                                                                           ;
; CLOCK_ENABLE_CORE_A                ; USE_INPUT_CLKEN      ; Untyped                                                                           ;
; CLOCK_ENABLE_CORE_B                ; USE_INPUT_CLKEN      ; Untyped                                                                           ;
; ENABLE_ECC                         ; FALSE                ; Untyped                                                                           ;
; ECC_PIPELINE_STAGE_ENABLED         ; FALSE                ; Untyped                                                                           ;
; WIDTH_ECCSTATUS                    ; 3                    ; Untyped                                                                           ;
; DEVICE_FAMILY                      ; MAX 10               ; Untyped                                                                           ;
; CBXI_PARAMETER                     ; altsyncram_2ed1      ; Untyped                                                                           ;
+------------------------------------+----------------------+-----------------------------------------------------------------------------------+
Note: In order to hide this table in the UI and the text report file, please set the "Show Parameter Settings in Synthesis Report" option in "Analysis and Synthesis Settings -> More Settings" to "Off".


+-----------------------------------------------------------------------------------------------------------------------------------------------+
; Parameter Settings for Inferred Entity Instance: System:system|VexRISCVSoftcore:core|Axi4SharedOnChipRam:axi_ram|altsyncram:ram_symbol1_rtl_0 ;
+------------------------------------+----------------------+-----------------------------------------------------------------------------------+
; Parameter Name                     ; Value                ; Type                                                                              ;
+------------------------------------+----------------------+-----------------------------------------------------------------------------------+
; BYTE_SIZE_BLOCK                    ; 8                    ; Untyped                                                                           ;
; AUTO_CARRY_CHAINS                  ; ON                   ; AUTO_CARRY                                                                        ;
; IGNORE_CARRY_BUFFERS               ; OFF                  ; IGNORE_CARRY                                                                      ;
; AUTO_CASCADE_CHAINS                ; ON                   ; AUTO_CASCADE                                                                      ;
; IGNORE_CASCADE_BUFFERS             ; OFF                  ; IGNORE_CASCADE                                                                    ;
; WIDTH_BYTEENA                      ; 1                    ; Untyped                                                                           ;
; OPERATION_MODE                     ; DUAL_PORT            ; Untyped                                                                           ;
; WIDTH_A                            ; 8                    ; Untyped                                                                           ;
; WIDTHAD_A                          ; 16                   ; Untyped                                                                           ;
; NUMWORDS_A                         ; 45056                ; Untyped                                                                           ;
; OUTDATA_REG_A                      ; UNREGISTERED         ; Untyped                                                                           ;
; ADDRESS_ACLR_A                     ; NONE                 ; Untyped                                                                           ;
; OUTDATA_ACLR_A                     ; NONE                 ; Untyped                                                                           ;
; WRCONTROL_ACLR_A                   ; NONE                 ; Untyped                                                                           ;
; INDATA_ACLR_A                      ; NONE                 ; Untyped                                                                           ;
; BYTEENA_ACLR_A                     ; NONE                 ; Untyped                                                                           ;
; WIDTH_B                            ; 8                    ; Untyped                                                                           ;
; WIDTHAD_B                          ; 16                   ; Untyped                                                                           ;
; NUMWORDS_B                         ; 45056                ; Untyped                                                                           ;
; INDATA_REG_B                       ; CLOCK1               ; Untyped                                                                           ;
; WRCONTROL_WRADDRESS_REG_B          ; CLOCK1               ; Untyped                                                                           ;
; RDCONTROL_REG_B                    ; CLOCK1               ; Untyped                                                                           ;
; ADDRESS_REG_B                      ; CLOCK1               ; Untyped                                                                           ;
; OUTDATA_REG_B                      ; UNREGISTERED         ; Untyped                                                                           ;
; BYTEENA_REG_B                      ; CLOCK1               ; Untyped                                                                           ;
; INDATA_ACLR_B                      ; NONE                 ; Untyped                                                                           ;
; WRCONTROL_ACLR_B                   ; NONE                 ; Untyped                                                                           ;
; ADDRESS_ACLR_B                     ; NONE                 ; Untyped                                                                           ;
; OUTDATA_ACLR_B                     ; NONE                 ; Untyped                                                                           ;
; RDCONTROL_ACLR_B                   ; NONE                 ; Untyped                                                                           ;
; BYTEENA_ACLR_B                     ; NONE                 ; Untyped                                                                           ;
; WIDTH_BYTEENA_A                    ; 1                    ; Untyped                                                                           ;
; WIDTH_BYTEENA_B                    ; 1                    ; Untyped                                                                           ;
; RAM_BLOCK_TYPE                     ; AUTO                 ; Untyped                                                                           ;
; BYTE_SIZE                          ; 8                    ; Untyped                                                                           ;
; READ_DURING_WRITE_MODE_MIXED_PORTS ; DONT_CARE            ; Untyped                                                                           ;
; READ_DURING_WRITE_MODE_PORT_A      ; NEW_DATA_NO_NBE_READ ; Untyped                                                                           ;
; READ_DURING_WRITE_MODE_PORT_B      ; NEW_DATA_NO_NBE_READ ; Untyped                                                                           ;
; INIT_FILE                          ; UNUSED               ; Untyped                                                                           ;
; INIT_FILE_LAYOUT                   ; PORT_A               ; Untyped                                                                           ;
; MAXIMUM_DEPTH                      ; 0                    ; Untyped                                                                           ;
; CLOCK_ENABLE_INPUT_A               ; NORMAL               ; Untyped                                                                           ;
; CLOCK_ENABLE_INPUT_B               ; NORMAL               ; Untyped                                                                           ;
; CLOCK_ENABLE_OUTPUT_A              ; NORMAL               ; Untyped                                                                           ;
; CLOCK_ENABLE_OUTPUT_B              ; NORMAL               ; Untyped                                                                           ;
; CLOCK_ENABLE_CORE_A                ; USE_INPUT_CLKEN      ; Untyped                                                                           ;
; CLOCK_ENABLE_CORE_B                ; USE_INPUT_CLKEN      ; Untyped                                                                           ;
; ENABLE_ECC                         ; FALSE                ; Untyped                                                                           ;
; ECC_PIPELINE_STAGE_ENABLED         ; FALSE                ; Untyped                                                                           ;
; WIDTH_ECCSTATUS                    ; 3                    ; Untyped                                                                           ;
; DEVICE_FAMILY                      ; MAX 10               ; Untyped                                                                           ;
; CBXI_PARAMETER                     ; altsyncram_2ed1      ; Untyped                                                                           ;
+------------------------------------+----------------------+-----------------------------------------------------------------------------------+
Note: In order to hide this table in the UI and the text report file, please set the "Show Parameter Settings in Synthesis Report" option in "Analysis and Synthesis Settings -> More Settings" to "Off".


+-----------------------------------------------------------------------------------------------------------------------------------------------+
; Parameter Settings for Inferred Entity Instance: System:system|VexRISCVSoftcore:core|Axi4SharedOnChipRam:axi_ram|altsyncram:ram_symbol0_rtl_0 ;
+------------------------------------+----------------------+-----------------------------------------------------------------------------------+
; Parameter Name                     ; Value                ; Type                                                                              ;
+------------------------------------+----------------------+-----------------------------------------------------------------------------------+
; BYTE_SIZE_BLOCK                    ; 8                    ; Untyped                                                                           ;
; AUTO_CARRY_CHAINS                  ; ON                   ; AUTO_CARRY                                                                        ;
; IGNORE_CARRY_BUFFERS               ; OFF                  ; IGNORE_CARRY                                                                      ;
; AUTO_CASCADE_CHAINS                ; ON                   ; AUTO_CASCADE                                                                      ;
; IGNORE_CASCADE_BUFFERS             ; OFF                  ; IGNORE_CASCADE                                                                    ;
; WIDTH_BYTEENA                      ; 1                    ; Untyped                                                                           ;
; OPERATION_MODE                     ; DUAL_PORT            ; Untyped                                                                           ;
; WIDTH_A                            ; 8                    ; Untyped                                                                           ;
; WIDTHAD_A                          ; 16                   ; Untyped                                                                           ;
; NUMWORDS_A                         ; 45056                ; Untyped                                                                           ;
; OUTDATA_REG_A                      ; UNREGISTERED         ; Untyped                                                                           ;
; ADDRESS_ACLR_A                     ; NONE                 ; Untyped                                                                           ;
; OUTDATA_ACLR_A                     ; NONE                 ; Untyped                                                                           ;
; WRCONTROL_ACLR_A                   ; NONE                 ; Untyped                                                                           ;
; INDATA_ACLR_A                      ; NONE                 ; Untyped                                                                           ;
; BYTEENA_ACLR_A                     ; NONE                 ; Untyped                                                                           ;
; WIDTH_B                            ; 8                    ; Untyped                                                                           ;
; WIDTHAD_B                          ; 16                   ; Untyped                                                                           ;
; NUMWORDS_B                         ; 45056                ; Untyped                                                                           ;
; INDATA_REG_B                       ; CLOCK1               ; Untyped                                                                           ;
; WRCONTROL_WRADDRESS_REG_B          ; CLOCK1               ; Untyped                                                                           ;
; RDCONTROL_REG_B                    ; CLOCK1               ; Untyped                                                                           ;
; ADDRESS_REG_B                      ; CLOCK1               ; Untyped                                                                           ;
; OUTDATA_REG_B                      ; UNREGISTERED         ; Untyped                                                                           ;
; BYTEENA_REG_B                      ; CLOCK1               ; Untyped                                                                           ;
; INDATA_ACLR_B                      ; NONE                 ; Untyped                                                                           ;
; WRCONTROL_ACLR_B                   ; NONE                 ; Untyped                                                                           ;
; ADDRESS_ACLR_B                     ; NONE                 ; Untyped                                                                           ;
; OUTDATA_ACLR_B                     ; NONE                 ; Untyped                                                                           ;
; RDCONTROL_ACLR_B                   ; NONE                 ; Untyped                                                                           ;
; BYTEENA_ACLR_B                     ; NONE                 ; Untyped                                                                           ;
; WIDTH_BYTEENA_A                    ; 1                    ; Untyped                                                                           ;
; WIDTH_BYTEENA_B                    ; 1                    ; Untyped                                                                           ;
; RAM_BLOCK_TYPE                     ; AUTO                 ; Untyped                                                                           ;
; BYTE_SIZE                          ; 8                    ; Untyped                                                                           ;
; READ_DURING_WRITE_MODE_MIXED_PORTS ; DONT_CARE            ; Untyped                                                                           ;
; READ_DURING_WRITE_MODE_PORT_A      ; NEW_DATA_NO_NBE_READ ; Untyped                                                                           ;
; READ_DURING_WRITE_MODE_PORT_B      ; NEW_DATA_NO_NBE_READ ; Untyped                                                                           ;
; INIT_FILE                          ; UNUSED               ; Untyped                                                                           ;
; INIT_FILE_LAYOUT                   ; PORT_A               ; Untyped                                                                           ;
; MAXIMUM_DEPTH                      ; 0                    ; Untyped                                                                           ;
; CLOCK_ENABLE_INPUT_A               ; NORMAL               ; Untyped                                                                           ;
; CLOCK_ENABLE_INPUT_B               ; NORMAL               ; Untyped                                                                           ;
; CLOCK_ENABLE_OUTPUT_A              ; NORMAL               ; Untyped                                                                           ;
; CLOCK_ENABLE_OUTPUT_B              ; NORMAL               ; Untyped                                                                           ;
; CLOCK_ENABLE_CORE_A                ; USE_INPUT_CLKEN      ; Untyped                                                                           ;
; CLOCK_ENABLE_CORE_B                ; USE_INPUT_CLKEN      ; Untyped                                                                           ;
; ENABLE_ECC                         ; FALSE                ; Untyped                                                                           ;
; ECC_PIPELINE_STAGE_ENABLED         ; FALSE                ; Untyped                                                                           ;
; WIDTH_ECCSTATUS                    ; 3                    ; Untyped                                                                           ;
; DEVICE_FAMILY                      ; MAX 10               ; Untyped                                                                           ;
; CBXI_PARAMETER                     ; altsyncram_2ed1      ; Untyped                                                                           ;
+------------------------------------+----------------------+-----------------------------------------------------------------------------------+
Note: In order to hide this table in the UI and the text report file, please set the "Show Parameter Settings in Synthesis Report" option in "Analysis and Synthesis Settings -> More Settings" to "Off".


+-----------------------------------------------------------------------------------------------------------------------------------------------+
; Parameter Settings for Inferred Entity Instance: System:system|VexRISCVSoftcore:core|Axi4SharedOnChipRam:axi_ram|altsyncram:ram_symbol3_rtl_0 ;
+------------------------------------+----------------------+-----------------------------------------------------------------------------------+
; Parameter Name                     ; Value                ; Type                                                                              ;
+------------------------------------+----------------------+-----------------------------------------------------------------------------------+
; BYTE_SIZE_BLOCK                    ; 8                    ; Untyped                                                                           ;
; AUTO_CARRY_CHAINS                  ; ON                   ; AUTO_CARRY                                                                        ;
; IGNORE_CARRY_BUFFERS               ; OFF                  ; IGNORE_CARRY                                                                      ;
; AUTO_CASCADE_CHAINS                ; ON                   ; AUTO_CASCADE                                                                      ;
; IGNORE_CASCADE_BUFFERS             ; OFF                  ; IGNORE_CASCADE                                                                    ;
; WIDTH_BYTEENA                      ; 1                    ; Untyped                                                                           ;
; OPERATION_MODE                     ; DUAL_PORT            ; Untyped                                                                           ;
; WIDTH_A                            ; 8                    ; Untyped                                                                           ;
; WIDTHAD_A                          ; 16                   ; Untyped                                                                           ;
; NUMWORDS_A                         ; 45056                ; Untyped                                                                           ;
; OUTDATA_REG_A                      ; UNREGISTERED         ; Untyped                                                                           ;
; ADDRESS_ACLR_A                     ; NONE                 ; Untyped                                                                           ;
; OUTDATA_ACLR_A                     ; NONE                 ; Untyped                                                                           ;
; WRCONTROL_ACLR_A                   ; NONE                 ; Untyped                                                                           ;
; INDATA_ACLR_A                      ; NONE                 ; Untyped                                                                           ;
; BYTEENA_ACLR_A                     ; NONE                 ; Untyped                                                                           ;
; WIDTH_B                            ; 8                    ; Untyped                                                                           ;
; WIDTHAD_B                          ; 16                   ; Untyped                                                                           ;
; NUMWORDS_B                         ; 45056                ; Untyped                                                                           ;
; INDATA_REG_B                       ; CLOCK1               ; Untyped                                                                           ;
; WRCONTROL_WRADDRESS_REG_B          ; CLOCK1               ; Untyped                                                                           ;
; RDCONTROL_REG_B                    ; CLOCK1               ; Untyped                                                                           ;
; ADDRESS_REG_B                      ; CLOCK1               ; Untyped                                                                           ;
; OUTDATA_REG_B                      ; UNREGISTERED         ; Untyped                                                                           ;
; BYTEENA_REG_B                      ; CLOCK1               ; Untyped                                                                           ;
; INDATA_ACLR_B                      ; NONE                 ; Untyped                                                                           ;
; WRCONTROL_ACLR_B                   ; NONE                 ; Untyped                                                                           ;
; ADDRESS_ACLR_B                     ; NONE                 ; Untyped                                                                           ;
; OUTDATA_ACLR_B                     ; NONE                 ; Untyped                                                                           ;
; RDCONTROL_ACLR_B                   ; NONE                 ; Untyped                                                                           ;
; BYTEENA_ACLR_B                     ; NONE                 ; Untyped                                                                           ;
; WIDTH_BYTEENA_A                    ; 1                    ; Untyped                                                                           ;
; WIDTH_BYTEENA_B                    ; 1                    ; Untyped                                                                           ;
; RAM_BLOCK_TYPE                     ; AUTO                 ; Untyped                                                                           ;
; BYTE_SIZE                          ; 8                    ; Untyped                                                                           ;
; READ_DURING_WRITE_MODE_MIXED_PORTS ; DONT_CARE            ; Untyped                                                                           ;
; READ_DURING_WRITE_MODE_PORT_A      ; NEW_DATA_NO_NBE_READ ; Untyped                                                                           ;
; READ_DURING_WRITE_MODE_PORT_B      ; NEW_DATA_NO_NBE_READ ; Untyped                                                                           ;
; INIT_FILE                          ; UNUSED               ; Untyped                                                                           ;
; INIT_FILE_LAYOUT                   ; PORT_A               ; Untyped                                                                           ;
; MAXIMUM_DEPTH                      ; 0                    ; Untyped                                                                           ;
; CLOCK_ENABLE_INPUT_A               ; NORMAL               ; Untyped                                                                           ;
; CLOCK_ENABLE_INPUT_B               ; NORMAL               ; Untyped                                                                           ;
; CLOCK_ENABLE_OUTPUT_A              ; NORMAL               ; Untyped                                                                           ;
; CLOCK_ENABLE_OUTPUT_B              ; NORMAL               ; Untyped                                                                           ;
; CLOCK_ENABLE_CORE_A                ; USE_INPUT_CLKEN      ; Untyped                                                                           ;
; CLOCK_ENABLE_CORE_B                ; USE_INPUT_CLKEN      ; Untyped                                                                           ;
; ENABLE_ECC                         ; FALSE                ; Untyped                                                                           ;
; ECC_PIPELINE_STAGE_ENABLED         ; FALSE                ; Untyped                                                                           ;
; WIDTH_ECCSTATUS                    ; 3                    ; Untyped                                                                           ;
; DEVICE_FAMILY                      ; MAX 10               ; Untyped                                                                           ;
; CBXI_PARAMETER                     ; altsyncram_2ed1      ; Untyped                                                                           ;
+------------------------------------+----------------------+-----------------------------------------------------------------------------------+
Note: In order to hide this table in the UI and the text report file, please set the "Show Parameter Settings in Synthesis Report" option in "Analysis and Synthesis Settings -> More Settings" to "Off".


+----------------------------------------------------------------------------------+
; Parameter Settings for Inferred Entity Instance: ApbRam:ram|altsyncram:ram_rtl_0 ;
+------------------------------------+----------------------+----------------------+
; Parameter Name                     ; Value                ; Type                 ;
+------------------------------------+----------------------+----------------------+
; BYTE_SIZE_BLOCK                    ; 8                    ; Untyped              ;
; AUTO_CARRY_CHAINS                  ; ON                   ; AUTO_CARRY           ;
; IGNORE_CARRY_BUFFERS               ; OFF                  ; IGNORE_CARRY         ;
; AUTO_CASCADE_CHAINS                ; ON                   ; AUTO_CASCADE         ;
; IGNORE_CASCADE_BUFFERS             ; OFF                  ; IGNORE_CASCADE       ;
; WIDTH_BYTEENA                      ; 1                    ; Untyped              ;
; OPERATION_MODE                     ; DUAL_PORT            ; Untyped              ;
; WIDTH_A                            ; 32                   ; Untyped              ;
; WIDTHAD_A                          ; 10                   ; Untyped              ;
; NUMWORDS_A                         ; 1024                 ; Untyped              ;
; OUTDATA_REG_A                      ; UNREGISTERED         ; Untyped              ;
; ADDRESS_ACLR_A                     ; NONE                 ; Untyped              ;
; OUTDATA_ACLR_A                     ; NONE                 ; Untyped              ;
; WRCONTROL_ACLR_A                   ; NONE                 ; Untyped              ;
; INDATA_ACLR_A                      ; NONE                 ; Untyped              ;
; BYTEENA_ACLR_A                     ; NONE                 ; Untyped              ;
; WIDTH_B                            ; 32                   ; Untyped              ;
; WIDTHAD_B                          ; 10                   ; Untyped              ;
; NUMWORDS_B                         ; 1024                 ; Untyped              ;
; INDATA_REG_B                       ; CLOCK1               ; Untyped              ;
; WRCONTROL_WRADDRESS_REG_B          ; CLOCK1               ; Untyped              ;
; RDCONTROL_REG_B                    ; CLOCK1               ; Untyped              ;
; ADDRESS_REG_B                      ; CLOCK1               ; Untyped              ;
; OUTDATA_REG_B                      ; UNREGISTERED         ; Untyped              ;
; BYTEENA_REG_B                      ; CLOCK1               ; Untyped              ;
; INDATA_ACLR_B                      ; NONE                 ; Untyped              ;
; WRCONTROL_ACLR_B                   ; NONE                 ; Untyped              ;
; ADDRESS_ACLR_B                     ; NONE                 ; Untyped              ;
; OUTDATA_ACLR_B                     ; NONE                 ; Untyped              ;
; RDCONTROL_ACLR_B                   ; NONE                 ; Untyped              ;
; BYTEENA_ACLR_B                     ; NONE                 ; Untyped              ;
; WIDTH_BYTEENA_A                    ; 1                    ; Untyped              ;
; WIDTH_BYTEENA_B                    ; 1                    ; Untyped              ;
; RAM_BLOCK_TYPE                     ; AUTO                 ; Untyped              ;
; BYTE_SIZE                          ; 8                    ; Untyped              ;
; READ_DURING_WRITE_MODE_MIXED_PORTS ; DONT_CARE            ; Untyped              ;
; READ_DURING_WRITE_MODE_PORT_A      ; NEW_DATA_NO_NBE_READ ; Untyped              ;
; READ_DURING_WRITE_MODE_PORT_B      ; NEW_DATA_NO_NBE_READ ; Untyped              ;
; INIT_FILE                          ; UNUSED               ; Untyped              ;
; INIT_FILE_LAYOUT                   ; PORT_A               ; Untyped              ;
; MAXIMUM_DEPTH                      ; 0                    ; Untyped              ;
; CLOCK_ENABLE_INPUT_A               ; NORMAL               ; Untyped              ;
; CLOCK_ENABLE_INPUT_B               ; NORMAL               ; Untyped              ;
; CLOCK_ENABLE_OUTPUT_A              ; NORMAL               ; Untyped              ;
; CLOCK_ENABLE_OUTPUT_B              ; NORMAL               ; Untyped              ;
; CLOCK_ENABLE_CORE_A                ; USE_INPUT_CLKEN      ; Untyped              ;
; CLOCK_ENABLE_CORE_B                ; USE_INPUT_CLKEN      ; Untyped              ;
; ENABLE_ECC                         ; FALSE                ; Untyped              ;
; ECC_PIPELINE_STAGE_ENABLED         ; FALSE                ; Untyped              ;
; WIDTH_ECCSTATUS                    ; 3                    ; Untyped              ;
; DEVICE_FAMILY                      ; MAX 10               ; Untyped              ;
; CBXI_PARAMETER                     ; altsyncram_rdf1      ; Untyped              ;
+------------------------------------+----------------------+----------------------+
Note: In order to hide this table in the UI and the text report file, please set the "Show Parameter Settings in Synthesis Report" option in "Analysis and Synthesis Settings -> More Settings" to "Off".


+----------------------------------------------------------------------------------------------------------------------+
; Parameter Settings for Inferred Entity Instance: System:system|VexRISCVSoftcore:core|VexRiscv:axi_cpu|lpm_mult:Mult1 ;
+------------------------------------------------+----------+----------------------------------------------------------+
; Parameter Name                                 ; Value    ; Type                                                     ;
+------------------------------------------------+----------+----------------------------------------------------------+
; AUTO_CARRY_CHAINS                              ; ON       ; AUTO_CARRY                                               ;
; IGNORE_CARRY_BUFFERS                           ; OFF      ; IGNORE_CARRY                                             ;
; AUTO_CASCADE_CHAINS                            ; ON       ; AUTO_CASCADE                                             ;
; IGNORE_CASCADE_BUFFERS                         ; OFF      ; IGNORE_CASCADE                                           ;
; LPM_WIDTHA                                     ; 16       ; Untyped                                                  ;
; LPM_WIDTHB                                     ; 16       ; Untyped                                                  ;
; LPM_WIDTHP                                     ; 32       ; Untyped                                                  ;
; LPM_WIDTHR                                     ; 32       ; Untyped                                                  ;
; LPM_WIDTHS                                     ; 1        ; Untyped                                                  ;
; LPM_REPRESENTATION                             ; UNSIGNED ; Untyped                                                  ;
; LPM_PIPELINE                                   ; 0        ; Untyped                                                  ;
; LATENCY                                        ; 0        ; Untyped                                                  ;
; INPUT_A_IS_CONSTANT                            ; NO       ; Untyped                                                  ;
; INPUT_B_IS_CONSTANT                            ; NO       ; Untyped                                                  ;
; USE_EAB                                        ; OFF      ; Untyped                                                  ;
; MAXIMIZE_SPEED                                 ; 6        ; Untyped                                                  ;
; DEVICE_FAMILY                                  ; MAX 10   ; Untyped                                                  ;
; CARRY_CHAIN                                    ; MANUAL   ; Untyped                                                  ;
; APEX20K_TECHNOLOGY_MAPPER                      ; LUT      ; TECH_MAPPER_APEX20K                                      ;
; DEDICATED_MULTIPLIER_CIRCUITRY                 ; AUTO     ; Untyped                                                  ;
; DEDICATED_MULTIPLIER_MIN_INPUT_WIDTH_FOR_AUTO  ; 0        ; Untyped                                                  ;
; DEDICATED_MULTIPLIER_MIN_OUTPUT_WIDTH_FOR_AUTO ; 0        ; Untyped                                                  ;
; CBXI_PARAMETER                                 ; mult_tns ; Untyped                                                  ;
; INPUT_A_FIXED_VALUE                            ; Bx       ; Untyped                                                  ;
; INPUT_B_FIXED_VALUE                            ; Bx       ; Untyped                                                  ;
; USE_AHDL_IMPLEMENTATION                        ; OFF      ; Untyped                                                  ;
+------------------------------------------------+----------+----------------------------------------------------------+
Note: In order to hide this table in the UI and the text report file, please set the "Show Parameter Settings in Synthesis Report" option in "Analysis and Synthesis Settings -> More Settings" to "Off".


+----------------------------------------------------------------------------------------------------------------------+
; Parameter Settings for Inferred Entity Instance: System:system|VexRISCVSoftcore:core|VexRiscv:axi_cpu|lpm_mult:Mult3 ;
+------------------------------------------------+----------+----------------------------------------------------------+
; Parameter Name                                 ; Value    ; Type                                                     ;
+------------------------------------------------+----------+----------------------------------------------------------+
; AUTO_CARRY_CHAINS                              ; ON       ; AUTO_CARRY                                               ;
; IGNORE_CARRY_BUFFERS                           ; OFF      ; IGNORE_CARRY                                             ;
; AUTO_CASCADE_CHAINS                            ; ON       ; AUTO_CASCADE                                             ;
; IGNORE_CASCADE_BUFFERS                         ; OFF      ; IGNORE_CASCADE                                           ;
; LPM_WIDTHA                                     ; 17       ; Untyped                                                  ;
; LPM_WIDTHB                                     ; 17       ; Untyped                                                  ;
; LPM_WIDTHP                                     ; 34       ; Untyped                                                  ;
; LPM_WIDTHR                                     ; 34       ; Untyped                                                  ;
; LPM_WIDTHS                                     ; 1        ; Untyped                                                  ;
; LPM_REPRESENTATION                             ; SIGNED   ; Untyped                                                  ;
; LPM_PIPELINE                                   ; 0        ; Untyped                                                  ;
; LATENCY                                        ; 0        ; Untyped                                                  ;
; INPUT_A_IS_CONSTANT                            ; NO       ; Untyped                                                  ;
; INPUT_B_IS_CONSTANT                            ; NO       ; Untyped                                                  ;
; USE_EAB                                        ; OFF      ; Untyped                                                  ;
; MAXIMIZE_SPEED                                 ; 5        ; Untyped                                                  ;
; DEVICE_FAMILY                                  ; MAX 10   ; Untyped                                                  ;
; CARRY_CHAIN                                    ; MANUAL   ; Untyped                                                  ;
; APEX20K_TECHNOLOGY_MAPPER                      ; LUT      ; TECH_MAPPER_APEX20K                                      ;
; DEDICATED_MULTIPLIER_CIRCUITRY                 ; AUTO     ; Untyped                                                  ;
; DEDICATED_MULTIPLIER_MIN_INPUT_WIDTH_FOR_AUTO  ; 0        ; Untyped                                                  ;
; DEDICATED_MULTIPLIER_MIN_OUTPUT_WIDTH_FOR_AUTO ; 0        ; Untyped                                                  ;
; CBXI_PARAMETER                                 ; mult_tgs ; Untyped                                                  ;
; INPUT_A_FIXED_VALUE                            ; Bx       ; Untyped                                                  ;
; INPUT_B_FIXED_VALUE                            ; Bx       ; Untyped                                                  ;
; USE_AHDL_IMPLEMENTATION                        ; OFF      ; Untyped                                                  ;
+------------------------------------------------+----------+----------------------------------------------------------+
Note: In order to hide this table in the UI and the text report file, please set the "Show Parameter Settings in Synthesis Report" option in "Analysis and Synthesis Settings -> More Settings" to "Off".


+----------------------------------------------------------------------------------------------------------------------+
; Parameter Settings for Inferred Entity Instance: System:system|VexRISCVSoftcore:core|VexRiscv:axi_cpu|lpm_mult:Mult0 ;
+------------------------------------------------+----------+----------------------------------------------------------+
; Parameter Name                                 ; Value    ; Type                                                     ;
+------------------------------------------------+----------+----------------------------------------------------------+
; AUTO_CARRY_CHAINS                              ; ON       ; AUTO_CARRY                                               ;
; IGNORE_CARRY_BUFFERS                           ; OFF      ; IGNORE_CARRY                                             ;
; AUTO_CASCADE_CHAINS                            ; ON       ; AUTO_CASCADE                                             ;
; IGNORE_CASCADE_BUFFERS                         ; OFF      ; IGNORE_CASCADE                                           ;
; LPM_WIDTHA                                     ; 17       ; Untyped                                                  ;
; LPM_WIDTHB                                     ; 17       ; Untyped                                                  ;
; LPM_WIDTHP                                     ; 34       ; Untyped                                                  ;
; LPM_WIDTHR                                     ; 34       ; Untyped                                                  ;
; LPM_WIDTHS                                     ; 1        ; Untyped                                                  ;
; LPM_REPRESENTATION                             ; SIGNED   ; Untyped                                                  ;
; LPM_PIPELINE                                   ; 0        ; Untyped                                                  ;
; LATENCY                                        ; 0        ; Untyped                                                  ;
; INPUT_A_IS_CONSTANT                            ; NO       ; Untyped                                                  ;
; INPUT_B_IS_CONSTANT                            ; NO       ; Untyped                                                  ;
; USE_EAB                                        ; OFF      ; Untyped                                                  ;
; MAXIMIZE_SPEED                                 ; 5        ; Untyped                                                  ;
; DEVICE_FAMILY                                  ; MAX 10   ; Untyped                                                  ;
; CARRY_CHAIN                                    ; MANUAL   ; Untyped                                                  ;
; APEX20K_TECHNOLOGY_MAPPER                      ; LUT      ; TECH_MAPPER_APEX20K                                      ;
; DEDICATED_MULTIPLIER_CIRCUITRY                 ; AUTO     ; Untyped                                                  ;
; DEDICATED_MULTIPLIER_MIN_INPUT_WIDTH_FOR_AUTO  ; 0        ; Untyped                                                  ;
; DEDICATED_MULTIPLIER_MIN_OUTPUT_WIDTH_FOR_AUTO ; 0        ; Untyped                                                  ;
; CBXI_PARAMETER                                 ; mult_tgs ; Untyped                                                  ;
; INPUT_A_FIXED_VALUE                            ; Bx       ; Untyped                                                  ;
; INPUT_B_FIXED_VALUE                            ; Bx       ; Untyped                                                  ;
; USE_AHDL_IMPLEMENTATION                        ; OFF      ; Untyped                                                  ;
+------------------------------------------------+----------+----------------------------------------------------------+
Note: In order to hide this table in the UI and the text report file, please set the "Show Parameter Settings in Synthesis Report" option in "Analysis and Synthesis Settings -> More Settings" to "Off".


+----------------------------------------------------------------------------------------------------------------------+
; Parameter Settings for Inferred Entity Instance: System:system|VexRISCVSoftcore:core|VexRiscv:axi_cpu|lpm_mult:Mult2 ;
+------------------------------------------------+----------+----------------------------------------------------------+
; Parameter Name                                 ; Value    ; Type                                                     ;
+------------------------------------------------+----------+----------------------------------------------------------+
; AUTO_CARRY_CHAINS                              ; ON       ; AUTO_CARRY                                               ;
; IGNORE_CARRY_BUFFERS                           ; OFF      ; IGNORE_CARRY                                             ;
; AUTO_CASCADE_CHAINS                            ; ON       ; AUTO_CASCADE                                             ;
; IGNORE_CASCADE_BUFFERS                         ; OFF      ; IGNORE_CASCADE                                           ;
; LPM_WIDTHA                                     ; 17       ; Untyped                                                  ;
; LPM_WIDTHB                                     ; 17       ; Untyped                                                  ;
; LPM_WIDTHP                                     ; 34       ; Untyped                                                  ;
; LPM_WIDTHR                                     ; 34       ; Untyped                                                  ;
; LPM_WIDTHS                                     ; 1        ; Untyped                                                  ;
; LPM_REPRESENTATION                             ; SIGNED   ; Untyped                                                  ;
; LPM_PIPELINE                                   ; 0        ; Untyped                                                  ;
; LATENCY                                        ; 0        ; Untyped                                                  ;
; INPUT_A_IS_CONSTANT                            ; NO       ; Untyped                                                  ;
; INPUT_B_IS_CONSTANT                            ; NO       ; Untyped                                                  ;
; USE_EAB                                        ; OFF      ; Untyped                                                  ;
; MAXIMIZE_SPEED                                 ; 5        ; Untyped                                                  ;
; DEVICE_FAMILY                                  ; MAX 10   ; Untyped                                                  ;
; CARRY_CHAIN                                    ; MANUAL   ; Untyped                                                  ;
; APEX20K_TECHNOLOGY_MAPPER                      ; LUT      ; TECH_MAPPER_APEX20K                                      ;
; DEDICATED_MULTIPLIER_CIRCUITRY                 ; AUTO     ; Untyped                                                  ;
; DEDICATED_MULTIPLIER_MIN_INPUT_WIDTH_FOR_AUTO  ; 0        ; Untyped                                                  ;
; DEDICATED_MULTIPLIER_MIN_OUTPUT_WIDTH_FOR_AUTO ; 0        ; Untyped                                                  ;
; CBXI_PARAMETER                                 ; mult_tgs ; Untyped                                                  ;
; INPUT_A_FIXED_VALUE                            ; Bx       ; Untyped                                                  ;
; INPUT_B_FIXED_VALUE                            ; Bx       ; Untyped                                                  ;
; USE_AHDL_IMPLEMENTATION                        ; OFF      ; Untyped                                                  ;
+------------------------------------------------+----------+----------------------------------------------------------+
Note: In order to hide this table in the UI and the text report file, please set the "Show Parameter Settings in Synthesis Report" option in "Analysis and Synthesis Settings -> More Settings" to "Off".


+----------------------------------------------------------------------------------+
; altpll Parameter Settings by Entity Instance                                     ;
+-------------------------------+--------------------------------------------------+
; Name                          ; Value                                            ;
+-------------------------------+--------------------------------------------------+
; Number of entity instances    ; 1                                                ;
; Entity Instance               ; System:system|PLL:pll_1_|altpll:altpll_component ;
;     -- OPERATION_MODE         ; NORMAL                                           ;
;     -- PLL_TYPE               ; AUTO                                             ;
;     -- PRIMARY_CLOCK          ; INCLK0                                           ;
;     -- INCLK0_INPUT_FREQUENCY ; 20000                                            ;
;     -- INCLK1_INPUT_FREQUENCY ; 0                                                ;
;     -- VCO_MULTIPLY_BY        ; 0                                                ;
;     -- VCO_DIVIDE_BY          ; 0                                                ;
+-------------------------------+--------------------------------------------------+


+------------------------------------------------------------------------------------------------------------------------------------------+
; altsyncram Parameter Settings by Entity Instance                                                                                         ;
+-------------------------------------------+----------------------------------------------------------------------------------------------+
; Name                                      ; Value                                                                                        ;
+-------------------------------------------+----------------------------------------------------------------------------------------------+
; Number of entity instances                ; 5                                                                                            ;
; Entity Instance                           ; System:system|VexRISCVSoftcore:core|Axi4SharedOnChipRam:axi_ram|altsyncram:ram_symbol2_rtl_0 ;
;     -- OPERATION_MODE                     ; DUAL_PORT                                                                                    ;
;     -- WIDTH_A                            ; 8                                                                                            ;
;     -- NUMWORDS_A                         ; 45056                                                                                        ;
;     -- OUTDATA_REG_A                      ; UNREGISTERED                                                                                 ;
;     -- WIDTH_B                            ; 8                                                                                            ;
;     -- NUMWORDS_B                         ; 45056                                                                                        ;
;     -- ADDRESS_REG_B                      ; CLOCK1                                                                                       ;
;     -- OUTDATA_REG_B                      ; UNREGISTERED                                                                                 ;
;     -- RAM_BLOCK_TYPE                     ; AUTO                                                                                         ;
;     -- READ_DURING_WRITE_MODE_MIXED_PORTS ; DONT_CARE                                                                                    ;
; Entity Instance                           ; System:system|VexRISCVSoftcore:core|Axi4SharedOnChipRam:axi_ram|altsyncram:ram_symbol1_rtl_0 ;
;     -- OPERATION_MODE                     ; DUAL_PORT                                                                                    ;
;     -- WIDTH_A                            ; 8                                                                                            ;
;     -- NUMWORDS_A                         ; 45056                                                                                        ;
;     -- OUTDATA_REG_A                      ; UNREGISTERED                                                                                 ;
;     -- WIDTH_B                            ; 8                                                                                            ;
;     -- NUMWORDS_B                         ; 45056                                                                                        ;
;     -- ADDRESS_REG_B                      ; CLOCK1                                                                                       ;
;     -- OUTDATA_REG_B                      ; UNREGISTERED                                                                                 ;
;     -- RAM_BLOCK_TYPE                     ; AUTO                                                                                         ;
;     -- READ_DURING_WRITE_MODE_MIXED_PORTS ; DONT_CARE                                                                                    ;
; Entity Instance                           ; System:system|VexRISCVSoftcore:core|Axi4SharedOnChipRam:axi_ram|altsyncram:ram_symbol0_rtl_0 ;
;     -- OPERATION_MODE                     ; DUAL_PORT                                                                                    ;
;     -- WIDTH_A                            ; 8                                                                                            ;
;     -- NUMWORDS_A                         ; 45056                                                                                        ;
;     -- OUTDATA_REG_A                      ; UNREGISTERED                                                                                 ;
;     -- WIDTH_B                            ; 8                                                                                            ;
;     -- NUMWORDS_B                         ; 45056                                                                                        ;
;     -- ADDRESS_REG_B                      ; CLOCK1                                                                                       ;
;     -- OUTDATA_REG_B                      ; UNREGISTERED                                                                                 ;
;     -- RAM_BLOCK_TYPE                     ; AUTO                                                                                         ;
;     -- READ_DURING_WRITE_MODE_MIXED_PORTS ; DONT_CARE                                                                                    ;
; Entity Instance                           ; System:system|VexRISCVSoftcore:core|Axi4SharedOnChipRam:axi_ram|altsyncram:ram_symbol3_rtl_0 ;
;     -- OPERATION_MODE                     ; DUAL_PORT                                                                                    ;
;     -- WIDTH_A                            ; 8                                                                                            ;
;     -- NUMWORDS_A                         ; 45056                                                                                        ;
;     -- OUTDATA_REG_A                      ; UNREGISTERED                                                                                 ;
;     -- WIDTH_B                            ; 8                                                                                            ;
;     -- NUMWORDS_B                         ; 45056                                                                                        ;
;     -- ADDRESS_REG_B                      ; CLOCK1                                                                                       ;
;     -- OUTDATA_REG_B                      ; UNREGISTERED                                                                                 ;
;     -- RAM_BLOCK_TYPE                     ; AUTO                                                                                         ;
;     -- READ_DURING_WRITE_MODE_MIXED_PORTS ; DONT_CARE                                                                                    ;
; Entity Instance                           ; ApbRam:ram|altsyncram:ram_rtl_0                                                              ;
;     -- OPERATION_MODE                     ; DUAL_PORT                                                                                    ;
;     -- WIDTH_A                            ; 32                                                                                           ;
;     -- NUMWORDS_A                         ; 1024                                                                                         ;
;     -- OUTDATA_REG_A                      ; UNREGISTERED                                                                                 ;
;     -- WIDTH_B                            ; 32                                                                                           ;
;     -- NUMWORDS_B                         ; 1024                                                                                         ;
;     -- ADDRESS_REG_B                      ; CLOCK1                                                                                       ;
;     -- OUTDATA_REG_B                      ; UNREGISTERED                                                                                 ;
;     -- RAM_BLOCK_TYPE                     ; AUTO                                                                                         ;
;     -- READ_DURING_WRITE_MODE_MIXED_PORTS ; DONT_CARE                                                                                    ;
+-------------------------------------------+----------------------------------------------------------------------------------------------+


+-------------------------------------------------------------------------------------------------------------+
; lpm_mult Parameter Settings by Entity Instance                                                              ;
+---------------------------------------+---------------------------------------------------------------------+
; Name                                  ; Value                                                               ;
+---------------------------------------+---------------------------------------------------------------------+
; Number of entity instances            ; 4                                                                   ;
; Entity Instance                       ; System:system|VexRISCVSoftcore:core|VexRiscv:axi_cpu|lpm_mult:Mult1 ;
;     -- LPM_WIDTHA                     ; 16                                                                  ;
;     -- LPM_WIDTHB                     ; 16                                                                  ;
;     -- LPM_WIDTHP                     ; 32                                                                  ;
;     -- LPM_REPRESENTATION             ; UNSIGNED                                                            ;
;     -- INPUT_A_IS_CONSTANT            ; NO                                                                  ;
;     -- INPUT_B_IS_CONSTANT            ; NO                                                                  ;
;     -- USE_EAB                        ; OFF                                                                 ;
;     -- DEDICATED_MULTIPLIER_CIRCUITRY ; AUTO                                                                ;
;     -- INPUT_A_FIXED_VALUE            ; Bx                                                                  ;
;     -- INPUT_B_FIXED_VALUE            ; Bx                                                                  ;
; Entity Instance                       ; System:system|VexRISCVSoftcore:core|VexRiscv:axi_cpu|lpm_mult:Mult3 ;
;     -- LPM_WIDTHA                     ; 17                                                                  ;
;     -- LPM_WIDTHB                     ; 17                                                                  ;
;     -- LPM_WIDTHP                     ; 34                                                                  ;
;     -- LPM_REPRESENTATION             ; SIGNED                                                              ;
;     -- INPUT_A_IS_CONSTANT            ; NO                                                                  ;
;     -- INPUT_B_IS_CONSTANT            ; NO                                                                  ;
;     -- USE_EAB                        ; OFF                                                                 ;
;     -- DEDICATED_MULTIPLIER_CIRCUITRY ; AUTO                                                                ;
;     -- INPUT_A_FIXED_VALUE            ; Bx                                                                  ;
;     -- INPUT_B_FIXED_VALUE            ; Bx                                                                  ;
; Entity Instance                       ; System:system|VexRISCVSoftcore:core|VexRiscv:axi_cpu|lpm_mult:Mult0 ;
;     -- LPM_WIDTHA                     ; 17                                                                  ;
;     -- LPM_WIDTHB                     ; 17                                                                  ;
;     -- LPM_WIDTHP                     ; 34                                                                  ;
;     -- LPM_REPRESENTATION             ; SIGNED                                                              ;
;     -- INPUT_A_IS_CONSTANT            ; NO                                                                  ;
;     -- INPUT_B_IS_CONSTANT            ; NO                                                                  ;
;     -- USE_EAB                        ; OFF                                                                 ;
;     -- DEDICATED_MULTIPLIER_CIRCUITRY ; AUTO                                                                ;
;     -- INPUT_A_FIXED_VALUE            ; Bx                                                                  ;
;     -- INPUT_B_FIXED_VALUE            ; Bx                                                                  ;
; Entity Instance                       ; System:system|VexRISCVSoftcore:core|VexRiscv:axi_cpu|lpm_mult:Mult2 ;
;     -- LPM_WIDTHA                     ; 17                                                                  ;
;     -- LPM_WIDTHB                     ; 17                                                                  ;
;     -- LPM_WIDTHP                     ; 34                                                                  ;
;     -- LPM_REPRESENTATION             ; SIGNED                                                              ;
;     -- INPUT_A_IS_CONSTANT            ; NO                                                                  ;
;     -- INPUT_B_IS_CONSTANT            ; NO                                                                  ;
;     -- USE_EAB                        ; OFF                                                                 ;
;     -- DEDICATED_MULTIPLIER_CIRCUITRY ; AUTO                                                                ;
;     -- INPUT_A_FIXED_VALUE            ; Bx                                                                  ;
;     -- INPUT_B_FIXED_VALUE            ; Bx                                                                  ;
+---------------------------------------+---------------------------------------------------------------------+


+-------------------------------------------------------------------------------------------------------------------+
; Port Connectivity Checks: "ApbRam:ram"                                                                            ;
+---------+--------+----------+-------------------------------------------------------------------------------------+
; Port    ; Type   ; Severity ; Details                                                                             ;
+---------+--------+----------+-------------------------------------------------------------------------------------+
; address ; Input  ; Info     ; Stuck at GND                                                                        ;
; w_data  ; Input  ; Info     ; Stuck at GND                                                                        ;
; r_data  ; Output ; Info     ; Connected to dangling logic. Logic that only feeds a dangling port will be removed. ;
; w_en    ; Input  ; Info     ; Stuck at GND                                                                        ;
+---------+--------+----------+-------------------------------------------------------------------------------------+


+-----------------------------------------------------+
; Port Connectivity Checks: "ApbReadRegister:readReg" ;
+---------------+-------+----------+------------------+
; Port          ; Type  ; Severity ; Details          ;
+---------------+-------+----------+------------------+
; value[31..10] ; Input ; Info     ; Stuck at GND     ;
+---------------+-------+----------+------------------+


+------------------------------------------------------------------------------------------------------------------------+
; Port Connectivity Checks: "ApbWriteRegister:writeReg2"                                                                 ;
+--------------+--------+----------+-------------------------------------------------------------------------------------+
; Port         ; Type   ; Severity ; Details                                                                             ;
+--------------+--------+----------+-------------------------------------------------------------------------------------+
; value[31..8] ; Output ; Info     ; Connected to dangling logic. Logic that only feeds a dangling port will be removed. ;
+--------------+--------+----------+-------------------------------------------------------------------------------------+


+-------------------------------------------------------------------------------------------------------------------------+
; Port Connectivity Checks: "ApbWriteRegister:writeReg1"                                                                  ;
+---------------+--------+----------+-------------------------------------------------------------------------------------+
; Port          ; Type   ; Severity ; Details                                                                             ;
+---------------+--------+----------+-------------------------------------------------------------------------------------+
; value[31..10] ; Output ; Info     ; Connected to dangling logic. Logic that only feeds a dangling port will be removed. ;
+---------------+--------+----------+-------------------------------------------------------------------------------------+


+--------------------------------------------------------------------------------------------------------------------------------------+
; Port Connectivity Checks: "System:system|VexRISCVSoftcore:core|Apb3Router:apb3Router_1_"                                             ;
+----------------------------+--------+----------+-------------------------------------------------------------------------------------+
; Port                       ; Type   ; Severity ; Details                                                                             ;
+----------------------------+--------+----------+-------------------------------------------------------------------------------------+
; io_outputs_0_PADDR[19..16] ; Output ; Info     ; Connected to dangling logic. Logic that only feeds a dangling port will be removed. ;
; io_outputs_1_PADDR[19..5]  ; Output ; Info     ; Connected to dangling logic. Logic that only feeds a dangling port will be removed. ;
; io_outputs_1_PSLVERROR     ; Input  ; Info     ; Stuck at GND                                                                        ;
; io_outputs_2_PADDR[19..8]  ; Output ; Info     ; Connected to dangling logic. Logic that only feeds a dangling port will be removed. ;
+----------------------------+--------+----------+-------------------------------------------------------------------------------------+


+---------------------------------------------------------------------------------------------------------------------------------------------------------------------------------------------+
; Port Connectivity Checks: "System:system|VexRISCVSoftcore:core|Axi4SharedArbiter_2_:axi_apbBridge_io_axi_arbiter|StreamFifoLowLatency_2_:streamFork_4__io_outputs_1_thrown_translated_fifo" ;
+--------------+--------+----------+----------------------------------------------------------------------------------------------------------------------------------------------------------+
; Port         ; Type   ; Severity ; Details                                                                                                                                                  ;
+--------------+--------+----------+----------------------------------------------------------------------------------------------------------------------------------------------------------+
; io_flush     ; Input  ; Info     ; Stuck at GND                                                                                                                                             ;
; io_occupancy ; Output ; Info     ; Connected to dangling logic. Logic that only feeds a dangling port will be removed.                                                                      ;
+--------------+--------+----------+----------------------------------------------------------------------------------------------------------------------------------------------------------+


+-----------------------------------------------------------------------------------------------------------------------------------------------+
; Port Connectivity Checks: "System:system|VexRISCVSoftcore:core|Axi4SharedArbiter_2_:axi_apbBridge_io_axi_arbiter|StreamFork_2_:streamFork_4_" ;
+----------------------------+--------+----------+----------------------------------------------------------------------------------------------+
; Port                       ; Type   ; Severity ; Details                                                                                      ;
+----------------------------+--------+----------+----------------------------------------------------------------------------------------------+
; io_outputs_1_payload_addr  ; Output ; Info     ; Connected to dangling logic. Logic that only feeds a dangling port will be removed.          ;
; io_outputs_1_payload_id    ; Output ; Info     ; Connected to dangling logic. Logic that only feeds a dangling port will be removed.          ;
; io_outputs_1_payload_len   ; Output ; Info     ; Connected to dangling logic. Logic that only feeds a dangling port will be removed.          ;
; io_outputs_1_payload_size  ; Output ; Info     ; Connected to dangling logic. Logic that only feeds a dangling port will be removed.          ;
; io_outputs_1_payload_burst ; Output ; Info     ; Connected to dangling logic. Logic that only feeds a dangling port will be removed.          ;
+----------------------------+--------+----------+----------------------------------------------------------------------------------------------+


+-----------------------------------------------------------------------------------------------------------------------------------------------+
; Port Connectivity Checks: "System:system|VexRISCVSoftcore:core|Axi4SharedArbiter_2_:axi_apbBridge_io_axi_arbiter|StreamArbiter_2_:cmdArbiter" ;
+-------------+--------+----------+-------------------------------------------------------------------------------------------------------------+
; Port        ; Type   ; Severity ; Details                                                                                                     ;
+-------------+--------+----------+-------------------------------------------------------------------------------------------------------------+
; io_chosenOH ; Output ; Info     ; Connected to dangling logic. Logic that only feeds a dangling port will be removed.                         ;
+-------------+--------+----------+-------------------------------------------------------------------------------------------------------------+


+--------------------------------------------------------------------------------------------------------------------------------------------------+
; Port Connectivity Checks: "System:system|VexRISCVSoftcore:core|Axi4SharedArbiter_2_:axi_apbBridge_io_axi_arbiter"                                ;
+----------------------------------------+--------+----------+-------------------------------------------------------------------------------------+
; Port                                   ; Type   ; Severity ; Details                                                                             ;
+----------------------------------------+--------+----------+-------------------------------------------------------------------------------------+
; io_sharedInputs_0_arw_payload_id       ; Input  ; Info     ; Stuck at GND                                                                        ;
; io_sharedInputs_0_arw_payload_len      ; Input  ; Info     ; Stuck at GND                                                                        ;
; io_sharedInputs_0_arw_payload_burst[1] ; Input  ; Info     ; Stuck at GND                                                                        ;
; io_sharedInputs_0_arw_payload_burst[0] ; Input  ; Info     ; Stuck at VCC                                                                        ;
; io_sharedInputs_0_b_payload_id         ; Output ; Info     ; Connected to dangling logic. Logic that only feeds a dangling port will be removed. ;
; io_sharedInputs_0_r_payload_id         ; Output ; Info     ; Connected to dangling logic. Logic that only feeds a dangling port will be removed. ;
+----------------------------------------+--------+----------+-------------------------------------------------------------------------------------+


+---------------------------------------------------------------------------------------------------------------------------------------------------------------------------------------------+
; Port Connectivity Checks: "System:system|VexRISCVSoftcore:core|Axi4SharedArbiter_1_:axi_sdramCtrl_io_axi_arbiter|StreamFifoLowLatency_2_:streamFork_4__io_outputs_1_thrown_translated_fifo" ;
+--------------+--------+----------+----------------------------------------------------------------------------------------------------------------------------------------------------------+
; Port         ; Type   ; Severity ; Details                                                                                                                                                  ;
+--------------+--------+----------+----------------------------------------------------------------------------------------------------------------------------------------------------------+
; io_flush     ; Input  ; Info     ; Stuck at GND                                                                                                                                             ;
; io_occupancy ; Output ; Info     ; Connected to dangling logic. Logic that only feeds a dangling port will be removed.                                                                      ;
+--------------+--------+----------+----------------------------------------------------------------------------------------------------------------------------------------------------------+


+-----------------------------------------------------------------------------------------------------------------------------------------------+
; Port Connectivity Checks: "System:system|VexRISCVSoftcore:core|Axi4SharedArbiter_1_:axi_sdramCtrl_io_axi_arbiter|StreamFork_1_:streamFork_4_" ;
+----------------------------+--------+----------+----------------------------------------------------------------------------------------------+
; Port                       ; Type   ; Severity ; Details                                                                                      ;
+----------------------------+--------+----------+----------------------------------------------------------------------------------------------+
; io_outputs_1_payload_addr  ; Output ; Info     ; Connected to dangling logic. Logic that only feeds a dangling port will be removed.          ;
; io_outputs_1_payload_id    ; Output ; Info     ; Connected to dangling logic. Logic that only feeds a dangling port will be removed.          ;
; io_outputs_1_payload_len   ; Output ; Info     ; Connected to dangling logic. Logic that only feeds a dangling port will be removed.          ;
; io_outputs_1_payload_size  ; Output ; Info     ; Connected to dangling logic. Logic that only feeds a dangling port will be removed.          ;
; io_outputs_1_payload_burst ; Output ; Info     ; Connected to dangling logic. Logic that only feeds a dangling port will be removed.          ;
+----------------------------+--------+----------+----------------------------------------------------------------------------------------------+


+-----------------------------------------------------------------------------------------------------------------------------------------------+
; Port Connectivity Checks: "System:system|VexRISCVSoftcore:core|Axi4SharedArbiter_1_:axi_sdramCtrl_io_axi_arbiter|StreamArbiter_1_:cmdArbiter" ;
+---------------------------+--------+----------+-----------------------------------------------------------------------------------------------+
; Port                      ; Type   ; Severity ; Details                                                                                       ;
+---------------------------+--------+----------+-----------------------------------------------------------------------------------------------+
; io_inputs_0_payload_write ; Input  ; Info     ; Stuck at GND                                                                                  ;
; io_chosen                 ; Output ; Info     ; Connected to dangling logic. Logic that only feeds a dangling port will be removed.           ;
; io_chosenOH[0]            ; Output ; Info     ; Connected to dangling logic. Logic that only feeds a dangling port will be removed.           ;
+---------------------------+--------+----------+-----------------------------------------------------------------------------------------------+


+--------------------------------------------------------------------------------------------------------------------------------------------------+
; Port Connectivity Checks: "System:system|VexRISCVSoftcore:core|Axi4SharedArbiter_1_:axi_sdramCtrl_io_axi_arbiter"                                ;
+----------------------------------------+--------+----------+-------------------------------------------------------------------------------------+
; Port                                   ; Type   ; Severity ; Details                                                                             ;
+----------------------------------------+--------+----------+-------------------------------------------------------------------------------------+
; io_readInputs_0_ar_payload_id          ; Input  ; Info     ; Stuck at GND                                                                        ;
; io_readInputs_0_ar_payload_len         ; Input  ; Info     ; Stuck at GND                                                                        ;
; io_readInputs_0_ar_payload_size[2]     ; Input  ; Info     ; Stuck at GND                                                                        ;
; io_readInputs_0_ar_payload_size[1]     ; Input  ; Info     ; Stuck at VCC                                                                        ;
; io_readInputs_0_ar_payload_size[0]     ; Input  ; Info     ; Stuck at GND                                                                        ;
; io_readInputs_0_ar_payload_burst[1]    ; Input  ; Info     ; Stuck at GND                                                                        ;
; io_readInputs_0_ar_payload_burst[0]    ; Input  ; Info     ; Stuck at VCC                                                                        ;
; io_readInputs_0_r_payload_id           ; Output ; Info     ; Connected to dangling logic. Logic that only feeds a dangling port will be removed. ;
; io_sharedInputs_0_arw_payload_id       ; Input  ; Info     ; Stuck at GND                                                                        ;
; io_sharedInputs_0_arw_payload_len      ; Input  ; Info     ; Stuck at GND                                                                        ;
; io_sharedInputs_0_arw_payload_burst[1] ; Input  ; Info     ; Stuck at GND                                                                        ;
; io_sharedInputs_0_arw_payload_burst[0] ; Input  ; Info     ; Stuck at VCC                                                                        ;
; io_sharedInputs_0_b_payload_id         ; Output ; Info     ; Connected to dangling logic. Logic that only feeds a dangling port will be removed. ;
; io_sharedInputs_0_r_payload_id         ; Output ; Info     ; Connected to dangling logic. Logic that only feeds a dangling port will be removed. ;
+----------------------------------------+--------+----------+-------------------------------------------------------------------------------------+


+------------------------------------------------------------------------------------------------------------------------------------------------------------------------------------+
; Port Connectivity Checks: "System:system|VexRISCVSoftcore:core|Axi4SharedArbiter:axi_ram_io_axi_arbiter|StreamFifoLowLatency_2_:streamFork_4__io_outputs_1_thrown_translated_fifo" ;
+--------------+--------+----------+-------------------------------------------------------------------------------------------------------------------------------------------------+
; Port         ; Type   ; Severity ; Details                                                                                                                                         ;
+--------------+--------+----------+-------------------------------------------------------------------------------------------------------------------------------------------------+
; io_flush     ; Input  ; Info     ; Stuck at GND                                                                                                                                    ;
; io_occupancy ; Output ; Info     ; Connected to dangling logic. Logic that only feeds a dangling port will be removed.                                                             ;
+--------------+--------+----------+-------------------------------------------------------------------------------------------------------------------------------------------------+


+--------------------------------------------------------------------------------------------------------------------------------------+
; Port Connectivity Checks: "System:system|VexRISCVSoftcore:core|Axi4SharedArbiter:axi_ram_io_axi_arbiter|StreamFork:streamFork_4_"    ;
+----------------------------+--------+----------+-------------------------------------------------------------------------------------+
; Port                       ; Type   ; Severity ; Details                                                                             ;
+----------------------------+--------+----------+-------------------------------------------------------------------------------------+
; io_outputs_1_payload_addr  ; Output ; Info     ; Connected to dangling logic. Logic that only feeds a dangling port will be removed. ;
; io_outputs_1_payload_id    ; Output ; Info     ; Connected to dangling logic. Logic that only feeds a dangling port will be removed. ;
; io_outputs_1_payload_len   ; Output ; Info     ; Connected to dangling logic. Logic that only feeds a dangling port will be removed. ;
; io_outputs_1_payload_size  ; Output ; Info     ; Connected to dangling logic. Logic that only feeds a dangling port will be removed. ;
; io_outputs_1_payload_burst ; Output ; Info     ; Connected to dangling logic. Logic that only feeds a dangling port will be removed. ;
+----------------------------+--------+----------+-------------------------------------------------------------------------------------+


+-------------------------------------------------------------------------------------------------------------------------------------+
; Port Connectivity Checks: "System:system|VexRISCVSoftcore:core|Axi4SharedArbiter:axi_ram_io_axi_arbiter|StreamArbiter:cmdArbiter"   ;
+---------------------------+--------+----------+-------------------------------------------------------------------------------------+
; Port                      ; Type   ; Severity ; Details                                                                             ;
+---------------------------+--------+----------+-------------------------------------------------------------------------------------+
; io_inputs_0_payload_write ; Input  ; Info     ; Stuck at GND                                                                        ;
; io_chosen                 ; Output ; Info     ; Connected to dangling logic. Logic that only feeds a dangling port will be removed. ;
; io_chosenOH[0]            ; Output ; Info     ; Connected to dangling logic. Logic that only feeds a dangling port will be removed. ;
+---------------------------+--------+----------+-------------------------------------------------------------------------------------+


+--------------------------------------------------------------------------------------------------------------------------------------------------+
; Port Connectivity Checks: "System:system|VexRISCVSoftcore:core|Axi4SharedArbiter:axi_ram_io_axi_arbiter"                                         ;
+----------------------------------------+--------+----------+-------------------------------------------------------------------------------------+
; Port                                   ; Type   ; Severity ; Details                                                                             ;
+----------------------------------------+--------+----------+-------------------------------------------------------------------------------------+
; io_readInputs_0_ar_payload_id          ; Input  ; Info     ; Stuck at GND                                                                        ;
; io_readInputs_0_ar_payload_len         ; Input  ; Info     ; Stuck at GND                                                                        ;
; io_readInputs_0_ar_payload_size[2]     ; Input  ; Info     ; Stuck at GND                                                                        ;
; io_readInputs_0_ar_payload_size[1]     ; Input  ; Info     ; Stuck at VCC                                                                        ;
; io_readInputs_0_ar_payload_size[0]     ; Input  ; Info     ; Stuck at GND                                                                        ;
; io_readInputs_0_ar_payload_burst[1]    ; Input  ; Info     ; Stuck at GND                                                                        ;
; io_readInputs_0_ar_payload_burst[0]    ; Input  ; Info     ; Stuck at VCC                                                                        ;
; io_readInputs_0_r_payload_id           ; Output ; Info     ; Connected to dangling logic. Logic that only feeds a dangling port will be removed. ;
; io_sharedInputs_0_arw_payload_id       ; Input  ; Info     ; Stuck at GND                                                                        ;
; io_sharedInputs_0_arw_payload_len      ; Input  ; Info     ; Stuck at GND                                                                        ;
; io_sharedInputs_0_arw_payload_burst[1] ; Input  ; Info     ; Stuck at GND                                                                        ;
; io_sharedInputs_0_arw_payload_burst[0] ; Input  ; Info     ; Stuck at VCC                                                                        ;
; io_sharedInputs_0_b_payload_id         ; Output ; Info     ; Connected to dangling logic. Logic that only feeds a dangling port will be removed. ;
; io_sharedInputs_0_r_payload_id         ; Output ; Info     ; Connected to dangling logic. Logic that only feeds a dangling port will be removed. ;
+----------------------------------------+--------+----------+-------------------------------------------------------------------------------------+


+----------------------------------------------------------------------------------------------------------------------------------------+
; Port Connectivity Checks: "System:system|VexRISCVSoftcore:core|Axi4SharedDecoder:axi4SharedDecoder_1_|Axi4SharedErrorSlave:errorSlave" ;
+-----------------------+--------+----------+--------------------------------------------------------------------------------------------+
; Port                  ; Type   ; Severity ; Details                                                                                    ;
+-----------------------+--------+----------+--------------------------------------------------------------------------------------------+
; io_axi_r_payload_data ; Output ; Info     ; Connected to dangling logic. Logic that only feeds a dangling port will be removed.        ;
+-----------------------+--------+----------+--------------------------------------------------------------------------------------------+


+-------------------------------------------------------------------------------------------------------------------------------------------------------+
; Port Connectivity Checks: "System:system|VexRISCVSoftcore:core|Axi4SharedDecoder:axi4SharedDecoder_1_"                                                ;
+---------------------------------------------+--------+----------+-------------------------------------------------------------------------------------+
; Port                                        ; Type   ; Severity ; Details                                                                             ;
+---------------------------------------------+--------+----------+-------------------------------------------------------------------------------------+
; io_input_arw_payload_size[2]                ; Input  ; Info     ; Stuck at GND                                                                        ;
; io_input_arw_payload_cache                  ; Input  ; Info     ; Stuck at VCC                                                                        ;
; io_input_arw_payload_prot[2]                ; Input  ; Info     ; Stuck at GND                                                                        ;
; io_input_arw_payload_prot[1]                ; Input  ; Info     ; Stuck at VCC                                                                        ;
; io_input_arw_payload_prot[0]                ; Input  ; Info     ; Stuck at GND                                                                        ;
; io_input_w_payload_last                     ; Input  ; Info     ; Stuck at VCC                                                                        ;
; io_input_b_ready                            ; Input  ; Info     ; Stuck at VCC                                                                        ;
; io_input_b_payload_resp                     ; Output ; Info     ; Connected to dangling logic. Logic that only feeds a dangling port will be removed. ;
; io_input_r_ready                            ; Input  ; Info     ; Stuck at VCC                                                                        ;
; io_input_r_payload_last                     ; Output ; Info     ; Connected to dangling logic. Logic that only feeds a dangling port will be removed. ;
; io_sharedOutputs_0_arw_payload_addr[31..20] ; Output ; Info     ; Connected to dangling logic. Logic that only feeds a dangling port will be removed. ;
; io_sharedOutputs_0_arw_payload_cache        ; Output ; Info     ; Connected to dangling logic. Logic that only feeds a dangling port will be removed. ;
; io_sharedOutputs_0_arw_payload_prot         ; Output ; Info     ; Connected to dangling logic. Logic that only feeds a dangling port will be removed. ;
; io_sharedOutputs_1_arw_payload_addr[31..18] ; Output ; Info     ; Connected to dangling logic. Logic that only feeds a dangling port will be removed. ;
; io_sharedOutputs_1_arw_payload_cache        ; Output ; Info     ; Connected to dangling logic. Logic that only feeds a dangling port will be removed. ;
; io_sharedOutputs_1_arw_payload_prot         ; Output ; Info     ; Connected to dangling logic. Logic that only feeds a dangling port will be removed. ;
; io_sharedOutputs_2_arw_payload_addr[31..26] ; Output ; Info     ; Connected to dangling logic. Logic that only feeds a dangling port will be removed. ;
; io_sharedOutputs_2_arw_payload_cache        ; Output ; Info     ; Connected to dangling logic. Logic that only feeds a dangling port will be removed. ;
; io_sharedOutputs_2_arw_payload_prot         ; Output ; Info     ; Connected to dangling logic. Logic that only feeds a dangling port will be removed. ;
+---------------------------------------------+--------+----------+-------------------------------------------------------------------------------------+


+----------------------------------------------------------------------------------------------------------------------------------------------+
; Port Connectivity Checks: "System:system|VexRISCVSoftcore:core|Axi4ReadOnlyDecoder:axi4ReadOnlyDecoder_1_|Axi4ReadOnlyErrorSlave:errorSlave" ;
+-----------------------+--------+----------+--------------------------------------------------------------------------------------------------+
; Port                  ; Type   ; Severity ; Details                                                                                          ;
+-----------------------+--------+----------+--------------------------------------------------------------------------------------------------+
; io_axi_r_payload_data ; Output ; Info     ; Connected to dangling logic. Logic that only feeds a dangling port will be removed.              ;
+-----------------------+--------+----------+--------------------------------------------------------------------------------------------------+


+------------------------------------------------------------------------------------------------------------------------------------------------+
; Port Connectivity Checks: "System:system|VexRISCVSoftcore:core|Axi4ReadOnlyDecoder:axi4ReadOnlyDecoder_1_"                                     ;
+--------------------------------------+--------+----------+-------------------------------------------------------------------------------------+
; Port                                 ; Type   ; Severity ; Details                                                                             ;
+--------------------------------------+--------+----------+-------------------------------------------------------------------------------------+
; io_input_ar_payload_addr[1..0]       ; Input  ; Info     ; Stuck at GND                                                                        ;
; io_input_ar_payload_cache            ; Input  ; Info     ; Stuck at VCC                                                                        ;
; io_input_ar_payload_prot[2..1]       ; Input  ; Info     ; Stuck at VCC                                                                        ;
; io_input_ar_payload_prot[0]          ; Input  ; Info     ; Stuck at GND                                                                        ;
; io_input_r_ready                     ; Input  ; Info     ; Stuck at VCC                                                                        ;
; io_input_r_payload_last              ; Output ; Info     ; Connected to dangling logic. Logic that only feeds a dangling port will be removed. ;
; io_outputs_0_ar_payload_addr[31..18] ; Output ; Info     ; Connected to dangling logic. Logic that only feeds a dangling port will be removed. ;
; io_outputs_0_ar_payload_cache        ; Output ; Info     ; Connected to dangling logic. Logic that only feeds a dangling port will be removed. ;
; io_outputs_0_ar_payload_prot         ; Output ; Info     ; Connected to dangling logic. Logic that only feeds a dangling port will be removed. ;
; io_outputs_1_ar_payload_addr[31..26] ; Output ; Info     ; Connected to dangling logic. Logic that only feeds a dangling port will be removed. ;
; io_outputs_1_ar_payload_cache        ; Output ; Info     ; Connected to dangling logic. Logic that only feeds a dangling port will be removed. ;
; io_outputs_1_ar_payload_prot         ; Output ; Info     ; Connected to dangling logic. Logic that only feeds a dangling port will be removed. ;
+--------------------------------------+--------+----------+-------------------------------------------------------------------------------------+


+---------------------------------------------------------------------------------------------------------------------------------------------+
; Port Connectivity Checks: "System:system|VexRISCVSoftcore:core|SystemDebugger:systemDebugger_1_"                                            ;
+-----------------------------------+--------+----------+-------------------------------------------------------------------------------------+
; Port                              ; Type   ; Severity ; Details                                                                             ;
+-----------------------------------+--------+----------+-------------------------------------------------------------------------------------+
; io_mem_cmd_payload_address[31..8] ; Output ; Info     ; Connected to dangling logic. Logic that only feeds a dangling port will be removed. ;
; io_mem_cmd_payload_size           ; Output ; Info     ; Connected to dangling logic. Logic that only feeds a dangling port will be removed. ;
+-----------------------------------+--------+----------+-------------------------------------------------------------------------------------+


+-----------------------------------------------------------------------------------------------------------------------------------------------+
; Port Connectivity Checks: "System:system|VexRISCVSoftcore:core|StreamFork_3_:streamFork_4_"                                                   ;
+-------------------------------------+--------+----------+-------------------------------------------------------------------------------------+
; Port                                ; Type   ; Severity ; Details                                                                             ;
+-------------------------------------+--------+----------+-------------------------------------------------------------------------------------+
; io_outputs_0_payload_data           ; Output ; Info     ; Connected to dangling logic. Logic that only feeds a dangling port will be removed. ;
; io_outputs_1_payload_address[31..2] ; Output ; Info     ; Connected to dangling logic. Logic that only feeds a dangling port will be removed. ;
+-------------------------------------+--------+----------+-------------------------------------------------------------------------------------+


+-----------------------------------------------------------------------------------------------------------------------------------------------+
; Port Connectivity Checks: "System:system|VexRISCVSoftcore:core|VexRiscv:axi_cpu|StreamFifoLowLatency_1_:IBusSimplePlugin_rspJoin_rspBuffer_c" ;
+---------------------------+--------+----------+-----------------------------------------------------------------------------------------------+
; Port                      ; Type   ; Severity ; Details                                                                                       ;
+---------------------------+--------+----------+-----------------------------------------------------------------------------------------------+
; io_push_ready             ; Output ; Info     ; Connected to dangling logic. Logic that only feeds a dangling port will be removed.           ;
; io_pop_payload_error      ; Output ; Info     ; Connected to dangling logic. Logic that only feeds a dangling port will be removed.           ;
; io_pop_payload_inst[1..0] ; Output ; Info     ; Connected to dangling logic. Logic that only feeds a dangling port will be removed.           ;
; io_flush                  ; Input  ; Info     ; Stuck at GND                                                                                  ;
; io_occupancy              ; Output ; Info     ; Connected to dangling logic. Logic that only feeds a dangling port will be removed.           ;
+---------------------------+--------+----------+-----------------------------------------------------------------------------------------------+


+-------------------------------------------------------------------------------------------------------------------------------------+
; Port Connectivity Checks: "System:system|VexRISCVSoftcore:core|VexRiscv:axi_cpu"                                                    ;
+---------------------------+--------+----------+-------------------------------------------------------------------------------------+
; Port                      ; Type   ; Severity ; Details                                                                             ;
+---------------------------+--------+----------+-------------------------------------------------------------------------------------+
; iBus_cmd_payload_pc[1..0] ; Output ; Info     ; Connected to dangling logic. Logic that only feeds a dangling port will be removed. ;
; softwareInterrupt         ; Input  ; Info     ; Stuck at GND                                                                        ;
+---------------------------+--------+----------+-------------------------------------------------------------------------------------+


+---------------------------------------------------------------------------------------------------------------------------------------------+
; Port Connectivity Checks: "System:system|VexRISCVSoftcore:core|Apb3UartCtrl:axi_uartCtrl|StreamFifo:uartCtrl_1__io_read_queueWithOccupancy" ;
+-----------------+--------+----------+-------------------------------------------------------------------------------------------------------+
; Port            ; Type   ; Severity ; Details                                                                                               ;
+-----------------+--------+----------+-------------------------------------------------------------------------------------------------------+
; io_flush        ; Input  ; Info     ; Stuck at GND                                                                                          ;
; io_availability ; Output ; Info     ; Connected to dangling logic. Logic that only feeds a dangling port will be removed.                   ;
+-----------------+--------+----------+-------------------------------------------------------------------------------------------------------+


+-------------------------------------------------------------------------------------------------------------------------------------------------------+
; Port Connectivity Checks: "System:system|VexRISCVSoftcore:core|Apb3UartCtrl:axi_uartCtrl|StreamFifo:bridge_write_streamUnbuffered_queueWithOccupancy" ;
+-----------------+--------+----------+-----------------------------------------------------------------------------------------------------------------+
; Port            ; Type   ; Severity ; Details                                                                                                         ;
+-----------------+--------+----------+-----------------------------------------------------------------------------------------------------------------+
; io_push_ready   ; Output ; Info     ; Connected to dangling logic. Logic that only feeds a dangling port will be removed.                             ;
; io_flush        ; Input  ; Info     ; Stuck at GND                                                                                                    ;
; io_availability ; Output ; Info     ; Connected to dangling logic. Logic that only feeds a dangling port will be removed.                             ;
+-----------------+--------+----------+-----------------------------------------------------------------------------------------------------------------+


+-------------------------------------------------------------------------------------------------------------------------------------------------------+
; Port Connectivity Checks: "System:system|VexRISCVSoftcore:core|Apb3UartCtrl:axi_uartCtrl|UartCtrl:uartCtrl_1_|UartCtrlRx:rx|BufferCC:io_rxd_buffercc" ;
+------------+-------+----------+-----------------------------------------------------------------------------------------------------------------------+
; Port       ; Type  ; Severity ; Details                                                                                                               ;
+------------+-------+----------+-----------------------------------------------------------------------------------------------------------------------+
; io_initial ; Input ; Info     ; Stuck at GND                                                                                                          ;
+------------+-------+----------+-----------------------------------------------------------------------------------------------------------------------+


+------------------------------------------------------------------------------------------------------------------------------+
; Port Connectivity Checks: "System:system|VexRISCVSoftcore:core|Apb3UartCtrl:axi_uartCtrl|UartCtrl:uartCtrl_1_|UartCtrlRx:rx" ;
+--------+--------+----------+-------------------------------------------------------------------------------------------------+
; Port   ; Type   ; Severity ; Details                                                                                         ;
+--------+--------+----------+-------------------------------------------------------------------------------------------------+
; io_rts ; Output ; Info     ; Connected to dangling logic. Logic that only feeds a dangling port will be removed.             ;
+--------+--------+----------+-------------------------------------------------------------------------------------------------+


+------------------------------------------------------------------------------------------------------------------------------+
; Port Connectivity Checks: "System:system|VexRISCVSoftcore:core|Apb3UartCtrl:axi_uartCtrl|UartCtrl:uartCtrl_1_|UartCtrlTx:tx" ;
+--------+-------+----------+--------------------------------------------------------------------------------------------------+
; Port   ; Type  ; Severity ; Details                                                                                          ;
+--------+-------+----------+--------------------------------------------------------------------------------------------------+
; io_cts ; Input ; Info     ; Stuck at GND                                                                                     ;
+--------+-------+----------+--------------------------------------------------------------------------------------------------+


+-----------------------------------------------------------------------------------------------+
; Port Connectivity Checks: "System:system|VexRISCVSoftcore:core|PinsecTimerCtrl:axi_timerCtrl" ;
+-------------------+-------+----------+--------------------------------------------------------+
; Port              ; Type  ; Severity ; Details                                                ;
+-------------------+-------+----------+--------------------------------------------------------+
; io_external_clear ; Input ; Info     ; Stuck at GND                                           ;
; io_external_tick  ; Input ; Info     ; Stuck at VCC                                           ;
+-------------------+-------+----------+--------------------------------------------------------+


+----------------------------------------------------------------------------------------------------------------------------------------------------------+
; Port Connectivity Checks: "System:system|VexRISCVSoftcore:core|Axi4SharedSdramCtrl:axi_sdramCtrl|SdramCtrl:ctrl|StreamFifoLowLatency:chip_backupIn_fifo" ;
+---------------+--------+----------+----------------------------------------------------------------------------------------------------------------------+
; Port          ; Type   ; Severity ; Details                                                                                                              ;
+---------------+--------+----------+----------------------------------------------------------------------------------------------------------------------+
; io_push_ready ; Output ; Info     ; Connected to dangling logic. Logic that only feeds a dangling port will be removed.                                  ;
; io_flush      ; Input  ; Info     ; Stuck at GND                                                                                                         ;
; io_occupancy  ; Output ; Info     ; Connected to dangling logic. Logic that only feeds a dangling port will be removed.                                  ;
+---------------+--------+----------+----------------------------------------------------------------------------------------------------------------------+


+-----------------------------------------------------------------------------------------------------------------------------+
; Port Connectivity Checks: "System:system"                                                                                   ;
+-------------------+--------+----------+-------------------------------------------------------------------------------------+
; Port              ; Type   ; Severity ; Details                                                                             ;
+-------------------+--------+----------+-------------------------------------------------------------------------------------+
; DRAM_DQM[1]       ; Output ; Info     ; Connected to dangling logic. Logic that only feeds a dangling port will be removed. ;
; externalInterrupt ; Input  ; Info     ; Stuck at GND                                                                        ;
+-------------------+--------+----------+-------------------------------------------------------------------------------------+


+-----------------------------------------------------+
; Post-Synthesis Netlist Statistics for Top Partition ;
+-----------------------+-----------------------------+
; Type                  ; Count                       ;
+-----------------------+-----------------------------+
; boundary_port         ; 118                         ;
; cycloneiii_ff         ; 3822                        ;
;     CLR               ; 235                         ;
;     CLR SCLR          ; 6                           ;
;     CLR SLD           ; 21                          ;
;     ENA               ; 2704                        ;
;     ENA CLR           ; 147                         ;
;     ENA CLR SCLR      ; 7                           ;
;     ENA SCLR          ; 134                         ;
;     ENA SCLR SLD      ; 1                           ;
;     ENA SLD           ; 206                         ;
;     SCLR              ; 17                          ;
;     SLD               ; 43                          ;
;     plain             ; 301                         ;
; cycloneiii_io_obuf    ; 26                          ;
; cycloneiii_lcell_comb ; 4927                        ;
;     arith             ; 502                         ;
;         2 data inputs ; 242                         ;
;         3 data inputs ; 260                         ;
;     normal            ; 4425                        ;
;         0 data inputs ; 2                           ;
;         1 data inputs ; 94                          ;
;         2 data inputs ; 274                         ;
;         3 data inputs ; 797                         ;
;         4 data inputs ; 3258                        ;
; cycloneiii_mac_mult   ; 4                           ;
; cycloneiii_mac_out    ; 4                           ;
; cycloneiii_pll        ; 1                           ;
; cycloneiii_ram_block  ; 224                         ;
;                       ;                             ;
; Max LUT depth         ; 20.10                       ;
; Average LUT depth     ; 7.10                        ;
+-----------------------+-----------------------------+


+-------------------------------+
; Elapsed Time Per Partition    ;
+----------------+--------------+
; Partition Name ; Elapsed Time ;
+----------------+--------------+
; Top            ; 00:00:05     ;
+----------------+--------------+


+-------------------------------+
; Analysis & Synthesis Messages ;
+-------------------------------+
Info: *******************************************************************
Info: Running Quartus Prime Analysis & Synthesis
    Info: Version 25.1std.0 Build 1129 10/21/2025 Patches 0.36 SC Lite Edition
    Info: Processing started: Sun May 17 09:02:04 2026
Info: Command: quartus_map --read_settings_files=on --write_settings_files=off SimpleRiscExample -c SimpleRiscExample
Warning (18236): Number of processors has not been specified which may cause overloading on shared machines.  Set the global assignment NUM_PARALLEL_PROCESSORS in your QSF to an appropriate value for best performance.
Info (20030): Parallel compilation is enabled and will use 16 of the 16 processors detected
Warning (10890): Verilog HDL Attribute warning at System.v(5923): overriding existing value for attribute "syn_keep" File: C:/Users/marvi/Desktop/fpga_exercises/exercise_12/simple_riscv_example/Quartus/System.v Line: 5923
Warning (10890): Verilog HDL Attribute warning at System.v(5952): overriding existing value for attribute "syn_keep" File: C:/Users/marvi/Desktop/fpga_exercises/exercise_12/simple_riscv_example/Quartus/System.v Line: 5952
Info (12021): Found 44 design units, including 44 entities, in source file system.v
    Info (12023): Found entity 1: BufferCC File: C:/Users/marvi/Desktop/fpga_exercises/exercise_12/simple_riscv_example/Quartus/System.v Line: 106
    Info (12023): Found entity 2: StreamFifoLowLatency File: C:/Users/marvi/Desktop/fpga_exercises/exercise_12/simple_riscv_example/Quartus/System.v Line: 130
    Info (12023): Found entity 3: UartCtrlTx File: C:/Users/marvi/Desktop/fpga_exercises/exercise_12/simple_riscv_example/Quartus/System.v Line: 299
    Info (12023): Found entity 4: UartCtrlRx File: C:/Users/marvi/Desktop/fpga_exercises/exercise_12/simple_riscv_example/Quartus/System.v Line: 509
    Info (12023): Found entity 5: BufferCC_1_ File: C:/Users/marvi/Desktop/fpga_exercises/exercise_12/simple_riscv_example/Quartus/System.v Line: 785
    Info (12023): Found entity 6: SdramCtrl File: C:/Users/marvi/Desktop/fpga_exercises/exercise_12/simple_riscv_example/Quartus/System.v Line: 803
    Info (12023): Found entity 7: BufferCC_2_ File: C:/Users/marvi/Desktop/fpga_exercises/exercise_12/simple_riscv_example/Quartus/System.v Line: 1871
    Info (12023): Found entity 8: Prescaler File: C:/Users/marvi/Desktop/fpga_exercises/exercise_12/simple_riscv_example/Quartus/System.v Line: 1896
    Info (12023): Found entity 9: Timer File: C:/Users/marvi/Desktop/fpga_exercises/exercise_12/simple_riscv_example/Quartus/System.v Line: 1916
    Info (12023): Found entity 10: Timer_1_ File: C:/Users/marvi/Desktop/fpga_exercises/exercise_12/simple_riscv_example/Quartus/System.v Line: 1961
    Info (12023): Found entity 11: InterruptCtrl File: C:/Users/marvi/Desktop/fpga_exercises/exercise_12/simple_riscv_example/Quartus/System.v Line: 2008
    Info (12023): Found entity 12: UartCtrl File: C:/Users/marvi/Desktop/fpga_exercises/exercise_12/simple_riscv_example/Quartus/System.v Line: 2030
    Info (12023): Found entity 13: StreamFifo File: C:/Users/marvi/Desktop/fpga_exercises/exercise_12/simple_riscv_example/Quartus/System.v Line: 2152
    Info (12023): Found entity 14: StreamFifoLowLatency_1_ File: C:/Users/marvi/Desktop/fpga_exercises/exercise_12/simple_riscv_example/Quartus/System.v Line: 2300
    Info (12023): Found entity 15: FlowCCByToggle File: C:/Users/marvi/Desktop/fpga_exercises/exercise_12/simple_riscv_example/Quartus/System.v Line: 2429
    Info (12023): Found entity 16: Axi4ReadOnlyErrorSlave File: C:/Users/marvi/Desktop/fpga_exercises/exercise_12/simple_riscv_example/Quartus/System.v Line: 2492
    Info (12023): Found entity 17: Axi4SharedErrorSlave File: C:/Users/marvi/Desktop/fpga_exercises/exercise_12/simple_riscv_example/Quartus/System.v Line: 2548
    Info (12023): Found entity 18: StreamArbiter File: C:/Users/marvi/Desktop/fpga_exercises/exercise_12/simple_riscv_example/Quartus/System.v Line: 2629
    Info (12023): Found entity 19: StreamFork File: C:/Users/marvi/Desktop/fpga_exercises/exercise_12/simple_riscv_example/Quartus/System.v Line: 2724
    Info (12023): Found entity 20: StreamFifoLowLatency_2_ File: C:/Users/marvi/Desktop/fpga_exercises/exercise_12/simple_riscv_example/Quartus/System.v Line: 2800
    Info (12023): Found entity 21: StreamArbiter_1_ File: C:/Users/marvi/Desktop/fpga_exercises/exercise_12/simple_riscv_example/Quartus/System.v Line: 2920
    Info (12023): Found entity 22: StreamFork_1_ File: C:/Users/marvi/Desktop/fpga_exercises/exercise_12/simple_riscv_example/Quartus/System.v Line: 3015
    Info (12023): Found entity 23: StreamArbiter_2_ File: C:/Users/marvi/Desktop/fpga_exercises/exercise_12/simple_riscv_example/Quartus/System.v Line: 3092
    Info (12023): Found entity 24: StreamFork_2_ File: C:/Users/marvi/Desktop/fpga_exercises/exercise_12/simple_riscv_example/Quartus/System.v Line: 3165
    Info (12023): Found entity 25: BufferCC_3_ File: C:/Users/marvi/Desktop/fpga_exercises/exercise_12/simple_riscv_example/Quartus/System.v Line: 3242
    Info (12023): Found entity 26: Axi4SharedOnChipRam File: C:/Users/marvi/Desktop/fpga_exercises/exercise_12/simple_riscv_example/Quartus/System.v Line: 3259
    Info (12023): Found entity 27: Axi4SharedSdramCtrl File: C:/Users/marvi/Desktop/fpga_exercises/exercise_12/simple_riscv_example/Quartus/System.v Line: 3600
    Info (12023): Found entity 28: Axi4SharedToApb3Bridge File: C:/Users/marvi/Desktop/fpga_exercises/exercise_12/simple_riscv_example/Quartus/System.v Line: 4050
    Info (12023): Found entity 29: PinsecTimerCtrl File: C:/Users/marvi/Desktop/fpga_exercises/exercise_12/simple_riscv_example/Quartus/System.v Line: 4254
    Info (12023): Found entity 30: Apb3UartCtrl File: C:/Users/marvi/Desktop/fpga_exercises/exercise_12/simple_riscv_example/Quartus/System.v Line: 5038
    Info (12023): Found entity 31: VexRiscv File: C:/Users/marvi/Desktop/fpga_exercises/exercise_12/simple_riscv_example/Quartus/System.v Line: 5523
    Info (12023): Found entity 32: StreamFork_3_ File: C:/Users/marvi/Desktop/fpga_exercises/exercise_12/simple_riscv_example/Quartus/System.v Line: 9331
    Info (12023): Found entity 33: BufferCC_4_ File: C:/Users/marvi/Desktop/fpga_exercises/exercise_12/simple_riscv_example/Quartus/System.v Line: 9397
    Info (12023): Found entity 34: JtagBridge File: C:/Users/marvi/Desktop/fpga_exercises/exercise_12/simple_riscv_example/Quartus/System.v Line: 9415
    Info (12023): Found entity 35: SystemDebugger File: C:/Users/marvi/Desktop/fpga_exercises/exercise_12/simple_riscv_example/Quartus/System.v Line: 9712
    Info (12023): Found entity 36: Axi4ReadOnlyDecoder File: C:/Users/marvi/Desktop/fpga_exercises/exercise_12/simple_riscv_example/Quartus/System.v Line: 9794
    Info (12023): Found entity 37: Axi4SharedDecoder File: C:/Users/marvi/Desktop/fpga_exercises/exercise_12/simple_riscv_example/Quartus/System.v Line: 9952
    Info (12023): Found entity 38: Axi4SharedArbiter File: C:/Users/marvi/Desktop/fpga_exercises/exercise_12/simple_riscv_example/Quartus/System.v Line: 10297
    Info (12023): Found entity 39: Axi4SharedArbiter_1_ File: C:/Users/marvi/Desktop/fpga_exercises/exercise_12/simple_riscv_example/Quartus/System.v Line: 10600
    Info (12023): Found entity 40: Axi4SharedArbiter_2_ File: C:/Users/marvi/Desktop/fpga_exercises/exercise_12/simple_riscv_example/Quartus/System.v Line: 10903
    Info (12023): Found entity 41: Apb3Decoder File: C:/Users/marvi/Desktop/fpga_exercises/exercise_12/simple_riscv_example/Quartus/System.v Line: 11136
    Info (12023): Found entity 42: Apb3Router File: C:/Users/marvi/Desktop/fpga_exercises/exercise_12/simple_riscv_example/Quartus/System.v Line: 11185
    Info (12023): Found entity 43: VexRISCVSoftcore File: C:/Users/marvi/Desktop/fpga_exercises/exercise_12/simple_riscv_example/Quartus/System.v Line: 11275
    Info (12023): Found entity 44: System File: C:/Users/marvi/Desktop/fpga_exercises/exercise_12/simple_riscv_example/Quartus/System.v Line: 12745
Info (12021): Found 2 design units, including 1 entities, in source file pll/pll.vhd
    Info (12022): Found design unit 1: pll-SYN File: C:/Users/marvi/Desktop/fpga_exercises/exercise_12/simple_riscv_example/Quartus/PLL/PLL.vhd Line: 53
    Info (12023): Found entity 1: PLL File: C:/Users/marvi/Desktop/fpga_exercises/exercise_12/simple_riscv_example/Quartus/PLL/PLL.vhd Line: 43
Info (12021): Found 5 design units, including 5 entities, in source file apbbus.sv
    Info (12023): Found entity 1: ApbBus File: C:/Users/marvi/Desktop/fpga_exercises/exercise_12/simple_riscv_example/Quartus/ApbBus.sv Line: 10
    Info (12023): Found entity 2: ApbWriteRegister File: C:/Users/marvi/Desktop/fpga_exercises/exercise_12/simple_riscv_example/Quartus/ApbBus.sv Line: 57
    Info (12023): Found entity 3: ApbReadRegister File: C:/Users/marvi/Desktop/fpga_exercises/exercise_12/simple_riscv_example/Quartus/ApbBus.sv Line: 92
    Info (12023): Found entity 4: ApbMultiplexer File: C:/Users/marvi/Desktop/fpga_exercises/exercise_12/simple_riscv_example/Quartus/ApbBus.sv Line: 164
    Info (12023): Found entity 5: ApbRam File: C:/Users/marvi/Desktop/fpga_exercises/exercise_12/simple_riscv_example/Quartus/ApbBus.sv Line: 238
Info (12021): Found 1 design units, including 1 entities, in source file simpleriscexample.sv
    Info (12023): Found entity 1: SimpleRiscExample File: C:/Users/marvi/Desktop/fpga_exercises/exercise_12/simple_riscv_example/Quartus/SimpleRiscExample.sv Line: 10
Warning (10236): Verilog HDL Implicit Net warning at SimpleRiscExample.sv(58): created implicit net for "DRAM_HDQM" File: C:/Users/marvi/Desktop/fpga_exercises/exercise_12/simple_riscv_example/Quartus/SimpleRiscExample.sv Line: 58
Warning (10236): Verilog HDL Implicit Net warning at SimpleRiscExample.sv(156): created implicit net for "w_data" File: C:/Users/marvi/Desktop/fpga_exercises/exercise_12/simple_riscv_example/Quartus/SimpleRiscExample.sv Line: 156
Warning (10037): Verilog HDL or VHDL warning at System.v(3818): conditional expression evaluates to a constant File: C:/Users/marvi/Desktop/fpga_exercises/exercise_12/simple_riscv_example/Quartus/System.v Line: 3818
Warning (10037): Verilog HDL or VHDL warning at System.v(3837): conditional expression evaluates to a constant File: C:/Users/marvi/Desktop/fpga_exercises/exercise_12/simple_riscv_example/Quartus/System.v Line: 3837
Warning (10222): Verilog HDL Parameter Declaration warning at ApbBus.sv(252): Parameter Declaration in module "ApbRam" behaves as a Local Parameter Declaration because the module has a Module Parameter Port List File: C:/Users/marvi/Desktop/fpga_exercises/exercise_12/simple_riscv_example/Quartus/ApbBus.sv Line: 252
Warning (10222): Verilog HDL Parameter Declaration warning at ApbBus.sv(253): Parameter Declaration in module "ApbRam" behaves as a Local Parameter Declaration because the module has a Module Parameter Port List File: C:/Users/marvi/Desktop/fpga_exercises/exercise_12/simple_riscv_example/Quartus/ApbBus.sv Line: 253
Info (12127): Elaborating entity "SimpleRiscExample" for the top level hierarchy
Warning (10036): Verilog HDL or VHDL warning at SimpleRiscExample.sv(58): object "DRAM_HDQM" assigned a value but never read File: C:/Users/marvi/Desktop/fpga_exercises/exercise_12/simple_riscv_example/Quartus/SimpleRiscExample.sv Line: 58
Warning (10230): Verilog HDL assignment warning at SimpleRiscExample.sv(156): truncated value with size 32 to match size of target (1) File: C:/Users/marvi/Desktop/fpga_exercises/exercise_12/simple_riscv_example/Quartus/SimpleRiscExample.sv Line: 156
Warning (10034): Output port "HEX1" at SimpleRiscExample.sv(17) has no driver File: C:/Users/marvi/Desktop/fpga_exercises/exercise_12/simple_riscv_example/Quartus/SimpleRiscExample.sv Line: 17
Warning (10034): Output port "HEX2" at SimpleRiscExample.sv(18) has no driver File: C:/Users/marvi/Desktop/fpga_exercises/exercise_12/simple_riscv_example/Quartus/SimpleRiscExample.sv Line: 18
Warning (10034): Output port "HEX3" at SimpleRiscExample.sv(19) has no driver File: C:/Users/marvi/Desktop/fpga_exercises/exercise_12/simple_riscv_example/Quartus/SimpleRiscExample.sv Line: 19
Warning (10034): Output port "HEX4" at SimpleRiscExample.sv(20) has no driver File: C:/Users/marvi/Desktop/fpga_exercises/exercise_12/simple_riscv_example/Quartus/SimpleRiscExample.sv Line: 20
Warning (10034): Output port "DRAM_UDQM" at SimpleRiscExample.sv(43) has no driver File: C:/Users/marvi/Desktop/fpga_exercises/exercise_12/simple_riscv_example/Quartus/SimpleRiscExample.sv Line: 43
Info (12128): Elaborating entity "ApbBus" for hierarchy "ApbBus:bus" File: C:/Users/marvi/Desktop/fpga_exercises/exercise_12/simple_riscv_example/Quartus/SimpleRiscExample.sv Line: 61
Warning (12158): Entity "ApbBus" contains only dangling pins File: C:/Users/marvi/Desktop/fpga_exercises/exercise_12/simple_riscv_example/Quartus/SimpleRiscExample.sv Line: 61
Info (12128): Elaborating entity "System" for hierarchy "System:system" File: C:/Users/marvi/Desktop/fpga_exercises/exercise_12/simple_riscv_example/Quartus/SimpleRiscExample.sv Line: 99
Info (12128): Elaborating entity "PLL" for hierarchy "System:system|PLL:pll_1_" File: C:/Users/marvi/Desktop/fpga_exercises/exercise_12/simple_riscv_example/Quartus/System.v Line: 12803
Info (12128): Elaborating entity "altpll" for hierarchy "System:system|PLL:pll_1_|altpll:altpll_component" File: C:/Users/marvi/Desktop/fpga_exercises/exercise_12/simple_riscv_example/Quartus/PLL/PLL.vhd Line: 142
Info (12130): Elaborated megafunction instantiation "System:system|PLL:pll_1_|altpll:altpll_component" File: C:/Users/marvi/Desktop/fpga_exercises/exercise_12/simple_riscv_example/Quartus/PLL/PLL.vhd Line: 142
Info (12133): Instantiated megafunction "System:system|PLL:pll_1_|altpll:altpll_component" with the following parameter: File: C:/Users/marvi/Desktop/fpga_exercises/exercise_12/simple_riscv_example/Quartus/PLL/PLL.vhd Line: 142
    Info (12134): Parameter "bandwidth_type" = "AUTO"
    Info (12134): Parameter "clk0_divide_by" = "1"
    Info (12134): Parameter "clk0_duty_cycle" = "50"
    Info (12134): Parameter "clk0_multiply_by" = "1"
    Info (12134): Parameter "clk0_phase_shift" = "-5000"
    Info (12134): Parameter "clk1_divide_by" = "1"
    Info (12134): Parameter "clk1_duty_cycle" = "50"
    Info (12134): Parameter "clk1_multiply_by" = "1"
    Info (12134): Parameter "clk1_phase_shift" = "0"
    Info (12134): Parameter "compensate_clock" = "CLK1"
    Info (12134): Parameter "inclk0_input_frequency" = "20000"
    Info (12134): Parameter "intended_device_family" = "MAX 10"
    Info (12134): Parameter "lpm_hint" = "CBX_MODULE_PREFIX=PLL"
    Info (12134): Parameter "lpm_type" = "altpll"
    Info (12134): Parameter "operation_mode" = "NORMAL"
    Info (12134): Parameter "pll_type" = "AUTO"
    Info (12134): Parameter "port_activeclock" = "PORT_UNUSED"
    Info (12134): Parameter "port_areset" = "PORT_UNUSED"
    Info (12134): Parameter "port_clkbad0" = "PORT_UNUSED"
    Info (12134): Parameter "port_clkbad1" = "PORT_UNUSED"
    Info (12134): Parameter "port_clkloss" = "PORT_UNUSED"
    Info (12134): Parameter "port_clkswitch" = "PORT_UNUSED"
    Info (12134): Parameter "port_configupdate" = "PORT_UNUSED"
    Info (12134): Parameter "port_fbin" = "PORT_UNUSED"
    Info (12134): Parameter "port_inclk0" = "PORT_USED"
    Info (12134): Parameter "port_inclk1" = "PORT_UNUSED"
    Info (12134): Parameter "port_locked" = "PORT_UNUSED"
    Info (12134): Parameter "port_pfdena" = "PORT_UNUSED"
    Info (12134): Parameter "port_phasecounterselect" = "PORT_UNUSED"
    Info (12134): Parameter "port_phasedone" = "PORT_UNUSED"
    Info (12134): Parameter "port_phasestep" = "PORT_UNUSED"
    Info (12134): Parameter "port_phaseupdown" = "PORT_UNUSED"
    Info (12134): Parameter "port_pllena" = "PORT_UNUSED"
    Info (12134): Parameter "port_scanaclr" = "PORT_UNUSED"
    Info (12134): Parameter "port_scanclk" = "PORT_UNUSED"
    Info (12134): Parameter "port_scanclkena" = "PORT_UNUSED"
    Info (12134): Parameter "port_scandata" = "PORT_UNUSED"
    Info (12134): Parameter "port_scandataout" = "PORT_UNUSED"
    Info (12134): Parameter "port_scandone" = "PORT_UNUSED"
    Info (12134): Parameter "port_scanread" = "PORT_UNUSED"
    Info (12134): Parameter "port_scanwrite" = "PORT_UNUSED"
    Info (12134): Parameter "port_clk0" = "PORT_USED"
    Info (12134): Parameter "port_clk1" = "PORT_USED"
    Info (12134): Parameter "port_clk2" = "PORT_UNUSED"
    Info (12134): Parameter "port_clk3" = "PORT_UNUSED"
    Info (12134): Parameter "port_clk4" = "PORT_UNUSED"
    Info (12134): Parameter "port_clk5" = "PORT_UNUSED"
    Info (12134): Parameter "port_clkena0" = "PORT_UNUSED"
    Info (12134): Parameter "port_clkena1" = "PORT_UNUSED"
    Info (12134): Parameter "port_clkena2" = "PORT_UNUSED"
    Info (12134): Parameter "port_clkena3" = "PORT_UNUSED"
    Info (12134): Parameter "port_clkena4" = "PORT_UNUSED"
    Info (12134): Parameter "port_clkena5" = "PORT_UNUSED"
    Info (12134): Parameter "port_extclk0" = "PORT_UNUSED"
    Info (12134): Parameter "port_extclk1" = "PORT_UNUSED"
    Info (12134): Parameter "port_extclk2" = "PORT_UNUSED"
    Info (12134): Parameter "port_extclk3" = "PORT_UNUSED"
    Info (12134): Parameter "width_clock" = "5"
Info (12021): Found 1 design units, including 1 entities, in source file db/pll_altpll.v
    Info (12023): Found entity 1: PLL_altpll File: C:/Users/marvi/Desktop/fpga_exercises/exercise_12/simple_riscv_example/Quartus/db/pll_altpll.v Line: 30
Info (12128): Elaborating entity "PLL_altpll" for hierarchy "System:system|PLL:pll_1_|altpll:altpll_component|PLL_altpll:auto_generated" File: c:/altera_lite/25.1std/quartus/libraries/megafunctions/altpll.tdf Line: 898
Info (12128): Elaborating entity "VexRISCVSoftcore" for hierarchy "System:system|VexRISCVSoftcore:core" File: C:/Users/marvi/Desktop/fpga_exercises/exercise_12/simple_riscv_example/Quartus/System.v Line: 12833
Warning (10036): Verilog HDL or VHDL warning at System.v(11624): object "streamFork_4__io_outputs_1_thrown_payload_wr" assigned a value but never read File: C:/Users/marvi/Desktop/fpga_exercises/exercise_12/simple_riscv_example/Quartus/System.v Line: 11624
Warning (10036): Verilog HDL or VHDL warning at System.v(11650): object "axi4SharedDecoder_1__io_input_r_m2sPipe_payload_last" assigned a value but never read File: C:/Users/marvi/Desktop/fpga_exercises/exercise_12/simple_riscv_example/Quartus/System.v Line: 11650
Info (12128): Elaborating entity "BufferCC_3_" for hierarchy "System:system|VexRISCVSoftcore:core|BufferCC_3_:io_asyncReset_buffercc" File: C:/Users/marvi/Desktop/fpga_exercises/exercise_12/simple_riscv_example/Quartus/System.v Line: 11772
Info (12128): Elaborating entity "Axi4SharedOnChipRam" for hierarchy "System:system|VexRISCVSoftcore:core|Axi4SharedOnChipRam:axi_ram" File: C:/Users/marvi/Desktop/fpga_exercises/exercise_12/simple_riscv_example/Quartus/System.v Line: 11799
Warning (10036): Verilog HDL or VHDL warning at System.v(3337): object "stage1_payload_fragment_addr" assigned a value but never read File: C:/Users/marvi/Desktop/fpga_exercises/exercise_12/simple_riscv_example/Quartus/System.v Line: 3337
Warning (10036): Verilog HDL or VHDL warning at System.v(3339): object "stage1_payload_fragment_size" assigned a value but never read File: C:/Users/marvi/Desktop/fpga_exercises/exercise_12/simple_riscv_example/Quartus/System.v Line: 3339
Warning (10036): Verilog HDL or VHDL warning at System.v(3340): object "stage1_payload_fragment_burst" assigned a value but never read File: C:/Users/marvi/Desktop/fpga_exercises/exercise_12/simple_riscv_example/Quartus/System.v Line: 3340
Info (12128): Elaborating entity "Axi4SharedSdramCtrl" for hierarchy "System:system|VexRISCVSoftcore:core|Axi4SharedSdramCtrl:axi_sdramCtrl" File: C:/Users/marvi/Desktop/fpga_exercises/exercise_12/simple_riscv_example/Quartus/System.v Line: 11837
Warning (10036): Verilog HDL or VHDL warning at System.v(3722): object "bridge_axiCmd_payload_fragment_size" assigned a value but never read File: C:/Users/marvi/Desktop/fpga_exercises/exercise_12/simple_riscv_example/Quartus/System.v Line: 3722
Warning (10036): Verilog HDL or VHDL warning at System.v(3723): object "bridge_axiCmd_payload_fragment_burst" assigned a value but never read File: C:/Users/marvi/Desktop/fpga_exercises/exercise_12/simple_riscv_example/Quartus/System.v Line: 3723
Info (12128): Elaborating entity "SdramCtrl" for hierarchy "System:system|VexRISCVSoftcore:core|Axi4SharedSdramCtrl:axi_sdramCtrl|SdramCtrl:ctrl" File: C:/Users/marvi/Desktop/fpga_exercises/exercise_12/simple_riscv_example/Quartus/System.v Line: 3771
Warning (10036): Verilog HDL or VHDL warning at System.v(886): object "frontend_bootRefreshCounter_willOverflow" assigned a value but never read File: C:/Users/marvi/Desktop/fpga_exercises/exercise_12/simple_riscv_example/Quartus/System.v Line: 886
Warning (10036): Verilog HDL or VHDL warning at System.v(989): object "chip_backupIn_ready" assigned a value but never read File: C:/Users/marvi/Desktop/fpga_exercises/exercise_12/simple_riscv_example/Quartus/System.v Line: 989
Warning (10036): Verilog HDL or VHDL warning at System.v(994): object "frontend_rsp_payload_task_string" assigned a value but never read File: C:/Users/marvi/Desktop/fpga_exercises/exercise_12/simple_riscv_example/Quartus/System.v Line: 994
Warning (10036): Verilog HDL or VHDL warning at System.v(995): object "frontend_state_string" assigned a value but never read File: C:/Users/marvi/Desktop/fpga_exercises/exercise_12/simple_riscv_example/Quartus/System.v Line: 995
Warning (10036): Verilog HDL or VHDL warning at System.v(996): object "bubbleInserter_cmd_payload_task_string" assigned a value but never read File: C:/Users/marvi/Desktop/fpga_exercises/exercise_12/simple_riscv_example/Quartus/System.v Line: 996
Warning (10036): Verilog HDL or VHDL warning at System.v(997): object "frontend_rsp_m2sPipe_rData_task_string" assigned a value but never read File: C:/Users/marvi/Desktop/fpga_exercises/exercise_12/simple_riscv_example/Quartus/System.v Line: 997
Warning (10036): Verilog HDL or VHDL warning at System.v(998): object "bubbleInserter_rsp_payload_task_string" assigned a value but never read File: C:/Users/marvi/Desktop/fpga_exercises/exercise_12/simple_riscv_example/Quartus/System.v Line: 998
Warning (10036): Verilog HDL or VHDL warning at System.v(999): object "_zz_10__string" assigned a value but never read File: C:/Users/marvi/Desktop/fpga_exercises/exercise_12/simple_riscv_example/Quartus/System.v Line: 999
Warning (10036): Verilog HDL or VHDL warning at System.v(1000): object "chip_cmd_payload_task_string" assigned a value but never read File: C:/Users/marvi/Desktop/fpga_exercises/exercise_12/simple_riscv_example/Quartus/System.v Line: 1000
Info (10264): Verilog HDL Case Statement information at System.v(1175): all case item expressions in this case statement are onehot File: C:/Users/marvi/Desktop/fpga_exercises/exercise_12/simple_riscv_example/Quartus/System.v Line: 1175
Info (10264): Verilog HDL Case Statement information at System.v(1201): all case item expressions in this case statement are onehot File: C:/Users/marvi/Desktop/fpga_exercises/exercise_12/simple_riscv_example/Quartus/System.v Line: 1201
Info (10264): Verilog HDL Case Statement information at System.v(1238): all case item expressions in this case statement are onehot File: C:/Users/marvi/Desktop/fpga_exercises/exercise_12/simple_riscv_example/Quartus/System.v Line: 1238
Info (10264): Verilog HDL Case Statement information at System.v(1265): all case item expressions in this case statement are onehot File: C:/Users/marvi/Desktop/fpga_exercises/exercise_12/simple_riscv_example/Quartus/System.v Line: 1265
Info (10264): Verilog HDL Case Statement information at System.v(1288): all case item expressions in this case statement are onehot File: C:/Users/marvi/Desktop/fpga_exercises/exercise_12/simple_riscv_example/Quartus/System.v Line: 1288
Info (10264): Verilog HDL Case Statement information at System.v(1331): all case item expressions in this case statement are onehot File: C:/Users/marvi/Desktop/fpga_exercises/exercise_12/simple_riscv_example/Quartus/System.v Line: 1331
Info (10264): Verilog HDL Case Statement information at System.v(1459): all case item expressions in this case statement are onehot File: C:/Users/marvi/Desktop/fpga_exercises/exercise_12/simple_riscv_example/Quartus/System.v Line: 1459
Info (10264): Verilog HDL Case Statement information at System.v(1563): all case item expressions in this case statement are onehot File: C:/Users/marvi/Desktop/fpga_exercises/exercise_12/simple_riscv_example/Quartus/System.v Line: 1563
Info (10264): Verilog HDL Case Statement information at System.v(1728): all case item expressions in this case statement are onehot File: C:/Users/marvi/Desktop/fpga_exercises/exercise_12/simple_riscv_example/Quartus/System.v Line: 1728
Info (10264): Verilog HDL Case Statement information at System.v(1799): all case item expressions in this case statement are onehot File: C:/Users/marvi/Desktop/fpga_exercises/exercise_12/simple_riscv_example/Quartus/System.v Line: 1799
Info (12128): Elaborating entity "StreamFifoLowLatency" for hierarchy "System:system|VexRISCVSoftcore:core|Axi4SharedSdramCtrl:axi_sdramCtrl|SdramCtrl:ctrl|StreamFifoLowLatency:chip_backupIn_fifo" File: C:/Users/marvi/Desktop/fpga_exercises/exercise_12/simple_riscv_example/Quartus/System.v Line: 1026
Warning (10036): Verilog HDL or VHDL warning at System.v(156): object "pushPtr_willOverflow" assigned a value but never read File: C:/Users/marvi/Desktop/fpga_exercises/exercise_12/simple_riscv_example/Quartus/System.v Line: 156
Warning (10036): Verilog HDL or VHDL warning at System.v(162): object "popPtr_willOverflow" assigned a value but never read File: C:/Users/marvi/Desktop/fpga_exercises/exercise_12/simple_riscv_example/Quartus/System.v Line: 162
Info (12128): Elaborating entity "Axi4SharedToApb3Bridge" for hierarchy "System:system|VexRISCVSoftcore:core|Axi4SharedToApb3Bridge:axi_apbBridge" File: C:/Users/marvi/Desktop/fpga_exercises/exercise_12/simple_riscv_example/Quartus/System.v Line: 11872
Warning (10036): Verilog HDL or VHDL warning at System.v(4091): object "phase_string" assigned a value but never read File: C:/Users/marvi/Desktop/fpga_exercises/exercise_12/simple_riscv_example/Quartus/System.v Line: 4091
Info (10264): Verilog HDL Case Statement information at System.v(4109): all case item expressions in this case statement are onehot File: C:/Users/marvi/Desktop/fpga_exercises/exercise_12/simple_riscv_example/Quartus/System.v Line: 4109
Info (10264): Verilog HDL Case Statement information at System.v(4124): all case item expressions in this case statement are onehot File: C:/Users/marvi/Desktop/fpga_exercises/exercise_12/simple_riscv_example/Quartus/System.v Line: 4124
Info (10264): Verilog HDL Case Statement information at System.v(4139): all case item expressions in this case statement are onehot File: C:/Users/marvi/Desktop/fpga_exercises/exercise_12/simple_riscv_example/Quartus/System.v Line: 4139
Info (10264): Verilog HDL Case Statement information at System.v(4154): all case item expressions in this case statement are onehot File: C:/Users/marvi/Desktop/fpga_exercises/exercise_12/simple_riscv_example/Quartus/System.v Line: 4154
Info (10264): Verilog HDL Case Statement information at System.v(4169): all case item expressions in this case statement are onehot File: C:/Users/marvi/Desktop/fpga_exercises/exercise_12/simple_riscv_example/Quartus/System.v Line: 4169
Info (10264): Verilog HDL Case Statement information at System.v(4185): all case item expressions in this case statement are onehot File: C:/Users/marvi/Desktop/fpga_exercises/exercise_12/simple_riscv_example/Quartus/System.v Line: 4185
Info (10264): Verilog HDL Case Statement information at System.v(4209): all case item expressions in this case statement are onehot File: C:/Users/marvi/Desktop/fpga_exercises/exercise_12/simple_riscv_example/Quartus/System.v Line: 4209
Info (10264): Verilog HDL Case Statement information at System.v(4236): all case item expressions in this case statement are onehot File: C:/Users/marvi/Desktop/fpga_exercises/exercise_12/simple_riscv_example/Quartus/System.v Line: 4236
Info (12128): Elaborating entity "PinsecTimerCtrl" for hierarchy "System:system|VexRISCVSoftcore:core|PinsecTimerCtrl:axi_timerCtrl" File: C:/Users/marvi/Desktop/fpga_exercises/exercise_12/simple_riscv_example/Quartus/System.v Line: 11887
Warning (10036): Verilog HDL or VHDL warning at System.v(4293): object "busCtrl_askWrite" assigned a value but never read File: C:/Users/marvi/Desktop/fpga_exercises/exercise_12/simple_riscv_example/Quartus/System.v Line: 4293
Warning (10036): Verilog HDL or VHDL warning at System.v(4294): object "busCtrl_askRead" assigned a value but never read File: C:/Users/marvi/Desktop/fpga_exercises/exercise_12/simple_riscv_example/Quartus/System.v Line: 4294
Warning (10036): Verilog HDL or VHDL warning at System.v(4296): object "busCtrl_doRead" assigned a value but never read File: C:/Users/marvi/Desktop/fpga_exercises/exercise_12/simple_riscv_example/Quartus/System.v Line: 4296
Info (12128): Elaborating entity "BufferCC_2_" for hierarchy "System:system|VexRISCVSoftcore:core|PinsecTimerCtrl:axi_timerCtrl|BufferCC_2_:io_external_buffercc" File: C:/Users/marvi/Desktop/fpga_exercises/exercise_12/simple_riscv_example/Quartus/System.v Line: 4332
Info (12128): Elaborating entity "Prescaler" for hierarchy "System:system|VexRISCVSoftcore:core|PinsecTimerCtrl:axi_timerCtrl|Prescaler:prescaler_1_" File: C:/Users/marvi/Desktop/fpga_exercises/exercise_12/simple_riscv_example/Quartus/System.v Line: 4339
Info (12128): Elaborating entity "Timer" for hierarchy "System:system|VexRISCVSoftcore:core|PinsecTimerCtrl:axi_timerCtrl|Timer:timerA" File: C:/Users/marvi/Desktop/fpga_exercises/exercise_12/simple_riscv_example/Quartus/System.v Line: 4348
Info (12128): Elaborating entity "Timer_1_" for hierarchy "System:system|VexRISCVSoftcore:core|PinsecTimerCtrl:axi_timerCtrl|Timer_1_:timerB" File: C:/Users/marvi/Desktop/fpga_exercises/exercise_12/simple_riscv_example/Quartus/System.v Line: 4357
Info (12128): Elaborating entity "InterruptCtrl" for hierarchy "System:system|VexRISCVSoftcore:core|PinsecTimerCtrl:axi_timerCtrl|InterruptCtrl:interruptCtrl_1_" File: C:/Users/marvi/Desktop/fpga_exercises/exercise_12/simple_riscv_example/Quartus/System.v Line: 4383
Info (12128): Elaborating entity "Apb3UartCtrl" for hierarchy "System:system|VexRISCVSoftcore:core|Apb3UartCtrl:axi_uartCtrl" File: C:/Users/marvi/Desktop/fpga_exercises/exercise_12/simple_riscv_example/Quartus/System.v Line: 11901
Warning (10036): Verilog HDL or VHDL warning at System.v(5086): object "busCtrl_askWrite" assigned a value but never read File: C:/Users/marvi/Desktop/fpga_exercises/exercise_12/simple_riscv_example/Quartus/System.v Line: 5086
Warning (10036): Verilog HDL or VHDL warning at System.v(5087): object "busCtrl_askRead" assigned a value but never read File: C:/Users/marvi/Desktop/fpga_exercises/exercise_12/simple_riscv_example/Quartus/System.v Line: 5087
Warning (10036): Verilog HDL or VHDL warning at System.v(5096): object "bridge_write_streamUnbuffered_ready" assigned a value but never read File: C:/Users/marvi/Desktop/fpga_exercises/exercise_12/simple_riscv_example/Quartus/System.v Line: 5096
Warning (10036): Verilog HDL or VHDL warning at System.v(5119): object "bridge_uartConfigReg_frame_stop_string" assigned a value but never read File: C:/Users/marvi/Desktop/fpga_exercises/exercise_12/simple_riscv_example/Quartus/System.v Line: 5119
Warning (10036): Verilog HDL or VHDL warning at System.v(5120): object "bridge_uartConfigReg_frame_parity_string" assigned a value but never read File: C:/Users/marvi/Desktop/fpga_exercises/exercise_12/simple_riscv_example/Quartus/System.v Line: 5120
Warning (10036): Verilog HDL or VHDL warning at System.v(5121): object "_zz_7__string" assigned a value but never read File: C:/Users/marvi/Desktop/fpga_exercises/exercise_12/simple_riscv_example/Quartus/System.v Line: 5121
Warning (10036): Verilog HDL or VHDL warning at System.v(5122): object "_zz_8__string" assigned a value but never read File: C:/Users/marvi/Desktop/fpga_exercises/exercise_12/simple_riscv_example/Quartus/System.v Line: 5122
Info (12128): Elaborating entity "UartCtrl" for hierarchy "System:system|VexRISCVSoftcore:core|Apb3UartCtrl:axi_uartCtrl|UartCtrl:uartCtrl_1_" File: C:/Users/marvi/Desktop/fpga_exercises/exercise_12/simple_riscv_example/Quartus/System.v Line: 5159
Warning (10036): Verilog HDL or VHDL warning at System.v(2063): object "io_config_frame_stop_string" assigned a value but never read File: C:/Users/marvi/Desktop/fpga_exercises/exercise_12/simple_riscv_example/Quartus/System.v Line: 2063
Warning (10036): Verilog HDL or VHDL warning at System.v(2064): object "io_config_frame_parity_string" assigned a value but never read File: C:/Users/marvi/Desktop/fpga_exercises/exercise_12/simple_riscv_example/Quartus/System.v Line: 2064
Info (12128): Elaborating entity "UartCtrlTx" for hierarchy "System:system|VexRISCVSoftcore:core|Apb3UartCtrl:axi_uartCtrl|UartCtrl:uartCtrl_1_|UartCtrlTx:tx" File: C:/Users/marvi/Desktop/fpga_exercises/exercise_12/simple_riscv_example/Quartus/System.v Line: 2081
Warning (10036): Verilog HDL or VHDL warning at System.v(330): object "io_configFrame_stop_string" assigned a value but never read File: C:/Users/marvi/Desktop/fpga_exercises/exercise_12/simple_riscv_example/Quartus/System.v Line: 330
Warning (10036): Verilog HDL or VHDL warning at System.v(331): object "io_configFrame_parity_string" assigned a value but never read File: C:/Users/marvi/Desktop/fpga_exercises/exercise_12/simple_riscv_example/Quartus/System.v Line: 331
Warning (10036): Verilog HDL or VHDL warning at System.v(332): object "stateMachine_state_string" assigned a value but never read File: C:/Users/marvi/Desktop/fpga_exercises/exercise_12/simple_riscv_example/Quartus/System.v Line: 332
Info (10264): Verilog HDL Case Statement information at System.v(388): all case item expressions in this case statement are onehot File: C:/Users/marvi/Desktop/fpga_exercises/exercise_12/simple_riscv_example/Quartus/System.v Line: 388
Info (10264): Verilog HDL Case Statement information at System.v(407): all case item expressions in this case statement are onehot File: C:/Users/marvi/Desktop/fpga_exercises/exercise_12/simple_riscv_example/Quartus/System.v Line: 407
Info (10264): Verilog HDL Case Statement information at System.v(434): all case item expressions in this case statement are onehot File: C:/Users/marvi/Desktop/fpga_exercises/exercise_12/simple_riscv_example/Quartus/System.v Line: 434
Info (10264): Verilog HDL Case Statement information at System.v(480): all case item expressions in this case statement are onehot File: C:/Users/marvi/Desktop/fpga_exercises/exercise_12/simple_riscv_example/Quartus/System.v Line: 480
Info (12128): Elaborating entity "UartCtrlRx" for hierarchy "System:system|VexRISCVSoftcore:core|Apb3UartCtrl:axi_uartCtrl|UartCtrl:uartCtrl_1_|UartCtrlRx:rx" File: C:/Users/marvi/Desktop/fpga_exercises/exercise_12/simple_riscv_example/Quartus/System.v Line: 2096
Warning (10036): Verilog HDL or VHDL warning at System.v(558): object "io_configFrame_stop_string" assigned a value but never read File: C:/Users/marvi/Desktop/fpga_exercises/exercise_12/simple_riscv_example/Quartus/System.v Line: 558
Warning (10036): Verilog HDL or VHDL warning at System.v(559): object "io_configFrame_parity_string" assigned a value but never read File: C:/Users/marvi/Desktop/fpga_exercises/exercise_12/simple_riscv_example/Quartus/System.v Line: 559
Warning (10036): Verilog HDL or VHDL warning at System.v(560): object "stateMachine_state_string" assigned a value but never read File: C:/Users/marvi/Desktop/fpga_exercises/exercise_12/simple_riscv_example/Quartus/System.v Line: 560
Info (10264): Verilog HDL Case Statement information at System.v(614): all case item expressions in this case statement are onehot File: C:/Users/marvi/Desktop/fpga_exercises/exercise_12/simple_riscv_example/Quartus/System.v Line: 614
Info (10264): Verilog HDL Case Statement information at System.v(691): all case item expressions in this case statement are onehot File: C:/Users/marvi/Desktop/fpga_exercises/exercise_12/simple_riscv_example/Quartus/System.v Line: 691
Info (10264): Verilog HDL Case Statement information at System.v(752): all case item expressions in this case statement are onehot File: C:/Users/marvi/Desktop/fpga_exercises/exercise_12/simple_riscv_example/Quartus/System.v Line: 752
Info (12128): Elaborating entity "BufferCC" for hierarchy "System:system|VexRISCVSoftcore:core|Apb3UartCtrl:axi_uartCtrl|UartCtrl:uartCtrl_1_|UartCtrlRx:rx|BufferCC:io_rxd_buffercc" File: C:/Users/marvi/Desktop/fpga_exercises/exercise_12/simple_riscv_example/Quartus/System.v Line: 583
Info (12128): Elaborating entity "StreamFifo" for hierarchy "System:system|VexRISCVSoftcore:core|Apb3UartCtrl:axi_uartCtrl|StreamFifo:bridge_write_streamUnbuffered_queueWithOccupancy" File: C:/Users/marvi/Desktop/fpga_exercises/exercise_12/simple_riscv_example/Quartus/System.v Line: 5172
Warning (10036): Verilog HDL or VHDL warning at System.v(2178): object "logic_pushPtr_willOverflow" assigned a value but never read File: C:/Users/marvi/Desktop/fpga_exercises/exercise_12/simple_riscv_example/Quartus/System.v Line: 2178
Warning (10036): Verilog HDL or VHDL warning at System.v(2184): object "logic_popPtr_willOverflow" assigned a value but never read File: C:/Users/marvi/Desktop/fpga_exercises/exercise_12/simple_riscv_example/Quartus/System.v Line: 2184
Info (12128): Elaborating entity "VexRiscv" for hierarchy "System:system|VexRISCVSoftcore:core|VexRiscv:axi_cpu" File: C:/Users/marvi/Desktop/fpga_exercises/exercise_12/simple_riscv_example/Quartus/System.v Line: 11931
Warning (10036): Verilog HDL or VHDL warning at System.v(5843): object "writeBack_FORMAL_PC_NEXT" assigned a value but never read File: C:/Users/marvi/Desktop/fpga_exercises/exercise_12/simple_riscv_example/Quartus/System.v Line: 5843
Warning (10036): Verilog HDL or VHDL warning at System.v(5971): object "decode_arbitration_isMoving" assigned a value but never read File: C:/Users/marvi/Desktop/fpga_exercises/exercise_12/simple_riscv_example/Quartus/System.v Line: 5971
Warning (10036): Verilog HDL or VHDL warning at System.v(5972): object "decode_arbitration_isFiring" assigned a value but never read File: C:/Users/marvi/Desktop/fpga_exercises/exercise_12/simple_riscv_example/Quartus/System.v Line: 5972
Warning (10036): Verilog HDL or VHDL warning at System.v(5982): object "execute_arbitration_isMoving" assigned a value but never read File: C:/Users/marvi/Desktop/fpga_exercises/exercise_12/simple_riscv_example/Quartus/System.v Line: 5982
Warning (10036): Verilog HDL or VHDL warning at System.v(5983): object "execute_arbitration_isFiring" assigned a value but never read File: C:/Users/marvi/Desktop/fpga_exercises/exercise_12/simple_riscv_example/Quartus/System.v Line: 5983
Warning (10036): Verilog HDL or VHDL warning at System.v(5993): object "memory_arbitration_isMoving" assigned a value but never read File: C:/Users/marvi/Desktop/fpga_exercises/exercise_12/simple_riscv_example/Quartus/System.v Line: 5993
Warning (10036): Verilog HDL or VHDL warning at System.v(5994): object "memory_arbitration_isFiring" assigned a value but never read File: C:/Users/marvi/Desktop/fpga_exercises/exercise_12/simple_riscv_example/Quartus/System.v Line: 5994
Warning (10036): Verilog HDL or VHDL warning at System.v(6004): object "writeBack_arbitration_isMoving" assigned a value but never read File: C:/Users/marvi/Desktop/fpga_exercises/exercise_12/simple_riscv_example/Quartus/System.v Line: 6004
Warning (10036): Verilog HDL or VHDL warning at System.v(6006): object "lastStageInstruction" assigned a value but never read File: C:/Users/marvi/Desktop/fpga_exercises/exercise_12/simple_riscv_example/Quartus/System.v Line: 6006
Warning (10036): Verilog HDL or VHDL warning at System.v(6007): object "lastStagePc" assigned a value but never read File: C:/Users/marvi/Desktop/fpga_exercises/exercise_12/simple_riscv_example/Quartus/System.v Line: 6007
Warning (10036): Verilog HDL or VHDL warning at System.v(6008): object "lastStageIsValid" assigned a value but never read File: C:/Users/marvi/Desktop/fpga_exercises/exercise_12/simple_riscv_example/Quartus/System.v Line: 6008
Warning (10036): Verilog HDL or VHDL warning at System.v(6009): object "lastStageIsFiring" assigned a value but never read File: C:/Users/marvi/Desktop/fpga_exercises/exercise_12/simple_riscv_example/Quartus/System.v Line: 6009
Warning (10036): Verilog HDL or VHDL warning at System.v(6013): object "IBusSimplePlugin_pcValids_1" assigned a value but never read File: C:/Users/marvi/Desktop/fpga_exercises/exercise_12/simple_riscv_example/Quartus/System.v Line: 6013
Warning (10036): Verilog HDL or VHDL warning at System.v(6014): object "IBusSimplePlugin_pcValids_2" assigned a value but never read File: C:/Users/marvi/Desktop/fpga_exercises/exercise_12/simple_riscv_example/Quartus/System.v Line: 6014
Warning (10036): Verilog HDL or VHDL warning at System.v(6015): object "IBusSimplePlugin_pcValids_3" assigned a value but never read File: C:/Users/marvi/Desktop/fpga_exercises/exercise_12/simple_riscv_example/Quartus/System.v Line: 6015
Warning (10036): Verilog HDL or VHDL warning at System.v(6018): object "CsrPlugin_inWfi" assigned a value but never read File: C:/Users/marvi/Desktop/fpga_exercises/exercise_12/simple_riscv_example/Quartus/System.v Line: 6018
Warning (10036): Verilog HDL or VHDL warning at System.v(6026): object "contextSwitching" assigned a value but never read File: C:/Users/marvi/Desktop/fpga_exercises/exercise_12/simple_riscv_example/Quartus/System.v Line: 6026
Warning (10036): Verilog HDL or VHDL warning at System.v(6030): object "CsrPlugin_allowException" assigned a value but never read File: C:/Users/marvi/Desktop/fpga_exercises/exercise_12/simple_riscv_example/Quartus/System.v Line: 6030
Warning (10036): Verilog HDL or VHDL warning at System.v(6044): object "IBusSimplePlugin_fetchPc_corrected" assigned a value but never read File: C:/Users/marvi/Desktop/fpga_exercises/exercise_12/simple_riscv_example/Quartus/System.v Line: 6044
Warning (10036): Verilog HDL or VHDL warning at System.v(6056): object "IBusSimplePlugin_iBusRsp_stages_0_output_payload" assigned a value but never read File: C:/Users/marvi/Desktop/fpga_exercises/exercise_12/simple_riscv_example/Quartus/System.v Line: 6056
Warning (10036): Verilog HDL or VHDL warning at System.v(6071): object "IBusSimplePlugin_iBusRsp_readyForError" assigned a value but never read File: C:/Users/marvi/Desktop/fpga_exercises/exercise_12/simple_riscv_example/Quartus/System.v Line: 6071
Warning (10036): Verilog HDL or VHDL warning at System.v(6081): object "IBusSimplePlugin_injector_decodeInput_payload_rsp_error" assigned a value but never read File: C:/Users/marvi/Desktop/fpga_exercises/exercise_12/simple_riscv_example/Quartus/System.v Line: 6081
Warning (10036): Verilog HDL or VHDL warning at System.v(6083): object "IBusSimplePlugin_injector_decodeInput_payload_isRvc" assigned a value but never read File: C:/Users/marvi/Desktop/fpga_exercises/exercise_12/simple_riscv_example/Quartus/System.v Line: 6083
Warning (10036): Verilog HDL or VHDL warning at System.v(6094): object "IBusSimplePlugin_injector_formal_rawInDecode" assigned a value but never read File: C:/Users/marvi/Desktop/fpga_exercises/exercise_12/simple_riscv_example/Quartus/System.v Line: 6094
Warning (10858): Verilog HDL warning at System.v(6117): object IBusSimplePlugin_rspJoin_fetchRsp_isRvc used but never assigned File: C:/Users/marvi/Desktop/fpga_exercises/exercise_12/simple_riscv_example/Quartus/System.v Line: 6117
Warning (10036): Verilog HDL or VHDL warning at System.v(6130): object "execute_DBusSimplePlugin_formalMask" assigned a value but never read File: C:/Users/marvi/Desktop/fpga_exercises/exercise_12/simple_riscv_example/Quartus/System.v Line: 6130
Warning (10036): Verilog HDL or VHDL warning at System.v(6227): object "CsrPlugin_misa_base" assigned a value but never read File: C:/Users/marvi/Desktop/fpga_exercises/exercise_12/simple_riscv_example/Quartus/System.v Line: 6227
Warning (10036): Verilog HDL or VHDL warning at System.v(6228): object "CsrPlugin_misa_extensions" assigned a value but never read File: C:/Users/marvi/Desktop/fpga_exercises/exercise_12/simple_riscv_example/Quartus/System.v Line: 6228
Warning (10036): Verilog HDL or VHDL warning at System.v(6253): object "CsrPlugin_lastStageWasWfi" assigned a value but never read File: C:/Users/marvi/Desktop/fpga_exercises/exercise_12/simple_riscv_example/Quartus/System.v Line: 6253
Warning (10036): Verilog HDL or VHDL warning at System.v(6263): object "CsrPlugin_xtvec_mode" assigned a value but never read File: C:/Users/marvi/Desktop/fpga_exercises/exercise_12/simple_riscv_example/Quartus/System.v Line: 6263
Warning (10036): Verilog HDL or VHDL warning at System.v(6265): object "execute_CsrPlugin_wfiWake" assigned a value but never read File: C:/Users/marvi/Desktop/fpga_exercises/exercise_12/simple_riscv_example/Quartus/System.v Line: 6265
Warning (10036): Verilog HDL or VHDL warning at System.v(6267): object "execute_CsrPlugin_illegalAccess" assigned a value but never read File: C:/Users/marvi/Desktop/fpga_exercises/exercise_12/simple_riscv_example/Quartus/System.v Line: 6267
Warning (10036): Verilog HDL or VHDL warning at System.v(6268): object "execute_CsrPlugin_illegalInstruction" assigned a value but never read File: C:/Users/marvi/Desktop/fpga_exercises/exercise_12/simple_riscv_example/Quartus/System.v Line: 6268
Warning (10036): Verilog HDL or VHDL warning at System.v(6273): object "execute_CsrPlugin_readEnable" assigned a value but never read File: C:/Users/marvi/Desktop/fpga_exercises/exercise_12/simple_riscv_example/Quartus/System.v Line: 6273
Warning (10036): Verilog HDL or VHDL warning at System.v(6278): object "DebugPlugin_secondCycle" assigned a value but never read File: C:/Users/marvi/Desktop/fpga_exercises/exercise_12/simple_riscv_example/Quartus/System.v Line: 6278
Warning (10036): Verilog HDL or VHDL warning at System.v(6372): object "decode_ALU_BITWISE_CTRL_string" assigned a value but never read File: C:/Users/marvi/Desktop/fpga_exercises/exercise_12/simple_riscv_example/Quartus/System.v Line: 6372
Warning (10036): Verilog HDL or VHDL warning at System.v(6373): object "_zz_1__string" assigned a value but never read File: C:/Users/marvi/Desktop/fpga_exercises/exercise_12/simple_riscv_example/Quartus/System.v Line: 6373
Warning (10036): Verilog HDL or VHDL warning at System.v(6374): object "_zz_2__string" assigned a value but never read File: C:/Users/marvi/Desktop/fpga_exercises/exercise_12/simple_riscv_example/Quartus/System.v Line: 6374
Warning (10036): Verilog HDL or VHDL warning at System.v(6375): object "_zz_3__string" assigned a value but never read File: C:/Users/marvi/Desktop/fpga_exercises/exercise_12/simple_riscv_example/Quartus/System.v Line: 6375
Warning (10036): Verilog HDL or VHDL warning at System.v(6376): object "decode_BRANCH_CTRL_string" assigned a value but never read File: C:/Users/marvi/Desktop/fpga_exercises/exercise_12/simple_riscv_example/Quartus/System.v Line: 6376
Warning (10036): Verilog HDL or VHDL warning at System.v(6377): object "_zz_4__string" assigned a value but never read File: C:/Users/marvi/Desktop/fpga_exercises/exercise_12/simple_riscv_example/Quartus/System.v Line: 6377
Warning (10036): Verilog HDL or VHDL warning at System.v(6378): object "_zz_5__string" assigned a value but never read File: C:/Users/marvi/Desktop/fpga_exercises/exercise_12/simple_riscv_example/Quartus/System.v Line: 6378
Warning (10036): Verilog HDL or VHDL warning at System.v(6379): object "_zz_6__string" assigned a value but never read File: C:/Users/marvi/Desktop/fpga_exercises/exercise_12/simple_riscv_example/Quartus/System.v Line: 6379
Warning (10036): Verilog HDL or VHDL warning at System.v(6380): object "_zz_7__string" assigned a value but never read File: C:/Users/marvi/Desktop/fpga_exercises/exercise_12/simple_riscv_example/Quartus/System.v Line: 6380
Warning (10036): Verilog HDL or VHDL warning at System.v(6381): object "_zz_8__string" assigned a value but never read File: C:/Users/marvi/Desktop/fpga_exercises/exercise_12/simple_riscv_example/Quartus/System.v Line: 6381
Warning (10036): Verilog HDL or VHDL warning at System.v(6382): object "_zz_9__string" assigned a value but never read File: C:/Users/marvi/Desktop/fpga_exercises/exercise_12/simple_riscv_example/Quartus/System.v Line: 6382
Warning (10036): Verilog HDL or VHDL warning at System.v(6383): object "_zz_10__string" assigned a value but never read File: C:/Users/marvi/Desktop/fpga_exercises/exercise_12/simple_riscv_example/Quartus/System.v Line: 6383
Warning (10036): Verilog HDL or VHDL warning at System.v(6384): object "decode_ENV_CTRL_string" assigned a value but never read File: C:/Users/marvi/Desktop/fpga_exercises/exercise_12/simple_riscv_example/Quartus/System.v Line: 6384
Warning (10036): Verilog HDL or VHDL warning at System.v(6385): object "_zz_11__string" assigned a value but never read File: C:/Users/marvi/Desktop/fpga_exercises/exercise_12/simple_riscv_example/Quartus/System.v Line: 6385
Warning (10036): Verilog HDL or VHDL warning at System.v(6386): object "_zz_12__string" assigned a value but never read File: C:/Users/marvi/Desktop/fpga_exercises/exercise_12/simple_riscv_example/Quartus/System.v Line: 6386
Warning (10036): Verilog HDL or VHDL warning at System.v(6387): object "_zz_13__string" assigned a value but never read File: C:/Users/marvi/Desktop/fpga_exercises/exercise_12/simple_riscv_example/Quartus/System.v Line: 6387
Warning (10036): Verilog HDL or VHDL warning at System.v(6388): object "decode_ALU_CTRL_string" assigned a value but never read File: C:/Users/marvi/Desktop/fpga_exercises/exercise_12/simple_riscv_example/Quartus/System.v Line: 6388
Warning (10036): Verilog HDL or VHDL warning at System.v(6389): object "_zz_14__string" assigned a value but never read File: C:/Users/marvi/Desktop/fpga_exercises/exercise_12/simple_riscv_example/Quartus/System.v Line: 6389
Warning (10036): Verilog HDL or VHDL warning at System.v(6390): object "_zz_15__string" assigned a value but never read File: C:/Users/marvi/Desktop/fpga_exercises/exercise_12/simple_riscv_example/Quartus/System.v Line: 6390
Warning (10036): Verilog HDL or VHDL warning at System.v(6391): object "_zz_16__string" assigned a value but never read File: C:/Users/marvi/Desktop/fpga_exercises/exercise_12/simple_riscv_example/Quartus/System.v Line: 6391
Warning (10036): Verilog HDL or VHDL warning at System.v(6392): object "decode_SHIFT_CTRL_string" assigned a value but never read File: C:/Users/marvi/Desktop/fpga_exercises/exercise_12/simple_riscv_example/Quartus/System.v Line: 6392
Warning (10036): Verilog HDL or VHDL warning at System.v(6393): object "_zz_17__string" assigned a value but never read File: C:/Users/marvi/Desktop/fpga_exercises/exercise_12/simple_riscv_example/Quartus/System.v Line: 6393
Warning (10036): Verilog HDL or VHDL warning at System.v(6394): object "_zz_18__string" assigned a value but never read File: C:/Users/marvi/Desktop/fpga_exercises/exercise_12/simple_riscv_example/Quartus/System.v Line: 6394
Warning (10036): Verilog HDL or VHDL warning at System.v(6395): object "_zz_19__string" assigned a value but never read File: C:/Users/marvi/Desktop/fpga_exercises/exercise_12/simple_riscv_example/Quartus/System.v Line: 6395
Warning (10036): Verilog HDL or VHDL warning at System.v(6396): object "memory_ENV_CTRL_string" assigned a value but never read File: C:/Users/marvi/Desktop/fpga_exercises/exercise_12/simple_riscv_example/Quartus/System.v Line: 6396
Warning (10036): Verilog HDL or VHDL warning at System.v(6397): object "_zz_20__string" assigned a value but never read File: C:/Users/marvi/Desktop/fpga_exercises/exercise_12/simple_riscv_example/Quartus/System.v Line: 6397
Warning (10036): Verilog HDL or VHDL warning at System.v(6398): object "execute_ENV_CTRL_string" assigned a value but never read File: C:/Users/marvi/Desktop/fpga_exercises/exercise_12/simple_riscv_example/Quartus/System.v Line: 6398
Warning (10036): Verilog HDL or VHDL warning at System.v(6399): object "_zz_21__string" assigned a value but never read File: C:/Users/marvi/Desktop/fpga_exercises/exercise_12/simple_riscv_example/Quartus/System.v Line: 6399
Warning (10036): Verilog HDL or VHDL warning at System.v(6400): object "writeBack_ENV_CTRL_string" assigned a value but never read File: C:/Users/marvi/Desktop/fpga_exercises/exercise_12/simple_riscv_example/Quartus/System.v Line: 6400
Warning (10036): Verilog HDL or VHDL warning at System.v(6401): object "_zz_22__string" assigned a value but never read File: C:/Users/marvi/Desktop/fpga_exercises/exercise_12/simple_riscv_example/Quartus/System.v Line: 6401
Warning (10036): Verilog HDL or VHDL warning at System.v(6402): object "execute_BRANCH_CTRL_string" assigned a value but never read File: C:/Users/marvi/Desktop/fpga_exercises/exercise_12/simple_riscv_example/Quartus/System.v Line: 6402
Warning (10036): Verilog HDL or VHDL warning at System.v(6403): object "_zz_23__string" assigned a value but never read File: C:/Users/marvi/Desktop/fpga_exercises/exercise_12/simple_riscv_example/Quartus/System.v Line: 6403
Warning (10036): Verilog HDL or VHDL warning at System.v(6404): object "execute_SHIFT_CTRL_string" assigned a value but never read File: C:/Users/marvi/Desktop/fpga_exercises/exercise_12/simple_riscv_example/Quartus/System.v Line: 6404
Warning (10036): Verilog HDL or VHDL warning at System.v(6405): object "_zz_25__string" assigned a value but never read File: C:/Users/marvi/Desktop/fpga_exercises/exercise_12/simple_riscv_example/Quartus/System.v Line: 6405
Warning (10036): Verilog HDL or VHDL warning at System.v(6406): object "decode_SRC2_CTRL_string" assigned a value but never read File: C:/Users/marvi/Desktop/fpga_exercises/exercise_12/simple_riscv_example/Quartus/System.v Line: 6406
Warning (10036): Verilog HDL or VHDL warning at System.v(6407): object "_zz_28__string" assigned a value but never read File: C:/Users/marvi/Desktop/fpga_exercises/exercise_12/simple_riscv_example/Quartus/System.v Line: 6407
Warning (10036): Verilog HDL or VHDL warning at System.v(6408): object "decode_SRC1_CTRL_string" assigned a value but never read File: C:/Users/marvi/Desktop/fpga_exercises/exercise_12/simple_riscv_example/Quartus/System.v Line: 6408
Warning (10036): Verilog HDL or VHDL warning at System.v(6409): object "_zz_30__string" assigned a value but never read File: C:/Users/marvi/Desktop/fpga_exercises/exercise_12/simple_riscv_example/Quartus/System.v Line: 6409
Warning (10036): Verilog HDL or VHDL warning at System.v(6410): object "execute_ALU_CTRL_string" assigned a value but never read File: C:/Users/marvi/Desktop/fpga_exercises/exercise_12/simple_riscv_example/Quartus/System.v Line: 6410
Warning (10036): Verilog HDL or VHDL warning at System.v(6411): object "_zz_32__string" assigned a value but never read File: C:/Users/marvi/Desktop/fpga_exercises/exercise_12/simple_riscv_example/Quartus/System.v Line: 6411
Warning (10036): Verilog HDL or VHDL warning at System.v(6412): object "execute_ALU_BITWISE_CTRL_string" assigned a value but never read File: C:/Users/marvi/Desktop/fpga_exercises/exercise_12/simple_riscv_example/Quartus/System.v Line: 6412
Warning (10036): Verilog HDL or VHDL warning at System.v(6413): object "_zz_33__string" assigned a value but never read File: C:/Users/marvi/Desktop/fpga_exercises/exercise_12/simple_riscv_example/Quartus/System.v Line: 6413
Warning (10036): Verilog HDL or VHDL warning at System.v(6414): object "_zz_37__string" assigned a value but never read File: C:/Users/marvi/Desktop/fpga_exercises/exercise_12/simple_riscv_example/Quartus/System.v Line: 6414
Warning (10036): Verilog HDL or VHDL warning at System.v(6415): object "_zz_38__string" assigned a value but never read File: C:/Users/marvi/Desktop/fpga_exercises/exercise_12/simple_riscv_example/Quartus/System.v Line: 6415
Warning (10036): Verilog HDL or VHDL warning at System.v(6416): object "_zz_39__string" assigned a value but never read File: C:/Users/marvi/Desktop/fpga_exercises/exercise_12/simple_riscv_example/Quartus/System.v Line: 6416
Warning (10036): Verilog HDL or VHDL warning at System.v(6417): object "_zz_40__string" assigned a value but never read File: C:/Users/marvi/Desktop/fpga_exercises/exercise_12/simple_riscv_example/Quartus/System.v Line: 6417
Warning (10036): Verilog HDL or VHDL warning at System.v(6418): object "_zz_41__string" assigned a value but never read File: C:/Users/marvi/Desktop/fpga_exercises/exercise_12/simple_riscv_example/Quartus/System.v Line: 6418
Warning (10036): Verilog HDL or VHDL warning at System.v(6419): object "_zz_42__string" assigned a value but never read File: C:/Users/marvi/Desktop/fpga_exercises/exercise_12/simple_riscv_example/Quartus/System.v Line: 6419
Warning (10036): Verilog HDL or VHDL warning at System.v(6420): object "_zz_43__string" assigned a value but never read File: C:/Users/marvi/Desktop/fpga_exercises/exercise_12/simple_riscv_example/Quartus/System.v Line: 6420
Warning (10036): Verilog HDL or VHDL warning at System.v(6421): object "_zz_72__string" assigned a value but never read File: C:/Users/marvi/Desktop/fpga_exercises/exercise_12/simple_riscv_example/Quartus/System.v Line: 6421
Warning (10036): Verilog HDL or VHDL warning at System.v(6422): object "_zz_73__string" assigned a value but never read File: C:/Users/marvi/Desktop/fpga_exercises/exercise_12/simple_riscv_example/Quartus/System.v Line: 6422
Warning (10036): Verilog HDL or VHDL warning at System.v(6423): object "_zz_74__string" assigned a value but never read File: C:/Users/marvi/Desktop/fpga_exercises/exercise_12/simple_riscv_example/Quartus/System.v Line: 6423
Warning (10036): Verilog HDL or VHDL warning at System.v(6424): object "_zz_75__string" assigned a value but never read File: C:/Users/marvi/Desktop/fpga_exercises/exercise_12/simple_riscv_example/Quartus/System.v Line: 6424
Warning (10036): Verilog HDL or VHDL warning at System.v(6425): object "_zz_76__string" assigned a value but never read File: C:/Users/marvi/Desktop/fpga_exercises/exercise_12/simple_riscv_example/Quartus/System.v Line: 6425
Warning (10036): Verilog HDL or VHDL warning at System.v(6426): object "_zz_77__string" assigned a value but never read File: C:/Users/marvi/Desktop/fpga_exercises/exercise_12/simple_riscv_example/Quartus/System.v Line: 6426
Warning (10036): Verilog HDL or VHDL warning at System.v(6427): object "_zz_78__string" assigned a value but never read File: C:/Users/marvi/Desktop/fpga_exercises/exercise_12/simple_riscv_example/Quartus/System.v Line: 6427
Warning (10036): Verilog HDL or VHDL warning at System.v(6428): object "decode_to_execute_SHIFT_CTRL_string" assigned a value but never read File: C:/Users/marvi/Desktop/fpga_exercises/exercise_12/simple_riscv_example/Quartus/System.v Line: 6428
Warning (10036): Verilog HDL or VHDL warning at System.v(6429): object "decode_to_execute_ALU_CTRL_string" assigned a value but never read File: C:/Users/marvi/Desktop/fpga_exercises/exercise_12/simple_riscv_example/Quartus/System.v Line: 6429
Warning (10036): Verilog HDL or VHDL warning at System.v(6430): object "decode_to_execute_ENV_CTRL_string" assigned a value but never read File: C:/Users/marvi/Desktop/fpga_exercises/exercise_12/simple_riscv_example/Quartus/System.v Line: 6430
Warning (10036): Verilog HDL or VHDL warning at System.v(6431): object "execute_to_memory_ENV_CTRL_string" assigned a value but never read File: C:/Users/marvi/Desktop/fpga_exercises/exercise_12/simple_riscv_example/Quartus/System.v Line: 6431
Warning (10036): Verilog HDL or VHDL warning at System.v(6432): object "memory_to_writeBack_ENV_CTRL_string" assigned a value but never read File: C:/Users/marvi/Desktop/fpga_exercises/exercise_12/simple_riscv_example/Quartus/System.v Line: 6432
Warning (10036): Verilog HDL or VHDL warning at System.v(6433): object "decode_to_execute_BRANCH_CTRL_string" assigned a value but never read File: C:/Users/marvi/Desktop/fpga_exercises/exercise_12/simple_riscv_example/Quartus/System.v Line: 6433
Warning (10036): Verilog HDL or VHDL warning at System.v(6434): object "decode_to_execute_ALU_BITWISE_CTRL_string" assigned a value but never read File: C:/Users/marvi/Desktop/fpga_exercises/exercise_12/simple_riscv_example/Quartus/System.v Line: 6434
Warning (10230): Verilog HDL assignment warning at System.v(6475): truncated value with size 32 to match size of target (31) File: C:/Users/marvi/Desktop/fpga_exercises/exercise_12/simple_riscv_example/Quartus/System.v Line: 6475
Warning (10230): Verilog HDL assignment warning at System.v(6476): truncated value with size 32 to match size of target (31) File: C:/Users/marvi/Desktop/fpga_exercises/exercise_12/simple_riscv_example/Quartus/System.v Line: 6476
Warning (10230): Verilog HDL assignment warning at System.v(6477): truncated value with size 32 to match size of target (31) File: C:/Users/marvi/Desktop/fpga_exercises/exercise_12/simple_riscv_example/Quartus/System.v Line: 6477
Warning (10230): Verilog HDL assignment warning at System.v(6478): truncated value with size 32 to match size of target (31) File: C:/Users/marvi/Desktop/fpga_exercises/exercise_12/simple_riscv_example/Quartus/System.v Line: 6478
Warning (10230): Verilog HDL assignment warning at System.v(6541): truncated value with size 33 to match size of target (32) File: C:/Users/marvi/Desktop/fpga_exercises/exercise_12/simple_riscv_example/Quartus/System.v Line: 6541
Info (10264): Verilog HDL Case Statement information at System.v(7942): all case item expressions in this case statement are onehot File: C:/Users/marvi/Desktop/fpga_exercises/exercise_12/simple_riscv_example/Quartus/System.v Line: 7942
Info (10264): Verilog HDL Case Statement information at System.v(7956): all case item expressions in this case statement are onehot File: C:/Users/marvi/Desktop/fpga_exercises/exercise_12/simple_riscv_example/Quartus/System.v Line: 7956
Info (10264): Verilog HDL Case Statement information at System.v(7972): all case item expressions in this case statement are onehot File: C:/Users/marvi/Desktop/fpga_exercises/exercise_12/simple_riscv_example/Quartus/System.v Line: 7972
Info (10264): Verilog HDL Case Statement information at System.v(7986): all case item expressions in this case statement are onehot File: C:/Users/marvi/Desktop/fpga_exercises/exercise_12/simple_riscv_example/Quartus/System.v Line: 7986
Warning (10175): Verilog HDL warning at System.v(8920): ignoring unsupported system task File: C:/Users/marvi/Desktop/fpga_exercises/exercise_12/simple_riscv_example/Quartus/System.v Line: 8920
Warning (10175): Verilog HDL warning at System.v(8930): ignoring unsupported system task File: C:/Users/marvi/Desktop/fpga_exercises/exercise_12/simple_riscv_example/Quartus/System.v Line: 8930
Info (12128): Elaborating entity "StreamFifoLowLatency_1_" for hierarchy "System:system|VexRISCVSoftcore:core|VexRiscv:axi_cpu|StreamFifoLowLatency_1_:IBusSimplePlugin_rspJoin_rspBuffer_c" File: C:/Users/marvi/Desktop/fpga_exercises/exercise_12/simple_riscv_example/Quartus/System.v Line: 6720
Warning (10036): Verilog HDL or VHDL warning at System.v(2318): object "pushPtr_willClear" assigned a value but never read File: C:/Users/marvi/Desktop/fpga_exercises/exercise_12/simple_riscv_example/Quartus/System.v Line: 2318
Warning (10036): Verilog HDL or VHDL warning at System.v(2320): object "pushPtr_willOverflow" assigned a value but never read File: C:/Users/marvi/Desktop/fpga_exercises/exercise_12/simple_riscv_example/Quartus/System.v Line: 2320
Warning (10036): Verilog HDL or VHDL warning at System.v(2322): object "popPtr_willClear" assigned a value but never read File: C:/Users/marvi/Desktop/fpga_exercises/exercise_12/simple_riscv_example/Quartus/System.v Line: 2322
Warning (10036): Verilog HDL or VHDL warning at System.v(2324): object "popPtr_willOverflow" assigned a value but never read File: C:/Users/marvi/Desktop/fpga_exercises/exercise_12/simple_riscv_example/Quartus/System.v Line: 2324
Info (12128): Elaborating entity "StreamFork_3_" for hierarchy "System:system|VexRISCVSoftcore:core|StreamFork_3_:streamFork_4_" File: C:/Users/marvi/Desktop/fpga_exercises/exercise_12/simple_riscv_example/Quartus/System.v Line: 11953
Info (12128): Elaborating entity "BufferCC_4_" for hierarchy "System:system|VexRISCVSoftcore:core|BufferCC_4_:axi_externalInterrupt_buffercc" File: C:/Users/marvi/Desktop/fpga_exercises/exercise_12/simple_riscv_example/Quartus/System.v Line: 11959
Info (12128): Elaborating entity "JtagBridge" for hierarchy "System:system|VexRISCVSoftcore:core|JtagBridge:jtagBridge_1_" File: C:/Users/marvi/Desktop/fpga_exercises/exercise_12/simple_riscv_example/Quartus/System.v Line: 11975
Warning (10036): Verilog HDL or VHDL warning at System.v(9466): object "jtag_tap_fsm_stateNext_string" assigned a value but never read File: C:/Users/marvi/Desktop/fpga_exercises/exercise_12/simple_riscv_example/Quartus/System.v Line: 9466
Warning (10036): Verilog HDL or VHDL warning at System.v(9467): object "jtag_tap_fsm_state_string" assigned a value but never read File: C:/Users/marvi/Desktop/fpga_exercises/exercise_12/simple_riscv_example/Quartus/System.v Line: 9467
Warning (10036): Verilog HDL or VHDL warning at System.v(9468): object "_zz_1__string" assigned a value but never read File: C:/Users/marvi/Desktop/fpga_exercises/exercise_12/simple_riscv_example/Quartus/System.v Line: 9468
Info (10264): Verilog HDL Case Statement information at System.v(9563): all case item expressions in this case statement are onehot File: C:/Users/marvi/Desktop/fpga_exercises/exercise_12/simple_riscv_example/Quartus/System.v Line: 9563
Info (10264): Verilog HDL Case Statement information at System.v(9618): all case item expressions in this case statement are onehot File: C:/Users/marvi/Desktop/fpga_exercises/exercise_12/simple_riscv_example/Quartus/System.v Line: 9618
Warning (10230): Verilog HDL assignment warning at System.v(9678): truncated value with size 5 to match size of target (4) File: C:/Users/marvi/Desktop/fpga_exercises/exercise_12/simple_riscv_example/Quartus/System.v Line: 9678
Info (10264): Verilog HDL Case Statement information at System.v(9673): all case item expressions in this case statement are onehot File: C:/Users/marvi/Desktop/fpga_exercises/exercise_12/simple_riscv_example/Quartus/System.v Line: 9673
Warning (10230): Verilog HDL assignment warning at System.v(9688): truncated value with size 33 to match size of target (32) File: C:/Users/marvi/Desktop/fpga_exercises/exercise_12/simple_riscv_example/Quartus/System.v Line: 9688
Warning (10230): Verilog HDL assignment warning at System.v(9700): truncated value with size 35 to match size of target (34) File: C:/Users/marvi/Desktop/fpga_exercises/exercise_12/simple_riscv_example/Quartus/System.v Line: 9700
Info (12128): Elaborating entity "FlowCCByToggle" for hierarchy "System:system|VexRISCVSoftcore:core|JtagBridge:jtagBridge_1_|FlowCCByToggle:flowCCByToggle_1_" File: C:/Users/marvi/Desktop/fpga_exercises/exercise_12/simple_riscv_example/Quartus/System.v Line: 9491
Info (12128): Elaborating entity "BufferCC_1_" for hierarchy "System:system|VexRISCVSoftcore:core|JtagBridge:jtagBridge_1_|FlowCCByToggle:flowCCByToggle_1_|BufferCC_1_:inputArea_target_buffercc" File: C:/Users/marvi/Desktop/fpga_exercises/exercise_12/simple_riscv_example/Quartus/System.v Line: 2459
Info (12128): Elaborating entity "SystemDebugger" for hierarchy "System:system|VexRISCVSoftcore:core|SystemDebugger:systemDebugger_1_" File: C:/Users/marvi/Desktop/fpga_exercises/exercise_12/simple_riscv_example/Quartus/System.v Line: 11995
Warning (10230): Verilog HDL assignment warning at System.v(9784): truncated value with size 9 to match size of target (8) File: C:/Users/marvi/Desktop/fpga_exercises/exercise_12/simple_riscv_example/Quartus/System.v Line: 9784
Warning (10230): Verilog HDL assignment warning at System.v(9786): truncated value with size 68 to match size of target (67) File: C:/Users/marvi/Desktop/fpga_exercises/exercise_12/simple_riscv_example/Quartus/System.v Line: 9786
Info (12128): Elaborating entity "Axi4ReadOnlyDecoder" for hierarchy "System:system|VexRISCVSoftcore:core|Axi4ReadOnlyDecoder:axi4ReadOnlyDecoder_1_" File: C:/Users/marvi/Desktop/fpga_exercises/exercise_12/simple_riscv_example/Quartus/System.v Line: 12029
Warning (10036): Verilog HDL or VHDL warning at System.v(9839): object "pendingCmdCounter_willOverflow" assigned a value but never read File: C:/Users/marvi/Desktop/fpga_exercises/exercise_12/simple_riscv_example/Quartus/System.v Line: 9839
Warning (10036): Verilog HDL or VHDL warning at System.v(9847): object "readRspIndex" assigned a value but never read File: C:/Users/marvi/Desktop/fpga_exercises/exercise_12/simple_riscv_example/Quartus/System.v Line: 9847
Info (12128): Elaborating entity "Axi4ReadOnlyErrorSlave" for hierarchy "System:system|VexRISCVSoftcore:core|Axi4ReadOnlyDecoder:axi4ReadOnlyDecoder_1_|Axi4ReadOnlyErrorSlave:errorSlave" File: C:/Users/marvi/Desktop/fpga_exercises/exercise_12/simple_riscv_example/Quartus/System.v Line: 9863
Warning (10034): Output port "io_axi_r_payload_data" at System.v(2500) has no driver File: C:/Users/marvi/Desktop/fpga_exercises/exercise_12/simple_riscv_example/Quartus/System.v Line: 2500
Info (12128): Elaborating entity "Axi4SharedDecoder" for hierarchy "System:system|VexRISCVSoftcore:core|Axi4SharedDecoder:axi4SharedDecoder_1_" File: C:/Users/marvi/Desktop/fpga_exercises/exercise_12/simple_riscv_example/Quartus/System.v Line: 12113
Warning (10036): Verilog HDL or VHDL warning at System.v(10061): object "pendingDataCounter_willOverflow" assigned a value but never read File: C:/Users/marvi/Desktop/fpga_exercises/exercise_12/simple_riscv_example/Quartus/System.v Line: 10061
Info (12128): Elaborating entity "Axi4SharedErrorSlave" for hierarchy "System:system|VexRISCVSoftcore:core|Axi4SharedDecoder:axi4SharedDecoder_1_|Axi4SharedErrorSlave:errorSlave" File: C:/Users/marvi/Desktop/fpga_exercises/exercise_12/simple_riscv_example/Quartus/System.v Line: 10104
Warning (10034): Output port "io_axi_r_payload_data" at System.v(2566) has no driver File: C:/Users/marvi/Desktop/fpga_exercises/exercise_12/simple_riscv_example/Quartus/System.v Line: 2566
Info (12128): Elaborating entity "Axi4SharedArbiter" for hierarchy "System:system|VexRISCVSoftcore:core|Axi4SharedArbiter:axi_ram_io_axi_arbiter" File: C:/Users/marvi/Desktop/fpga_exercises/exercise_12/simple_riscv_example/Quartus/System.v Line: 12176
Warning (10036): Verilog HDL or VHDL warning at System.v(10416): object "streamFork_4__io_outputs_1_thrown_payload_addr" assigned a value but never read File: C:/Users/marvi/Desktop/fpga_exercises/exercise_12/simple_riscv_example/Quartus/System.v Line: 10416
Warning (10036): Verilog HDL or VHDL warning at System.v(10417): object "streamFork_4__io_outputs_1_thrown_payload_id" assigned a value but never read File: C:/Users/marvi/Desktop/fpga_exercises/exercise_12/simple_riscv_example/Quartus/System.v Line: 10417
Warning (10036): Verilog HDL or VHDL warning at System.v(10418): object "streamFork_4__io_outputs_1_thrown_payload_len" assigned a value but never read File: C:/Users/marvi/Desktop/fpga_exercises/exercise_12/simple_riscv_example/Quartus/System.v Line: 10418
Warning (10036): Verilog HDL or VHDL warning at System.v(10419): object "streamFork_4__io_outputs_1_thrown_payload_size" assigned a value but never read File: C:/Users/marvi/Desktop/fpga_exercises/exercise_12/simple_riscv_example/Quartus/System.v Line: 10419
Warning (10036): Verilog HDL or VHDL warning at System.v(10420): object "streamFork_4__io_outputs_1_thrown_payload_burst" assigned a value but never read File: C:/Users/marvi/Desktop/fpga_exercises/exercise_12/simple_riscv_example/Quartus/System.v Line: 10420
Warning (10036): Verilog HDL or VHDL warning at System.v(10421): object "streamFork_4__io_outputs_1_thrown_payload_write" assigned a value but never read File: C:/Users/marvi/Desktop/fpga_exercises/exercise_12/simple_riscv_example/Quartus/System.v Line: 10421
Warning (10036): Verilog HDL or VHDL warning at System.v(10425): object "writeLogic_routeDataInput_ready" assigned a value but never read File: C:/Users/marvi/Desktop/fpga_exercises/exercise_12/simple_riscv_example/Quartus/System.v Line: 10425
Info (12128): Elaborating entity "StreamArbiter" for hierarchy "System:system|VexRISCVSoftcore:core|Axi4SharedArbiter:axi_ram_io_axi_arbiter|StreamArbiter:cmdArbiter" File: C:/Users/marvi/Desktop/fpga_exercises/exercise_12/simple_riscv_example/Quartus/System.v Line: 10467
Info (12128): Elaborating entity "StreamFork" for hierarchy "System:system|VexRISCVSoftcore:core|Axi4SharedArbiter:axi_ram_io_axi_arbiter|StreamFork:streamFork_4_" File: C:/Users/marvi/Desktop/fpga_exercises/exercise_12/simple_riscv_example/Quartus/System.v Line: 10495
Info (12128): Elaborating entity "StreamFifoLowLatency_2_" for hierarchy "System:system|VexRISCVSoftcore:core|Axi4SharedArbiter:axi_ram_io_axi_arbiter|StreamFifoLowLatency_2_:streamFork_4__io_outputs_1_thrown_translated_fifo" File: C:/Users/marvi/Desktop/fpga_exercises/exercise_12/simple_riscv_example/Quartus/System.v Line: 10505
Warning (10036): Verilog HDL or VHDL warning at System.v(2819): object "pushPtr_willOverflow" assigned a value but never read File: C:/Users/marvi/Desktop/fpga_exercises/exercise_12/simple_riscv_example/Quartus/System.v Line: 2819
Warning (10036): Verilog HDL or VHDL warning at System.v(2825): object "popPtr_willOverflow" assigned a value but never read File: C:/Users/marvi/Desktop/fpga_exercises/exercise_12/simple_riscv_example/Quartus/System.v Line: 2825
Info (12128): Elaborating entity "Axi4SharedArbiter_1_" for hierarchy "System:system|VexRISCVSoftcore:core|Axi4SharedArbiter_1_:axi_sdramCtrl_io_axi_arbiter" File: C:/Users/marvi/Desktop/fpga_exercises/exercise_12/simple_riscv_example/Quartus/System.v Line: 12239
Warning (10036): Verilog HDL or VHDL warning at System.v(10719): object "streamFork_4__io_outputs_1_thrown_payload_addr" assigned a value but never read File: C:/Users/marvi/Desktop/fpga_exercises/exercise_12/simple_riscv_example/Quartus/System.v Line: 10719
Warning (10036): Verilog HDL or VHDL warning at System.v(10720): object "streamFork_4__io_outputs_1_thrown_payload_id" assigned a value but never read File: C:/Users/marvi/Desktop/fpga_exercises/exercise_12/simple_riscv_example/Quartus/System.v Line: 10720
Warning (10036): Verilog HDL or VHDL warning at System.v(10721): object "streamFork_4__io_outputs_1_thrown_payload_len" assigned a value but never read File: C:/Users/marvi/Desktop/fpga_exercises/exercise_12/simple_riscv_example/Quartus/System.v Line: 10721
Warning (10036): Verilog HDL or VHDL warning at System.v(10722): object "streamFork_4__io_outputs_1_thrown_payload_size" assigned a value but never read File: C:/Users/marvi/Desktop/fpga_exercises/exercise_12/simple_riscv_example/Quartus/System.v Line: 10722
Warning (10036): Verilog HDL or VHDL warning at System.v(10723): object "streamFork_4__io_outputs_1_thrown_payload_burst" assigned a value but never read File: C:/Users/marvi/Desktop/fpga_exercises/exercise_12/simple_riscv_example/Quartus/System.v Line: 10723
Warning (10036): Verilog HDL or VHDL warning at System.v(10724): object "streamFork_4__io_outputs_1_thrown_payload_write" assigned a value but never read File: C:/Users/marvi/Desktop/fpga_exercises/exercise_12/simple_riscv_example/Quartus/System.v Line: 10724
Warning (10036): Verilog HDL or VHDL warning at System.v(10728): object "writeLogic_routeDataInput_ready" assigned a value but never read File: C:/Users/marvi/Desktop/fpga_exercises/exercise_12/simple_riscv_example/Quartus/System.v Line: 10728
Info (12128): Elaborating entity "StreamArbiter_1_" for hierarchy "System:system|VexRISCVSoftcore:core|Axi4SharedArbiter_1_:axi_sdramCtrl_io_axi_arbiter|StreamArbiter_1_:cmdArbiter" File: C:/Users/marvi/Desktop/fpga_exercises/exercise_12/simple_riscv_example/Quartus/System.v Line: 10770
Info (12128): Elaborating entity "StreamFork_1_" for hierarchy "System:system|VexRISCVSoftcore:core|Axi4SharedArbiter_1_:axi_sdramCtrl_io_axi_arbiter|StreamFork_1_:streamFork_4_" File: C:/Users/marvi/Desktop/fpga_exercises/exercise_12/simple_riscv_example/Quartus/System.v Line: 10798
Info (12128): Elaborating entity "Axi4SharedArbiter_2_" for hierarchy "System:system|VexRISCVSoftcore:core|Axi4SharedArbiter_2_:axi_apbBridge_io_axi_arbiter" File: C:/Users/marvi/Desktop/fpga_exercises/exercise_12/simple_riscv_example/Quartus/System.v Line: 12289
Warning (10036): Verilog HDL or VHDL warning at System.v(10994): object "streamFork_4__io_outputs_1_thrown_payload_addr" assigned a value but never read File: C:/Users/marvi/Desktop/fpga_exercises/exercise_12/simple_riscv_example/Quartus/System.v Line: 10994
Warning (10036): Verilog HDL or VHDL warning at System.v(10995): object "streamFork_4__io_outputs_1_thrown_payload_id" assigned a value but never read File: C:/Users/marvi/Desktop/fpga_exercises/exercise_12/simple_riscv_example/Quartus/System.v Line: 10995
Warning (10036): Verilog HDL or VHDL warning at System.v(10996): object "streamFork_4__io_outputs_1_thrown_payload_len" assigned a value but never read File: C:/Users/marvi/Desktop/fpga_exercises/exercise_12/simple_riscv_example/Quartus/System.v Line: 10996
Warning (10036): Verilog HDL or VHDL warning at System.v(10997): object "streamFork_4__io_outputs_1_thrown_payload_size" assigned a value but never read File: C:/Users/marvi/Desktop/fpga_exercises/exercise_12/simple_riscv_example/Quartus/System.v Line: 10997
Warning (10036): Verilog HDL or VHDL warning at System.v(10998): object "streamFork_4__io_outputs_1_thrown_payload_burst" assigned a value but never read File: C:/Users/marvi/Desktop/fpga_exercises/exercise_12/simple_riscv_example/Quartus/System.v Line: 10998
Warning (10036): Verilog HDL or VHDL warning at System.v(10999): object "streamFork_4__io_outputs_1_thrown_payload_write" assigned a value but never read File: C:/Users/marvi/Desktop/fpga_exercises/exercise_12/simple_riscv_example/Quartus/System.v Line: 10999
Warning (10036): Verilog HDL or VHDL warning at System.v(11003): object "writeLogic_routeDataInput_ready" assigned a value but never read File: C:/Users/marvi/Desktop/fpga_exercises/exercise_12/simple_riscv_example/Quartus/System.v Line: 11003
Info (12128): Elaborating entity "StreamArbiter_2_" for hierarchy "System:system|VexRISCVSoftcore:core|Axi4SharedArbiter_2_:axi_apbBridge_io_axi_arbiter|StreamArbiter_2_:cmdArbiter" File: C:/Users/marvi/Desktop/fpga_exercises/exercise_12/simple_riscv_example/Quartus/System.v Line: 11031
Info (12128): Elaborating entity "StreamFork_2_" for hierarchy "System:system|VexRISCVSoftcore:core|Axi4SharedArbiter_2_:axi_apbBridge_io_axi_arbiter|StreamFork_2_:streamFork_4_" File: C:/Users/marvi/Desktop/fpga_exercises/exercise_12/simple_riscv_example/Quartus/System.v Line: 11059
Info (12128): Elaborating entity "Apb3Decoder" for hierarchy "System:system|VexRISCVSoftcore:core|Apb3Decoder:io_apb_decoder" File: C:/Users/marvi/Desktop/fpga_exercises/exercise_12/simple_riscv_example/Quartus/System.v Line: 12307
Info (12128): Elaborating entity "Apb3Router" for hierarchy "System:system|VexRISCVSoftcore:core|Apb3Router:apb3Router_1_" File: C:/Users/marvi/Desktop/fpga_exercises/exercise_12/simple_riscv_example/Quartus/System.v Line: 12343
Info (12128): Elaborating entity "ApbMultiplexer" for hierarchy "ApbMultiplexer:mux" File: C:/Users/marvi/Desktop/fpga_exercises/exercise_12/simple_riscv_example/Quartus/SimpleRiscExample.sv Line: 138
Warning (10230): Verilog HDL assignment warning at ApbBus.sv(216): truncated value with size 32 to match size of target (1) File: C:/Users/marvi/Desktop/fpga_exercises/exercise_12/simple_riscv_example/Quartus/ApbBus.sv Line: 216
Info (12128): Elaborating entity "ApbWriteRegister" for hierarchy "ApbWriteRegister:writeReg1" File: C:/Users/marvi/Desktop/fpga_exercises/exercise_12/simple_riscv_example/Quartus/SimpleRiscExample.sv Line: 143
Info (12128): Elaborating entity "ApbWriteRegister" for hierarchy "ApbWriteRegister:writeReg2" File: C:/Users/marvi/Desktop/fpga_exercises/exercise_12/simple_riscv_example/Quartus/SimpleRiscExample.sv Line: 147
Info (12128): Elaborating entity "ApbReadRegister" for hierarchy "ApbReadRegister:readReg" File: C:/Users/marvi/Desktop/fpga_exercises/exercise_12/simple_riscv_example/Quartus/SimpleRiscExample.sv Line: 151
Info (12128): Elaborating entity "ApbRam" for hierarchy "ApbRam:ram" File: C:/Users/marvi/Desktop/fpga_exercises/exercise_12/simple_riscv_example/Quartus/SimpleRiscExample.sv Line: 172
Warning (276027): Inferred dual-clock RAM node "System:system|VexRISCVSoftcore:core|Axi4SharedOnChipRam:axi_ram|ram_symbol2_rtl_0" from synchronous design logic.  The read-during-write behavior of a dual-clock RAM is undefined and may not match the behavior of the original design.
Warning (276027): Inferred dual-clock RAM node "System:system|VexRISCVSoftcore:core|Axi4SharedOnChipRam:axi_ram|ram_symbol1_rtl_0" from synchronous design logic.  The read-during-write behavior of a dual-clock RAM is undefined and may not match the behavior of the original design.
Warning (276027): Inferred dual-clock RAM node "System:system|VexRISCVSoftcore:core|Axi4SharedOnChipRam:axi_ram|ram_symbol0_rtl_0" from synchronous design logic.  The read-during-write behavior of a dual-clock RAM is undefined and may not match the behavior of the original design.
Warning (276027): Inferred dual-clock RAM node "System:system|VexRISCVSoftcore:core|Axi4SharedOnChipRam:axi_ram|ram_symbol3_rtl_0" from synchronous design logic.  The read-during-write behavior of a dual-clock RAM is undefined and may not match the behavior of the original design.
Warning (276027): Inferred dual-clock RAM node "ApbRam:ram|ram_rtl_0" from synchronous design logic.  The read-during-write behavior of a dual-clock RAM is undefined and may not match the behavior of the original design.
Info (276014): Found 1 instances of uninferred RAM logic
    Info (276004): RAM logic "System:system|VexRISCVSoftcore:core|Axi4SharedSdramCtrl:axi_sdramCtrl|SdramCtrl:ctrl|StreamFifoLowLatency:chip_backupIn_fifo|ram" is uninferred due to inappropriate RAM size File: C:/Users/marvi/Desktop/fpga_exercises/exercise_12/simple_riscv_example/Quartus/System.v Line: 172
Info (19000): Inferred 5 megafunctions from design logic
    Info (276029): Inferred altsyncram megafunction from the following design logic: "System:system|VexRISCVSoftcore:core|Axi4SharedOnChipRam:axi_ram|ram_symbol2_rtl_0" 
        Info (286033): Parameter OPERATION_MODE set to DUAL_PORT
        Info (286033): Parameter WIDTH_A set to 8
        Info (286033): Parameter WIDTHAD_A set to 16
        Info (286033): Parameter NUMWORDS_A set to 45056
        Info (286033): Parameter WIDTH_B set to 8
        Info (286033): Parameter WIDTHAD_B set to 16
        Info (286033): Parameter NUMWORDS_B set to 45056
        Info (286033): Parameter ADDRESS_ACLR_A set to NONE
        Info (286033): Parameter OUTDATA_REG_B set to UNREGISTERED
        Info (286033): Parameter ADDRESS_ACLR_B set to NONE
        Info (286033): Parameter OUTDATA_ACLR_B set to NONE
        Info (286033): Parameter ADDRESS_REG_B set to CLOCK1
        Info (286033): Parameter INDATA_ACLR_A set to NONE
        Info (286033): Parameter WRCONTROL_ACLR_A set to NONE
    Info (276029): Inferred altsyncram megafunction from the following design logic: "System:system|VexRISCVSoftcore:core|Axi4SharedOnChipRam:axi_ram|ram_symbol1_rtl_0" 
        Info (286033): Parameter OPERATION_MODE set to DUAL_PORT
        Info (286033): Parameter WIDTH_A set to 8
        Info (286033): Parameter WIDTHAD_A set to 16
        Info (286033): Parameter NUMWORDS_A set to 45056
        Info (286033): Parameter WIDTH_B set to 8
        Info (286033): Parameter WIDTHAD_B set to 16
        Info (286033): Parameter NUMWORDS_B set to 45056
        Info (286033): Parameter ADDRESS_ACLR_A set to NONE
        Info (286033): Parameter OUTDATA_REG_B set to UNREGISTERED
        Info (286033): Parameter ADDRESS_ACLR_B set to NONE
        Info (286033): Parameter OUTDATA_ACLR_B set to NONE
        Info (286033): Parameter ADDRESS_REG_B set to CLOCK1
        Info (286033): Parameter INDATA_ACLR_A set to NONE
        Info (286033): Parameter WRCONTROL_ACLR_A set to NONE
    Info (276029): Inferred altsyncram megafunction from the following design logic: "System:system|VexRISCVSoftcore:core|Axi4SharedOnChipRam:axi_ram|ram_symbol0_rtl_0" 
        Info (286033): Parameter OPERATION_MODE set to DUAL_PORT
        Info (286033): Parameter WIDTH_A set to 8
        Info (286033): Parameter WIDTHAD_A set to 16
        Info (286033): Parameter NUMWORDS_A set to 45056
        Info (286033): Parameter WIDTH_B set to 8
        Info (286033): Parameter WIDTHAD_B set to 16
        Info (286033): Parameter NUMWORDS_B set to 45056
        Info (286033): Parameter ADDRESS_ACLR_A set to NONE
        Info (286033): Parameter OUTDATA_REG_B set to UNREGISTERED
        Info (286033): Parameter ADDRESS_ACLR_B set to NONE
        Info (286033): Parameter OUTDATA_ACLR_B set to NONE
        Info (286033): Parameter ADDRESS_REG_B set to CLOCK1
        Info (286033): Parameter INDATA_ACLR_A set to NONE
        Info (286033): Parameter WRCONTROL_ACLR_A set to NONE
    Info (276029): Inferred altsyncram megafunction from the following design logic: "System:system|VexRISCVSoftcore:core|Axi4SharedOnChipRam:axi_ram|ram_symbol3_rtl_0" 
        Info (286033): Parameter OPERATION_MODE set to DUAL_PORT
        Info (286033): Parameter WIDTH_A set to 8
        Info (286033): Parameter WIDTHAD_A set to 16
        Info (286033): Parameter NUMWORDS_A set to 45056
        Info (286033): Parameter WIDTH_B set to 8
        Info (286033): Parameter WIDTHAD_B set to 16
        Info (286033): Parameter NUMWORDS_B set to 45056
        Info (286033): Parameter ADDRESS_ACLR_A set to NONE
        Info (286033): Parameter OUTDATA_REG_B set to UNREGISTERED
        Info (286033): Parameter ADDRESS_ACLR_B set to NONE
        Info (286033): Parameter OUTDATA_ACLR_B set to NONE
        Info (286033): Parameter ADDRESS_REG_B set to CLOCK1
        Info (286033): Parameter INDATA_ACLR_A set to NONE
        Info (286033): Parameter WRCONTROL_ACLR_A set to NONE
    Info (276029): Inferred altsyncram megafunction from the following design logic: "ApbRam:ram|ram_rtl_0" 
        Info (286033): Parameter OPERATION_MODE set to DUAL_PORT
        Info (286033): Parameter WIDTH_A set to 32
        Info (286033): Parameter WIDTHAD_A set to 10
        Info (286033): Parameter NUMWORDS_A set to 1024
        Info (286033): Parameter WIDTH_B set to 32
        Info (286033): Parameter WIDTHAD_B set to 10
        Info (286033): Parameter NUMWORDS_B set to 1024
        Info (286033): Parameter ADDRESS_ACLR_A set to NONE
        Info (286033): Parameter OUTDATA_REG_B set to UNREGISTERED
        Info (286033): Parameter ADDRESS_ACLR_B set to NONE
        Info (286033): Parameter OUTDATA_ACLR_B set to NONE
        Info (286033): Parameter ADDRESS_REG_B set to CLOCK1
        Info (286033): Parameter INDATA_ACLR_A set to NONE
        Info (286033): Parameter WRCONTROL_ACLR_A set to NONE
        Info (286033): Parameter RAM_BLOCK_TYPE set to AUTO
Info (278001): Inferred 4 megafunctions from design logic
    Info (278003): Inferred multiplier megafunction ("lpm_mult") from the following logic: "System:system|VexRISCVSoftcore:core|VexRiscv:axi_cpu|Mult1" File: C:/Users/marvi/Desktop/fpga_exercises/exercise_12/simple_riscv_example/Quartus/System.v Line: 7275
    Info (278003): Inferred multiplier megafunction ("lpm_mult") from the following logic: "System:system|VexRISCVSoftcore:core|VexRiscv:axi_cpu|Mult3" File: C:/Users/marvi/Desktop/fpga_exercises/exercise_12/simple_riscv_example/Quartus/System.v Line: 7285
    Info (278003): Inferred multiplier megafunction ("lpm_mult") from the following logic: "System:system|VexRISCVSoftcore:core|VexRiscv:axi_cpu|Mult0" File: C:/Users/marvi/Desktop/fpga_exercises/exercise_12/simple_riscv_example/Quartus/System.v Line: 7241
    Info (278003): Inferred multiplier megafunction ("lpm_mult") from the following logic: "System:system|VexRISCVSoftcore:core|VexRiscv:axi_cpu|Mult2" File: C:/Users/marvi/Desktop/fpga_exercises/exercise_12/simple_riscv_example/Quartus/System.v Line: 7284
Info (12130): Elaborated megafunction instantiation "System:system|VexRISCVSoftcore:core|Axi4SharedOnChipRam:axi_ram|altsyncram:ram_symbol2_rtl_0"
Info (12133): Instantiated megafunction "System:system|VexRISCVSoftcore:core|Axi4SharedOnChipRam:axi_ram|altsyncram:ram_symbol2_rtl_0" with the following parameter:
    Info (12134): Parameter "OPERATION_MODE" = "DUAL_PORT"
    Info (12134): Parameter "WIDTH_A" = "8"
    Info (12134): Parameter "WIDTHAD_A" = "16"
    Info (12134): Parameter "NUMWORDS_A" = "45056"
    Info (12134): Parameter "WIDTH_B" = "8"
    Info (12134): Parameter "WIDTHAD_B" = "16"
    Info (12134): Parameter "NUMWORDS_B" = "45056"
    Info (12134): Parameter "ADDRESS_ACLR_A" = "NONE"
    Info (12134): Parameter "OUTDATA_REG_B" = "UNREGISTERED"
    Info (12134): Parameter "ADDRESS_ACLR_B" = "NONE"
    Info (12134): Parameter "OUTDATA_ACLR_B" = "NONE"
    Info (12134): Parameter "ADDRESS_REG_B" = "CLOCK1"
    Info (12134): Parameter "INDATA_ACLR_A" = "NONE"
    Info (12134): Parameter "WRCONTROL_ACLR_A" = "NONE"
Info (12021): Found 1 design units, including 1 entities, in source file db/altsyncram_2ed1.tdf
    Info (12023): Found entity 1: altsyncram_2ed1 File: C:/Users/marvi/Desktop/fpga_exercises/exercise_12/simple_riscv_example/Quartus/db/altsyncram_2ed1.tdf Line: 32
Info (12021): Found 1 design units, including 1 entities, in source file db/decode_f7a.tdf
    Info (12023): Found entity 1: decode_f7a File: C:/Users/marvi/Desktop/fpga_exercises/exercise_12/simple_riscv_example/Quartus/db/decode_f7a.tdf Line: 23
Info (12021): Found 1 design units, including 1 entities, in source file db/mux_v1b.tdf
    Info (12023): Found entity 1: mux_v1b File: C:/Users/marvi/Desktop/fpga_exercises/exercise_12/simple_riscv_example/Quartus/db/mux_v1b.tdf Line: 23
Info (12130): Elaborated megafunction instantiation "ApbRam:ram|altsyncram:ram_rtl_0"
Info (12133): Instantiated megafunction "ApbRam:ram|altsyncram:ram_rtl_0" with the following parameter:
    Info (12134): Parameter "OPERATION_MODE" = "DUAL_PORT"
    Info (12134): Parameter "WIDTH_A" = "32"
    Info (12134): Parameter "WIDTHAD_A" = "10"
    Info (12134): Parameter "NUMWORDS_A" = "1024"
    Info (12134): Parameter "WIDTH_B" = "32"
    Info (12134): Parameter "WIDTHAD_B" = "10"
    Info (12134): Parameter "NUMWORDS_B" = "1024"
    Info (12134): Parameter "ADDRESS_ACLR_A" = "NONE"
    Info (12134): Parameter "OUTDATA_REG_B" = "UNREGISTERED"
    Info (12134): Parameter "ADDRESS_ACLR_B" = "NONE"
    Info (12134): Parameter "OUTDATA_ACLR_B" = "NONE"
    Info (12134): Parameter "ADDRESS_REG_B" = "CLOCK1"
    Info (12134): Parameter "INDATA_ACLR_A" = "NONE"
    Info (12134): Parameter "WRCONTROL_ACLR_A" = "NONE"
    Info (12134): Parameter "RAM_BLOCK_TYPE" = "AUTO"
Info (12021): Found 1 design units, including 1 entities, in source file db/altsyncram_rdf1.tdf
    Info (12023): Found entity 1: altsyncram_rdf1 File: C:/Users/marvi/Desktop/fpga_exercises/exercise_12/simple_riscv_example/Quartus/db/altsyncram_rdf1.tdf Line: 28
Info (12130): Elaborated megafunction instantiation "System:system|VexRISCVSoftcore:core|VexRiscv:axi_cpu|lpm_mult:Mult1" File: C:/Users/marvi/Desktop/fpga_exercises/exercise_12/simple_riscv_example/Quartus/System.v Line: 7275
Info (12133): Instantiated megafunction "System:system|VexRISCVSoftcore:core|VexRiscv:axi_cpu|lpm_mult:Mult1" with the following parameter: File: C:/Users/marvi/Desktop/fpga_exercises/exercise_12/simple_riscv_example/Quartus/System.v Line: 7275
    Info (12134): Parameter "LPM_WIDTHA" = "16"
    Info (12134): Parameter "LPM_WIDTHB" = "16"
    Info (12134): Parameter "LPM_WIDTHP" = "32"
    Info (12134): Parameter "LPM_WIDTHR" = "32"
    Info (12134): Parameter "LPM_WIDTHS" = "1"
    Info (12134): Parameter "LPM_REPRESENTATION" = "UNSIGNED"
    Info (12134): Parameter "INPUT_A_IS_CONSTANT" = "NO"
    Info (12134): Parameter "INPUT_B_IS_CONSTANT" = "NO"
    Info (12134): Parameter "MAXIMIZE_SPEED" = "6"
Info (12021): Found 1 design units, including 1 entities, in source file db/mult_tns.tdf
    Info (12023): Found entity 1: mult_tns File: C:/Users/marvi/Desktop/fpga_exercises/exercise_12/simple_riscv_example/Quartus/db/mult_tns.tdf Line: 29
Info (12130): Elaborated megafunction instantiation "System:system|VexRISCVSoftcore:core|VexRiscv:axi_cpu|lpm_mult:Mult3" File: C:/Users/marvi/Desktop/fpga_exercises/exercise_12/simple_riscv_example/Quartus/System.v Line: 7285
Info (12133): Instantiated megafunction "System:system|VexRISCVSoftcore:core|VexRiscv:axi_cpu|lpm_mult:Mult3" with the following parameter: File: C:/Users/marvi/Desktop/fpga_exercises/exercise_12/simple_riscv_example/Quartus/System.v Line: 7285
    Info (12134): Parameter "LPM_WIDTHA" = "17"
    Info (12134): Parameter "LPM_WIDTHB" = "17"
    Info (12134): Parameter "LPM_WIDTHP" = "34"
    Info (12134): Parameter "LPM_WIDTHR" = "34"
    Info (12134): Parameter "LPM_WIDTHS" = "1"
    Info (12134): Parameter "LPM_REPRESENTATION" = "SIGNED"
    Info (12134): Parameter "INPUT_A_IS_CONSTANT" = "NO"
    Info (12134): Parameter "INPUT_B_IS_CONSTANT" = "NO"
    Info (12134): Parameter "MAXIMIZE_SPEED" = "5"
Info (12021): Found 1 design units, including 1 entities, in source file db/mult_tgs.tdf
    Info (12023): Found entity 1: mult_tgs File: C:/Users/marvi/Desktop/fpga_exercises/exercise_12/simple_riscv_example/Quartus/db/mult_tgs.tdf Line: 29
Info (12130): Elaborated megafunction instantiation "System:system|VexRISCVSoftcore:core|VexRiscv:axi_cpu|lpm_mult:Mult0" File: C:/Users/marvi/Desktop/fpga_exercises/exercise_12/simple_riscv_example/Quartus/System.v Line: 7241
Info (12133): Instantiated megafunction "System:system|VexRISCVSoftcore:core|VexRiscv:axi_cpu|lpm_mult:Mult0" with the following parameter: File: C:/Users/marvi/Desktop/fpga_exercises/exercise_12/simple_riscv_example/Quartus/System.v Line: 7241
    Info (12134): Parameter "LPM_WIDTHA" = "17"
    Info (12134): Parameter "LPM_WIDTHB" = "17"
    Info (12134): Parameter "LPM_WIDTHP" = "34"
    Info (12134): Parameter "LPM_WIDTHR" = "34"
    Info (12134): Parameter "LPM_WIDTHS" = "1"
    Info (12134): Parameter "LPM_REPRESENTATION" = "SIGNED"
    Info (12134): Parameter "INPUT_A_IS_CONSTANT" = "NO"
    Info (12134): Parameter "INPUT_B_IS_CONSTANT" = "NO"
    Info (12134): Parameter "MAXIMIZE_SPEED" = "5"
Info (12130): Elaborated megafunction instantiation "System:system|VexRISCVSoftcore:core|VexRiscv:axi_cpu|lpm_mult:Mult2" File: C:/Users/marvi/Desktop/fpga_exercises/exercise_12/simple_riscv_example/Quartus/System.v Line: 7284
Info (12133): Instantiated megafunction "System:system|VexRISCVSoftcore:core|VexRiscv:axi_cpu|lpm_mult:Mult2" with the following parameter: File: C:/Users/marvi/Desktop/fpga_exercises/exercise_12/simple_riscv_example/Quartus/System.v Line: 7284
    Info (12134): Parameter "LPM_WIDTHA" = "17"
    Info (12134): Parameter "LPM_WIDTHB" = "17"
    Info (12134): Parameter "LPM_WIDTHP" = "34"
    Info (12134): Parameter "LPM_WIDTHR" = "34"
    Info (12134): Parameter "LPM_WIDTHS" = "1"
    Info (12134): Parameter "LPM_REPRESENTATION" = "SIGNED"
    Info (12134): Parameter "INPUT_A_IS_CONSTANT" = "NO"
    Info (12134): Parameter "INPUT_B_IS_CONSTANT" = "NO"
    Info (12134): Parameter "MAXIMIZE_SPEED" = "5"
Warning (13039): The following bidirectional pins have no drivers
    Warning (13040): bidirectional pin "ARDUINO_IO[0]" has no driver File: C:/Users/marvi/Desktop/fpga_exercises/exercise_12/simple_riscv_example/Quartus/SimpleRiscExample.sv Line: 13
    Warning (13040): bidirectional pin "ARDUINO_IO[1]" has no driver File: C:/Users/marvi/Desktop/fpga_exercises/exercise_12/simple_riscv_example/Quartus/SimpleRiscExample.sv Line: 13
    Warning (13040): bidirectional pin "ARDUINO_IO[2]" has no driver File: C:/Users/marvi/Desktop/fpga_exercises/exercise_12/simple_riscv_example/Quartus/SimpleRiscExample.sv Line: 13
    Warning (13040): bidirectional pin "ARDUINO_IO[3]" has no driver File: C:/Users/marvi/Desktop/fpga_exercises/exercise_12/simple_riscv_example/Quartus/SimpleRiscExample.sv Line: 13
    Warning (13040): bidirectional pin "ARDUINO_IO[4]" has no driver File: C:/Users/marvi/Desktop/fpga_exercises/exercise_12/simple_riscv_example/Quartus/SimpleRiscExample.sv Line: 13
    Warning (13040): bidirectional pin "ARDUINO_IO[5]" has no driver File: C:/Users/marvi/Desktop/fpga_exercises/exercise_12/simple_riscv_example/Quartus/SimpleRiscExample.sv Line: 13
    Warning (13040): bidirectional pin "ARDUINO_IO[6]" has no driver File: C:/Users/marvi/Desktop/fpga_exercises/exercise_12/simple_riscv_example/Quartus/SimpleRiscExample.sv Line: 13
    Warning (13040): bidirectional pin "ARDUINO_IO[7]" has no driver File: C:/Users/marvi/Desktop/fpga_exercises/exercise_12/simple_riscv_example/Quartus/SimpleRiscExample.sv Line: 13
    Warning (13040): bidirectional pin "ARDUINO_IO[8]" has no driver File: C:/Users/marvi/Desktop/fpga_exercises/exercise_12/simple_riscv_example/Quartus/SimpleRiscExample.sv Line: 13
    Warning (13040): bidirectional pin "ARDUINO_IO[9]" has no driver File: C:/Users/marvi/Desktop/fpga_exercises/exercise_12/simple_riscv_example/Quartus/SimpleRiscExample.sv Line: 13
Info (13000): Registers with preset signals will power-up high File: C:/Users/marvi/Desktop/fpga_exercises/exercise_12/simple_riscv_example/Quartus/System.v Line: 433
Info (13003): DEV_CLRn pin will set, and not reset, register with preset signal due to NOT Gate Push-Back
Warning (13024): Output pins are stuck at VCC or GND
    Warning (13410): Pin "HEX1[0]" is stuck at GND File: C:/Users/marvi/Desktop/fpga_exercises/exercise_12/simple_riscv_example/Quartus/SimpleRiscExample.sv Line: 17
    Warning (13410): Pin "HEX1[1]" is stuck at GND File: C:/Users/marvi/Desktop/fpga_exercises/exercise_12/simple_riscv_example/Quartus/SimpleRiscExample.sv Line: 17
    Warning (13410): Pin "HEX1[2]" is stuck at GND File: C:/Users/marvi/Desktop/fpga_exercises/exercise_12/simple_riscv_example/Quartus/SimpleRiscExample.sv Line: 17
    Warning (13410): Pin "HEX1[3]" is stuck at GND File: C:/Users/marvi/Desktop/fpga_exercises/exercise_12/simple_riscv_example/Quartus/SimpleRiscExample.sv Line: 17
    Warning (13410): Pin "HEX1[4]" is stuck at GND File: C:/Users/marvi/Desktop/fpga_exercises/exercise_12/simple_riscv_example/Quartus/SimpleRiscExample.sv Line: 17
    Warning (13410): Pin "HEX1[5]" is stuck at GND File: C:/Users/marvi/Desktop/fpga_exercises/exercise_12/simple_riscv_example/Quartus/SimpleRiscExample.sv Line: 17
    Warning (13410): Pin "HEX1[6]" is stuck at GND File: C:/Users/marvi/Desktop/fpga_exercises/exercise_12/simple_riscv_example/Quartus/SimpleRiscExample.sv Line: 17
    Warning (13410): Pin "HEX1[7]" is stuck at GND File: C:/Users/marvi/Desktop/fpga_exercises/exercise_12/simple_riscv_example/Quartus/SimpleRiscExample.sv Line: 17
    Warning (13410): Pin "HEX2[0]" is stuck at GND File: C:/Users/marvi/Desktop/fpga_exercises/exercise_12/simple_riscv_example/Quartus/SimpleRiscExample.sv Line: 18
    Warning (13410): Pin "HEX2[1]" is stuck at GND File: C:/Users/marvi/Desktop/fpga_exercises/exercise_12/simple_riscv_example/Quartus/SimpleRiscExample.sv Line: 18
    Warning (13410): Pin "HEX2[2]" is stuck at GND File: C:/Users/marvi/Desktop/fpga_exercises/exercise_12/simple_riscv_example/Quartus/SimpleRiscExample.sv Line: 18
    Warning (13410): Pin "HEX2[3]" is stuck at GND File: C:/Users/marvi/Desktop/fpga_exercises/exercise_12/simple_riscv_example/Quartus/SimpleRiscExample.sv Line: 18
    Warning (13410): Pin "HEX2[4]" is stuck at GND File: C:/Users/marvi/Desktop/fpga_exercises/exercise_12/simple_riscv_example/Quartus/SimpleRiscExample.sv Line: 18
    Warning (13410): Pin "HEX2[5]" is stuck at GND File: C:/Users/marvi/Desktop/fpga_exercises/exercise_12/simple_riscv_example/Quartus/SimpleRiscExample.sv Line: 18
    Warning (13410): Pin "HEX2[6]" is stuck at GND File: C:/Users/marvi/Desktop/fpga_exercises/exercise_12/simple_riscv_example/Quartus/SimpleRiscExample.sv Line: 18
    Warning (13410): Pin "HEX2[7]" is stuck at GND File: C:/Users/marvi/Desktop/fpga_exercises/exercise_12/simple_riscv_example/Quartus/SimpleRiscExample.sv Line: 18
    Warning (13410): Pin "HEX3[0]" is stuck at GND File: C:/Users/marvi/Desktop/fpga_exercises/exercise_12/simple_riscv_example/Quartus/SimpleRiscExample.sv Line: 19
    Warning (13410): Pin "HEX3[1]" is stuck at GND File: C:/Users/marvi/Desktop/fpga_exercises/exercise_12/simple_riscv_example/Quartus/SimpleRiscExample.sv Line: 19
    Warning (13410): Pin "HEX3[2]" is stuck at GND File: C:/Users/marvi/Desktop/fpga_exercises/exercise_12/simple_riscv_example/Quartus/SimpleRiscExample.sv Line: 19
    Warning (13410): Pin "HEX3[3]" is stuck at GND File: C:/Users/marvi/Desktop/fpga_exercises/exercise_12/simple_riscv_example/Quartus/SimpleRiscExample.sv Line: 19
    Warning (13410): Pin "HEX3[4]" is stuck at GND File: C:/Users/marvi/Desktop/fpga_exercises/exercise_12/simple_riscv_example/Quartus/SimpleRiscExample.sv Line: 19
    Warning (13410): Pin "HEX3[5]" is stuck at GND File: C:/Users/marvi/Desktop/fpga_exercises/exercise_12/simple_riscv_example/Quartus/SimpleRiscExample.sv Line: 19
    Warning (13410): Pin "HEX3[6]" is stuck at GND File: C:/Users/marvi/Desktop/fpga_exercises/exercise_12/simple_riscv_example/Quartus/SimpleRiscExample.sv Line: 19
    Warning (13410): Pin "HEX3[7]" is stuck at GND File: C:/Users/marvi/Desktop/fpga_exercises/exercise_12/simple_riscv_example/Quartus/SimpleRiscExample.sv Line: 19
    Warning (13410): Pin "HEX4[0]" is stuck at GND File: C:/Users/marvi/Desktop/fpga_exercises/exercise_12/simple_riscv_example/Quartus/SimpleRiscExample.sv Line: 20
    Warning (13410): Pin "HEX4[1]" is stuck at GND File: C:/Users/marvi/Desktop/fpga_exercises/exercise_12/simple_riscv_example/Quartus/SimpleRiscExample.sv Line: 20
    Warning (13410): Pin "HEX4[2]" is stuck at GND File: C:/Users/marvi/Desktop/fpga_exercises/exercise_12/simple_riscv_example/Quartus/SimpleRiscExample.sv Line: 20
    Warning (13410): Pin "HEX4[3]" is stuck at GND File: C:/Users/marvi/Desktop/fpga_exercises/exercise_12/simple_riscv_example/Quartus/SimpleRiscExample.sv Line: 20
    Warning (13410): Pin "HEX4[4]" is stuck at GND File: C:/Users/marvi/Desktop/fpga_exercises/exercise_12/simple_riscv_example/Quartus/SimpleRiscExample.sv Line: 20
    Warning (13410): Pin "HEX4[5]" is stuck at GND File: C:/Users/marvi/Desktop/fpga_exercises/exercise_12/simple_riscv_example/Quartus/SimpleRiscExample.sv Line: 20
    Warning (13410): Pin "HEX4[6]" is stuck at GND File: C:/Users/marvi/Desktop/fpga_exercises/exercise_12/simple_riscv_example/Quartus/SimpleRiscExample.sv Line: 20
    Warning (13410): Pin "HEX4[7]" is stuck at GND File: C:/Users/marvi/Desktop/fpga_exercises/exercise_12/simple_riscv_example/Quartus/SimpleRiscExample.sv Line: 20
    Warning (13410): Pin "DRAM_CKE" is stuck at VCC File: C:/Users/marvi/Desktop/fpga_exercises/exercise_12/simple_riscv_example/Quartus/SimpleRiscExample.sv Line: 35
    Warning (13410): Pin "DRAM_CS_N" is stuck at GND File: C:/Users/marvi/Desktop/fpga_exercises/exercise_12/simple_riscv_example/Quartus/SimpleRiscExample.sv Line: 37
    Warning (13410): Pin "DRAM_UDQM" is stuck at GND File: C:/Users/marvi/Desktop/fpga_exercises/exercise_12/simple_riscv_example/Quartus/SimpleRiscExample.sv Line: 43
Info (286030): Timing-Driven Synthesis is running
Info (17049): 90 registers lost all their fanouts during netlist optimizations.
Info (17016): Found the following redundant logic cells in design
    Info (17048): Logic cell "System:system|VexRISCVSoftcore:core|VexRiscv:axi_cpu|execute_RS2[0]" File: C:/Users/marvi/Desktop/fpga_exercises/exercise_12/simple_riscv_example/Quartus/System.v Line: 5952
    Info (17048): Logic cell "System:system|VexRISCVSoftcore:core|VexRiscv:axi_cpu|execute_RS2[1]" File: C:/Users/marvi/Desktop/fpga_exercises/exercise_12/simple_riscv_example/Quartus/System.v Line: 5952
    Info (17048): Logic cell "System:system|VexRISCVSoftcore:core|VexRiscv:axi_cpu|execute_RS2[2]" File: C:/Users/marvi/Desktop/fpga_exercises/exercise_12/simple_riscv_example/Quartus/System.v Line: 5952
    Info (17048): Logic cell "System:system|VexRISCVSoftcore:core|VexRiscv:axi_cpu|execute_RS2[3]" File: C:/Users/marvi/Desktop/fpga_exercises/exercise_12/simple_riscv_example/Quartus/System.v Line: 5952
    Info (17048): Logic cell "System:system|VexRISCVSoftcore:core|VexRiscv:axi_cpu|execute_RS2[4]" File: C:/Users/marvi/Desktop/fpga_exercises/exercise_12/simple_riscv_example/Quartus/System.v Line: 5952
    Info (17048): Logic cell "System:system|VexRISCVSoftcore:core|VexRiscv:axi_cpu|execute_RS2[5]" File: C:/Users/marvi/Desktop/fpga_exercises/exercise_12/simple_riscv_example/Quartus/System.v Line: 5952
    Info (17048): Logic cell "System:system|VexRISCVSoftcore:core|VexRiscv:axi_cpu|execute_RS2[6]" File: C:/Users/marvi/Desktop/fpga_exercises/exercise_12/simple_riscv_example/Quartus/System.v Line: 5952
    Info (17048): Logic cell "System:system|VexRISCVSoftcore:core|VexRiscv:axi_cpu|execute_RS2[7]" File: C:/Users/marvi/Desktop/fpga_exercises/exercise_12/simple_riscv_example/Quartus/System.v Line: 5952
    Info (17048): Logic cell "System:system|VexRISCVSoftcore:core|VexRiscv:axi_cpu|execute_RS2[8]" File: C:/Users/marvi/Desktop/fpga_exercises/exercise_12/simple_riscv_example/Quartus/System.v Line: 5952
    Info (17048): Logic cell "System:system|VexRISCVSoftcore:core|VexRiscv:axi_cpu|execute_RS2[9]" File: C:/Users/marvi/Desktop/fpga_exercises/exercise_12/simple_riscv_example/Quartus/System.v Line: 5952
    Info (17048): Logic cell "System:system|VexRISCVSoftcore:core|VexRiscv:axi_cpu|execute_RS2[10]" File: C:/Users/marvi/Desktop/fpga_exercises/exercise_12/simple_riscv_example/Quartus/System.v Line: 5952
    Info (17048): Logic cell "System:system|VexRISCVSoftcore:core|VexRiscv:axi_cpu|execute_RS2[11]" File: C:/Users/marvi/Desktop/fpga_exercises/exercise_12/simple_riscv_example/Quartus/System.v Line: 5952
    Info (17048): Logic cell "System:system|VexRISCVSoftcore:core|VexRiscv:axi_cpu|execute_RS2[16]" File: C:/Users/marvi/Desktop/fpga_exercises/exercise_12/simple_riscv_example/Quartus/System.v Line: 5952
    Info (17048): Logic cell "System:system|VexRISCVSoftcore:core|VexRiscv:axi_cpu|execute_RS1[13]" File: C:/Users/marvi/Desktop/fpga_exercises/exercise_12/simple_riscv_example/Quartus/System.v Line: 5923
    Info (17048): Logic cell "System:system|VexRISCVSoftcore:core|VexRiscv:axi_cpu|execute_RS1[12]" File: C:/Users/marvi/Desktop/fpga_exercises/exercise_12/simple_riscv_example/Quartus/System.v Line: 5923
    Info (17048): Logic cell "System:system|VexRISCVSoftcore:core|VexRiscv:axi_cpu|execute_RS1[11]" File: C:/Users/marvi/Desktop/fpga_exercises/exercise_12/simple_riscv_example/Quartus/System.v Line: 5923
    Info (17048): Logic cell "System:system|VexRISCVSoftcore:core|VexRiscv:axi_cpu|execute_RS1[10]" File: C:/Users/marvi/Desktop/fpga_exercises/exercise_12/simple_riscv_example/Quartus/System.v Line: 5923
    Info (17048): Logic cell "System:system|VexRISCVSoftcore:core|VexRiscv:axi_cpu|execute_RS1[9]" File: C:/Users/marvi/Desktop/fpga_exercises/exercise_12/simple_riscv_example/Quartus/System.v Line: 5923
    Info (17048): Logic cell "System:system|VexRISCVSoftcore:core|VexRiscv:axi_cpu|execute_RS1[8]" File: C:/Users/marvi/Desktop/fpga_exercises/exercise_12/simple_riscv_example/Quartus/System.v Line: 5923
    Info (17048): Logic cell "System:system|VexRISCVSoftcore:core|VexRiscv:axi_cpu|execute_RS1[7]" File: C:/Users/marvi/Desktop/fpga_exercises/exercise_12/simple_riscv_example/Quartus/System.v Line: 5923
    Info (17048): Logic cell "System:system|VexRISCVSoftcore:core|VexRiscv:axi_cpu|execute_RS1[6]" File: C:/Users/marvi/Desktop/fpga_exercises/exercise_12/simple_riscv_example/Quartus/System.v Line: 5923
    Info (17048): Logic cell "System:system|VexRISCVSoftcore:core|VexRiscv:axi_cpu|execute_RS1[5]" File: C:/Users/marvi/Desktop/fpga_exercises/exercise_12/simple_riscv_example/Quartus/System.v Line: 5923
    Info (17048): Logic cell "System:system|VexRISCVSoftcore:core|VexRiscv:axi_cpu|execute_RS1[4]" File: C:/Users/marvi/Desktop/fpga_exercises/exercise_12/simple_riscv_example/Quartus/System.v Line: 5923
    Info (17048): Logic cell "System:system|VexRISCVSoftcore:core|VexRiscv:axi_cpu|execute_RS1[3]" File: C:/Users/marvi/Desktop/fpga_exercises/exercise_12/simple_riscv_example/Quartus/System.v Line: 5923
    Info (17048): Logic cell "System:system|VexRISCVSoftcore:core|VexRiscv:axi_cpu|execute_RS1[2]" File: C:/Users/marvi/Desktop/fpga_exercises/exercise_12/simple_riscv_example/Quartus/System.v Line: 5923
    Info (17048): Logic cell "System:system|VexRISCVSoftcore:core|VexRiscv:axi_cpu|execute_RS1[1]" File: C:/Users/marvi/Desktop/fpga_exercises/exercise_12/simple_riscv_example/Quartus/System.v Line: 5923
    Info (17048): Logic cell "System:system|VexRISCVSoftcore:core|VexRiscv:axi_cpu|execute_RS1[0]" File: C:/Users/marvi/Desktop/fpga_exercises/exercise_12/simple_riscv_example/Quartus/System.v Line: 5923
    Info (17048): Logic cell "System:system|VexRISCVSoftcore:core|VexRiscv:axi_cpu|execute_RS1[14]" File: C:/Users/marvi/Desktop/fpga_exercises/exercise_12/simple_riscv_example/Quartus/System.v Line: 5923
    Info (17048): Logic cell "System:system|VexRISCVSoftcore:core|VexRiscv:axi_cpu|execute_RS1[16]" File: C:/Users/marvi/Desktop/fpga_exercises/exercise_12/simple_riscv_example/Quartus/System.v Line: 5923
    Info (17048): Logic cell "System:system|VexRISCVSoftcore:core|VexRiscv:axi_cpu|execute_RS1[15]" File: C:/Users/marvi/Desktop/fpga_exercises/exercise_12/simple_riscv_example/Quartus/System.v Line: 5923
    Info (17048): Logic cell "System:system|VexRISCVSoftcore:core|VexRiscv:axi_cpu|execute_RS1[18]" File: C:/Users/marvi/Desktop/fpga_exercises/exercise_12/simple_riscv_example/Quartus/System.v Line: 5923
    Info (17048): Logic cell "System:system|VexRISCVSoftcore:core|VexRiscv:axi_cpu|execute_RS1[17]" File: C:/Users/marvi/Desktop/fpga_exercises/exercise_12/simple_riscv_example/Quartus/System.v Line: 5923
    Info (17048): Logic cell "System:system|VexRISCVSoftcore:core|VexRiscv:axi_cpu|execute_RS1[20]" File: C:/Users/marvi/Desktop/fpga_exercises/exercise_12/simple_riscv_example/Quartus/System.v Line: 5923
    Info (17048): Logic cell "System:system|VexRISCVSoftcore:core|VexRiscv:axi_cpu|execute_RS1[19]" File: C:/Users/marvi/Desktop/fpga_exercises/exercise_12/simple_riscv_example/Quartus/System.v Line: 5923
    Info (17048): Logic cell "System:system|VexRISCVSoftcore:core|VexRiscv:axi_cpu|execute_RS1[22]" File: C:/Users/marvi/Desktop/fpga_exercises/exercise_12/simple_riscv_example/Quartus/System.v Line: 5923
    Info (17048): Logic cell "System:system|VexRISCVSoftcore:core|VexRiscv:axi_cpu|execute_RS1[21]" File: C:/Users/marvi/Desktop/fpga_exercises/exercise_12/simple_riscv_example/Quartus/System.v Line: 5923
    Info (17048): Logic cell "System:system|VexRISCVSoftcore:core|VexRiscv:axi_cpu|execute_RS1[24]" File: C:/Users/marvi/Desktop/fpga_exercises/exercise_12/simple_riscv_example/Quartus/System.v Line: 5923
    Info (17048): Logic cell "System:system|VexRISCVSoftcore:core|VexRiscv:axi_cpu|execute_RS1[23]" File: C:/Users/marvi/Desktop/fpga_exercises/exercise_12/simple_riscv_example/Quartus/System.v Line: 5923
    Info (17048): Logic cell "System:system|VexRISCVSoftcore:core|VexRiscv:axi_cpu|execute_RS1[25]" File: C:/Users/marvi/Desktop/fpga_exercises/exercise_12/simple_riscv_example/Quartus/System.v Line: 5923
    Info (17048): Logic cell "System:system|VexRISCVSoftcore:core|VexRiscv:axi_cpu|execute_RS1[26]" File: C:/Users/marvi/Desktop/fpga_exercises/exercise_12/simple_riscv_example/Quartus/System.v Line: 5923
    Info (17048): Logic cell "System:system|VexRISCVSoftcore:core|VexRiscv:axi_cpu|execute_RS1[27]" File: C:/Users/marvi/Desktop/fpga_exercises/exercise_12/simple_riscv_example/Quartus/System.v Line: 5923
    Info (17048): Logic cell "System:system|VexRISCVSoftcore:core|VexRiscv:axi_cpu|execute_RS1[28]" File: C:/Users/marvi/Desktop/fpga_exercises/exercise_12/simple_riscv_example/Quartus/System.v Line: 5923
    Info (17048): Logic cell "System:system|VexRISCVSoftcore:core|VexRiscv:axi_cpu|execute_RS1[29]" File: C:/Users/marvi/Desktop/fpga_exercises/exercise_12/simple_riscv_example/Quartus/System.v Line: 5923
    Info (17048): Logic cell "System:system|VexRISCVSoftcore:core|VexRiscv:axi_cpu|execute_RS1[31]" File: C:/Users/marvi/Desktop/fpga_exercises/exercise_12/simple_riscv_example/Quartus/System.v Line: 5923
    Info (17048): Logic cell "System:system|VexRISCVSoftcore:core|VexRiscv:axi_cpu|execute_RS1[30]" File: C:/Users/marvi/Desktop/fpga_exercises/exercise_12/simple_riscv_example/Quartus/System.v Line: 5923
    Info (17048): Logic cell "System:system|VexRISCVSoftcore:core|VexRiscv:axi_cpu|execute_RS2[17]" File: C:/Users/marvi/Desktop/fpga_exercises/exercise_12/simple_riscv_example/Quartus/System.v Line: 5952
    Info (17048): Logic cell "System:system|VexRISCVSoftcore:core|VexRiscv:axi_cpu|execute_RS2[18]" File: C:/Users/marvi/Desktop/fpga_exercises/exercise_12/simple_riscv_example/Quartus/System.v Line: 5952
    Info (17048): Logic cell "System:system|VexRISCVSoftcore:core|VexRiscv:axi_cpu|execute_RS2[19]" File: C:/Users/marvi/Desktop/fpga_exercises/exercise_12/simple_riscv_example/Quartus/System.v Line: 5952
    Info (17048): Logic cell "System:system|VexRISCVSoftcore:core|VexRiscv:axi_cpu|execute_RS2[12]" File: C:/Users/marvi/Desktop/fpga_exercises/exercise_12/simple_riscv_example/Quartus/System.v Line: 5952
    Info (17048): Logic cell "System:system|VexRISCVSoftcore:core|VexRiscv:axi_cpu|execute_RS2[13]" File: C:/Users/marvi/Desktop/fpga_exercises/exercise_12/simple_riscv_example/Quartus/System.v Line: 5952
    Info (17048): Logic cell "System:system|VexRISCVSoftcore:core|VexRiscv:axi_cpu|execute_RS2[14]" File: C:/Users/marvi/Desktop/fpga_exercises/exercise_12/simple_riscv_example/Quartus/System.v Line: 5952
    Info (17048): Logic cell "System:system|VexRISCVSoftcore:core|VexRiscv:axi_cpu|execute_RS2[15]" File: C:/Users/marvi/Desktop/fpga_exercises/exercise_12/simple_riscv_example/Quartus/System.v Line: 5952
    Info (17048): Logic cell "System:system|VexRISCVSoftcore:core|VexRiscv:axi_cpu|execute_RS2[20]" File: C:/Users/marvi/Desktop/fpga_exercises/exercise_12/simple_riscv_example/Quartus/System.v Line: 5952
    Info (17048): Logic cell "System:system|VexRISCVSoftcore:core|VexRiscv:axi_cpu|execute_RS2[21]" File: C:/Users/marvi/Desktop/fpga_exercises/exercise_12/simple_riscv_example/Quartus/System.v Line: 5952
    Info (17048): Logic cell "System:system|VexRISCVSoftcore:core|VexRiscv:axi_cpu|execute_RS2[22]" File: C:/Users/marvi/Desktop/fpga_exercises/exercise_12/simple_riscv_example/Quartus/System.v Line: 5952
    Info (17048): Logic cell "System:system|VexRISCVSoftcore:core|VexRiscv:axi_cpu|execute_RS2[23]" File: C:/Users/marvi/Desktop/fpga_exercises/exercise_12/simple_riscv_example/Quartus/System.v Line: 5952
    Info (17048): Logic cell "System:system|VexRISCVSoftcore:core|VexRiscv:axi_cpu|execute_RS2[24]" File: C:/Users/marvi/Desktop/fpga_exercises/exercise_12/simple_riscv_example/Quartus/System.v Line: 5952
    Info (17048): Logic cell "System:system|VexRISCVSoftcore:core|VexRiscv:axi_cpu|execute_RS2[25]" File: C:/Users/marvi/Desktop/fpga_exercises/exercise_12/simple_riscv_example/Quartus/System.v Line: 5952
    Info (17048): Logic cell "System:system|VexRISCVSoftcore:core|VexRiscv:axi_cpu|execute_RS2[26]" File: C:/Users/marvi/Desktop/fpga_exercises/exercise_12/simple_riscv_example/Quartus/System.v Line: 5952
    Info (17048): Logic cell "System:system|VexRISCVSoftcore:core|VexRiscv:axi_cpu|execute_RS2[27]" File: C:/Users/marvi/Desktop/fpga_exercises/exercise_12/simple_riscv_example/Quartus/System.v Line: 5952
    Info (17048): Logic cell "System:system|VexRISCVSoftcore:core|VexRiscv:axi_cpu|execute_RS2[28]" File: C:/Users/marvi/Desktop/fpga_exercises/exercise_12/simple_riscv_example/Quartus/System.v Line: 5952
    Info (17048): Logic cell "System:system|VexRISCVSoftcore:core|VexRiscv:axi_cpu|execute_RS2[29]" File: C:/Users/marvi/Desktop/fpga_exercises/exercise_12/simple_riscv_example/Quartus/System.v Line: 5952
    Info (17048): Logic cell "System:system|VexRISCVSoftcore:core|VexRiscv:axi_cpu|execute_RS2[30]" File: C:/Users/marvi/Desktop/fpga_exercises/exercise_12/simple_riscv_example/Quartus/System.v Line: 5952
    Info (17048): Logic cell "System:system|VexRISCVSoftcore:core|VexRiscv:axi_cpu|execute_RS2[31]" File: C:/Users/marvi/Desktop/fpga_exercises/exercise_12/simple_riscv_example/Quartus/System.v Line: 5952
Info (144001): Generated suppressed messages file C:/Users/marvi/Desktop/fpga_exercises/exercise_12/simple_riscv_example/Quartus/output_files/SimpleRiscExample.map.smsg
Info (16010): Generating hard_block partition "hard_block:auto_generated_inst"
    Info (16011): Adding 1 node(s), including 0 DDIO, 1 PLL, 0 transceiver and 0 LCELL
Warning (21074): Design contains 1 input pin(s) that do not drive logic
    Warning (15610): No output dependent on input pin "KEY[1]" File: C:/Users/marvi/Desktop/fpga_exercises/exercise_12/simple_riscv_example/Quartus/SimpleRiscExample.sv Line: 12
Info (21057): Implemented 7993 device resources after synthesis - the final resource count might be different
    Info (21058): Implemented 17 input pins
    Info (21059): Implemented 75 output pins
    Info (21060): Implemented 26 bidirectional pins
    Info (21061): Implemented 7642 logic cells
    Info (21064): Implemented 224 RAM segments
    Info (21065): Implemented 1 PLLs
    Info (21062): Implemented 8 DSP elements
Info: Quartus Prime Analysis & Synthesis was successful. 0 errors, 256 warnings
    Info: Peak virtual memory: 5221 megabytes
    Info: Processing ended: Sun May 17 09:02:17 2026
    Info: Elapsed time: 00:00:13
    Info: Total CPU time (on all processors): 00:00:18


+------------------------------------------+
; Analysis & Synthesis Suppressed Messages ;
+------------------------------------------+
The suppressed messages can be found in C:/Users/marvi/Desktop/fpga_exercises/exercise_12/simple_riscv_example/Quartus/output_files/SimpleRiscExample.map.smsg.


