Timing Analyzer report for SimpleRiscExample
Sun May 17 09:02:55 2026
Quartus Prime Version 25.1std.0 Build 1129 10/21/2025 Patches 0.36 SC Lite Edition


---------------------
; Table of Contents ;
---------------------
  1. Legal Notice
  2. Timing Analyzer Summary
  3. Parallel Compilation
  4. SDC File List
  5. Clocks
  6. Slow 1200mV 85C Model Fmax Summary
  7. Slow 1200mV 85C Model Setup Summary
  8. Slow 1200mV 85C Model Hold Summary
  9. Slow 1200mV 85C Model Recovery Summary
 10. Slow 1200mV 85C Model Removal Summary
 11. Slow 1200mV 85C Model Minimum Pulse Width Summary
 12. Slow 1200mV 85C Model Metastability Summary
 13. Slow 1200mV 0C Model Fmax Summary
 14. Slow 1200mV 0C Model Setup Summary
 15. Slow 1200mV 0C Model Hold Summary
 16. Slow 1200mV 0C Model Recovery Summary
 17. Slow 1200mV 0C Model Removal Summary
 18. Slow 1200mV 0C Model Minimum Pulse Width Summary
 19. Slow 1200mV 0C Model Metastability Summary
 20. Fast 1200mV 0C Model Setup Summary
 21. Fast 1200mV 0C Model Hold Summary
 22. Fast 1200mV 0C Model Recovery Summary
 23. Fast 1200mV 0C Model Removal Summary
 24. Fast 1200mV 0C Model Minimum Pulse Width Summary
 25. Fast 1200mV 0C Model Metastability Summary
 26. Multicorner Timing Analysis Summary
 27. Board Trace Model Assignments
 28. Input Transition Times
 29. Signal Integrity Metrics (Slow 1200mv 0c Model)
 30. Signal Integrity Metrics (Slow 1200mv 85c Model)
 31. Signal Integrity Metrics (Fast 1200mv 0c Model)
 32. Setup Transfers
 33. Hold Transfers
 34. Recovery Transfers
 35. Removal Transfers
 36. Report TCCS
 37. Report RSKM
 38. Unconstrained Paths Summary
 39. Clock Status Summary
 40. Unconstrained Input Ports
 41. Unconstrained Output Ports
 42. Unconstrained Input Ports
 43. Unconstrained Output Ports
 44. Timing Analyzer Messages



----------------
; Legal Notice ;
----------------
Copyright (C) 2025  Altera Corporation. All rights reserved.
Your use of Altera Corporation's design tools, logic functions 
and other software and tools, and any partner logic 
functions, and any output files from any of the foregoing 
(including device programming or simulation files), and any 
associated documentation or information are expressly subject 
to the terms and conditions of the Altera Program License 
Subscription Agreement, the Altera Quartus Prime License Agreement,
the Altera IP License Agreement, or other applicable license
agreement, including, without limitation, that your use is for
the sole purpose of programming logic devices manufactured by
Altera and sold by Altera or its authorized distributors.  Please
refer to the Altera Software License Subscription Agreements 
on the Quartus Prime software download page.



+----------------------------------------------------------------------------------------------+
; Timing Analyzer Summary                                                                      ;
+-----------------------+----------------------------------------------------------------------+
; Quartus Prime Version ; Version 25.1std.0 Build 1129 10/21/2025 Patches 0.36 SC Lite Edition ;
; Timing Analyzer       ; Legacy Timing Analyzer                                               ;
; Revision Name         ; SimpleRiscExample                                                    ;
; Device Family         ; MAX 10                                                               ;
; Device Name           ; 10M50DAF484C6GES                                                     ;
; Timing Models         ; Preliminary                                                          ;
; Delay Model           ; Combined                                                             ;
; Rise/Fall Delays      ; Enabled                                                              ;
+-----------------------+----------------------------------------------------------------------+


+------------------------------------------+
; Parallel Compilation                     ;
+----------------------------+-------------+
; Processors                 ; Number      ;
+----------------------------+-------------+
; Number detected on machine ; 16          ;
; Maximum allowed            ; 16          ;
;                            ;             ;
; Average used               ; 3.14        ;
; Maximum used               ; 16          ;
;                            ;             ;
; Usage by Processor         ; % Time Used ;
;     Processor 1            ; 100.0%      ;
;     Processor 2            ;  16.6%      ;
;     Processor 3            ;  14.6%      ;
;     Processor 4            ;  14.1%      ;
;     Processors 5-16        ;  14.0%      ;
+----------------------------+-------------+


+---------------------------------------------------+
; SDC File List                                     ;
+---------------+--------+--------------------------+
; SDC File Path ; Status ; Read at                  ;
+---------------+--------+--------------------------+
; Timing.sdc    ; OK     ; Sun May 17 09:02:52 2026 ;
+---------------+--------+--------------------------+


+--------------------------------------------------------------------------------------------------------------------------------------------------------------------------------------------------------------------------------------------------------------------------------------------------------------------------------------------------------+
; Clocks                                                                                                                                                                                                                                                                                                                                                 ;
+-----------------------------------------------------------+-----------+--------+-----------+--------+--------+------------+-----------+-------------+-------+--------+-----------+------------+----------+---------------+-------------------------------------------------------------+---------------------------------------------------------------+
; Clock Name                                                ; Type      ; Period ; Frequency ; Rise   ; Fall   ; Duty Cycle ; Divide by ; Multiply by ; Phase ; Offset ; Edge List ; Edge Shift ; Inverted ; Master        ; Source                                                      ; Targets                                                       ;
+-----------------------------------------------------------+-----------+--------+-----------+--------+--------+------------+-----------+-------------+-------+--------+-----------+------------+----------+---------------+-------------------------------------------------------------+---------------------------------------------------------------+
; MAX10_CLK1_50                                             ; Base      ; 20.000 ; 50.0 MHz  ; 0.000  ; 10.000 ;            ;           ;             ;       ;        ;           ;            ;          ;               ;                                                             ; { MAX10_CLK1_50 }                                             ;
; system|pll_1_|altpll_component|auto_generated|pll1|clk[0] ; Generated ; 20.000 ; 50.0 MHz  ; 15.000 ; 25.000 ; 50.00      ; 1         ; 1           ; -90.0 ;        ;           ;            ; false    ; MAX10_CLK1_50 ; system|pll_1_|altpll_component|auto_generated|pll1|inclk[0] ; { system|pll_1_|altpll_component|auto_generated|pll1|clk[0] } ;
; system|pll_1_|altpll_component|auto_generated|pll1|clk[1] ; Generated ; 20.000 ; 50.0 MHz  ; 0.000  ; 10.000 ; 50.00      ; 1         ; 1           ;       ;        ;           ;            ; false    ; MAX10_CLK1_50 ; system|pll_1_|altpll_component|auto_generated|pll1|inclk[0] ; { system|pll_1_|altpll_component|auto_generated|pll1|clk[1] } ;
; TCK                                                       ; Base      ; 20.000 ; 50.0 MHz  ; 0.000  ; 10.000 ;            ;           ;             ;       ;        ;           ;            ;          ;               ;                                                             ; { TCK }                                                       ;
+-----------------------------------------------------------+-----------+--------+-----------+--------+--------+------------+-----------+-------------+-------+--------+-----------+------------+----------+---------------+-------------------------------------------------------------+---------------------------------------------------------------+


+-------------------------------------------------------------------------------------------------+
; Slow 1200mV 85C Model Fmax Summary                                                              ;
+------------+-----------------+-----------------------------------------------------------+------+
; Fmax       ; Restricted Fmax ; Clock Name                                                ; Note ;
+------------+-----------------+-----------------------------------------------------------+------+
; 56.71 MHz  ; 56.71 MHz       ; system|pll_1_|altpll_component|auto_generated|pll1|clk[1] ;      ;
; 130.68 MHz ; 130.68 MHz      ; TCK                                                       ;      ;
+------------+-----------------+-----------------------------------------------------------+------+
This panel reports FMAX for every clock in the design, regardless of the user-specified clock periods.  FMAX is only computed for paths where the source and destination registers or ports are driven by the same clock.  Paths of different clocks, including generated clocks, are ignored.  For paths between a clock and its inversion, FMAX is computed as if the rising and falling edges are scaled along with FMAX, such that the duty cycle (in terms of a percentage) is maintained. Altera recommends that you always use clock constraints and other slack reports for sign-off analysis.


+-----------------------------------------------------------------------------------+
; Slow 1200mV 85C Model Setup Summary                                               ;
+-----------------------------------------------------------+-------+---------------+
; Clock                                                     ; Slack ; End Point TNS ;
+-----------------------------------------------------------+-------+---------------+
; system|pll_1_|altpll_component|auto_generated|pll1|clk[1] ; 2.367 ; 0.000         ;
; TCK                                                       ; 8.359 ; 0.000         ;
+-----------------------------------------------------------+-------+---------------+


+-----------------------------------------------------------------------------------+
; Slow 1200mV 85C Model Hold Summary                                                ;
+-----------------------------------------------------------+-------+---------------+
; Clock                                                     ; Slack ; End Point TNS ;
+-----------------------------------------------------------+-------+---------------+
; TCK                                                       ; 0.359 ; 0.000         ;
; system|pll_1_|altpll_component|auto_generated|pll1|clk[1] ; 0.419 ; 0.000         ;
+-----------------------------------------------------------+-------+---------------+


+------------------------------------------------------------------------------------+
; Slow 1200mV 85C Model Recovery Summary                                             ;
+-----------------------------------------------------------+--------+---------------+
; Clock                                                     ; Slack  ; End Point TNS ;
+-----------------------------------------------------------+--------+---------------+
; system|pll_1_|altpll_component|auto_generated|pll1|clk[1] ; 14.960 ; 0.000         ;
+-----------------------------------------------------------+--------+---------------+


+-----------------------------------------------------------------------------------+
; Slow 1200mV 85C Model Removal Summary                                             ;
+-----------------------------------------------------------+-------+---------------+
; Clock                                                     ; Slack ; End Point TNS ;
+-----------------------------------------------------------+-------+---------------+
; system|pll_1_|altpll_component|auto_generated|pll1|clk[1] ; 3.536 ; 0.000         ;
+-----------------------------------------------------------+-------+---------------+


+-----------------------------------------------------------------------------------+
; Slow 1200mV 85C Model Minimum Pulse Width Summary                                 ;
+-----------------------------------------------------------+-------+---------------+
; Clock                                                     ; Slack ; End Point TNS ;
+-----------------------------------------------------------+-------+---------------+
; TCK                                                       ; 9.540 ; 0.000         ;
; system|pll_1_|altpll_component|auto_generated|pll1|clk[1] ; 9.624 ; 0.000         ;
; MAX10_CLK1_50                                             ; 9.835 ; 0.000         ;
+-----------------------------------------------------------+-------+---------------+


-----------------------------------------------
; Slow 1200mV 85C Model Metastability Summary ;
-----------------------------------------------
The design MTBF is not calculated because there are no specified synchronizers in the design.
Number of Synchronizer Chains Found: 4
Shortest Synchronizer Chain: 2 Registers
Fraction of Chains for which MTBFs Could Not be Calculated: 1.000
Worst Case Available Settling Time: 35.001 ns




+-------------------------------------------------------------------------------------------------+
; Slow 1200mV 0C Model Fmax Summary                                                               ;
+------------+-----------------+-----------------------------------------------------------+------+
; Fmax       ; Restricted Fmax ; Clock Name                                                ; Note ;
+------------+-----------------+-----------------------------------------------------------+------+
; 62.3 MHz   ; 62.3 MHz        ; system|pll_1_|altpll_component|auto_generated|pll1|clk[1] ;      ;
; 145.79 MHz ; 145.79 MHz      ; TCK                                                       ;      ;
+------------+-----------------+-----------------------------------------------------------+------+
This panel reports FMAX for every clock in the design, regardless of the user-specified clock periods.  FMAX is only computed for paths where the source and destination registers or ports are driven by the same clock.  Paths of different clocks, including generated clocks, are ignored.  For paths between a clock and its inversion, FMAX is computed as if the rising and falling edges are scaled along with FMAX, such that the duty cycle (in terms of a percentage) is maintained. Altera recommends that you always use clock constraints and other slack reports for sign-off analysis.


+-----------------------------------------------------------------------------------+
; Slow 1200mV 0C Model Setup Summary                                                ;
+-----------------------------------------------------------+-------+---------------+
; Clock                                                     ; Slack ; End Point TNS ;
+-----------------------------------------------------------+-------+---------------+
; system|pll_1_|altpll_component|auto_generated|pll1|clk[1] ; 3.949 ; 0.000         ;
; TCK                                                       ; 8.455 ; 0.000         ;
+-----------------------------------------------------------+-------+---------------+


+-----------------------------------------------------------------------------------+
; Slow 1200mV 0C Model Hold Summary                                                 ;
+-----------------------------------------------------------+-------+---------------+
; Clock                                                     ; Slack ; End Point TNS ;
+-----------------------------------------------------------+-------+---------------+
; TCK                                                       ; 0.325 ; 0.000         ;
; system|pll_1_|altpll_component|auto_generated|pll1|clk[1] ; 0.346 ; 0.000         ;
+-----------------------------------------------------------+-------+---------------+


+------------------------------------------------------------------------------------+
; Slow 1200mV 0C Model Recovery Summary                                              ;
+-----------------------------------------------------------+--------+---------------+
; Clock                                                     ; Slack  ; End Point TNS ;
+-----------------------------------------------------------+--------+---------------+
; system|pll_1_|altpll_component|auto_generated|pll1|clk[1] ; 15.409 ; 0.000         ;
+-----------------------------------------------------------+--------+---------------+


+-----------------------------------------------------------------------------------+
; Slow 1200mV 0C Model Removal Summary                                              ;
+-----------------------------------------------------------+-------+---------------+
; Clock                                                     ; Slack ; End Point TNS ;
+-----------------------------------------------------------+-------+---------------+
; system|pll_1_|altpll_component|auto_generated|pll1|clk[1] ; 3.242 ; 0.000         ;
+-----------------------------------------------------------+-------+---------------+


+-----------------------------------------------------------------------------------+
; Slow 1200mV 0C Model Minimum Pulse Width Summary                                  ;
+-----------------------------------------------------------+-------+---------------+
; Clock                                                     ; Slack ; End Point TNS ;
+-----------------------------------------------------------+-------+---------------+
; TCK                                                       ; 9.620 ; 0.000         ;
; system|pll_1_|altpll_component|auto_generated|pll1|clk[1] ; 9.639 ; 0.000         ;
; MAX10_CLK1_50                                             ; 9.856 ; 0.000         ;
+-----------------------------------------------------------+-------+---------------+


----------------------------------------------
; Slow 1200mV 0C Model Metastability Summary ;
----------------------------------------------
The design MTBF is not calculated because there are no specified synchronizers in the design.
Number of Synchronizer Chains Found: 4
Shortest Synchronizer Chain: 2 Registers
Fraction of Chains for which MTBFs Could Not be Calculated: 1.000
Worst Case Available Settling Time: 35.473 ns




+------------------------------------------------------------------------------------+
; Fast 1200mV 0C Model Setup Summary                                                 ;
+-----------------------------------------------------------+--------+---------------+
; Clock                                                     ; Slack  ; End Point TNS ;
+-----------------------------------------------------------+--------+---------------+
; TCK                                                       ; 9.546  ; 0.000         ;
; system|pll_1_|altpll_component|auto_generated|pll1|clk[1] ; 11.253 ; 0.000         ;
+-----------------------------------------------------------+--------+---------------+


+-----------------------------------------------------------------------------------+
; Fast 1200mV 0C Model Hold Summary                                                 ;
+-----------------------------------------------------------+-------+---------------+
; Clock                                                     ; Slack ; End Point TNS ;
+-----------------------------------------------------------+-------+---------------+
; TCK                                                       ; 0.166 ; 0.000         ;
; system|pll_1_|altpll_component|auto_generated|pll1|clk[1] ; 0.207 ; 0.000         ;
+-----------------------------------------------------------+-------+---------------+


+------------------------------------------------------------------------------------+
; Fast 1200mV 0C Model Recovery Summary                                              ;
+-----------------------------------------------------------+--------+---------------+
; Clock                                                     ; Slack  ; End Point TNS ;
+-----------------------------------------------------------+--------+---------------+
; system|pll_1_|altpll_component|auto_generated|pll1|clk[1] ; 17.356 ; 0.000         ;
+-----------------------------------------------------------+--------+---------------+


+-----------------------------------------------------------------------------------+
; Fast 1200mV 0C Model Removal Summary                                              ;
+-----------------------------------------------------------+-------+---------------+
; Clock                                                     ; Slack ; End Point TNS ;
+-----------------------------------------------------------+-------+---------------+
; system|pll_1_|altpll_component|auto_generated|pll1|clk[1] ; 1.735 ; 0.000         ;
+-----------------------------------------------------------+-------+---------------+


+-----------------------------------------------------------------------------------+
; Fast 1200mV 0C Model Minimum Pulse Width Summary                                  ;
+-----------------------------------------------------------+-------+---------------+
; Clock                                                     ; Slack ; End Point TNS ;
+-----------------------------------------------------------+-------+---------------+
; TCK                                                       ; 9.311 ; 0.000         ;
; MAX10_CLK1_50                                             ; 9.666 ; 0.000         ;
; system|pll_1_|altpll_component|auto_generated|pll1|clk[1] ; 9.710 ; 0.000         ;
+-----------------------------------------------------------+-------+---------------+


----------------------------------------------
; Fast 1200mV 0C Model Metastability Summary ;
----------------------------------------------
The design MTBF is not calculated because there are no specified synchronizers in the design.
Number of Synchronizer Chains Found: 4
Shortest Synchronizer Chain: 2 Registers
Fraction of Chains for which MTBFs Could Not be Calculated: 1.000
Worst Case Available Settling Time: 37.473 ns




+-----------------------------------------------------------------------------------------------------------------------+
; Multicorner Timing Analysis Summary                                                                                   ;
+------------------------------------------------------------+-------+-------+----------+---------+---------------------+
; Clock                                                      ; Setup ; Hold  ; Recovery ; Removal ; Minimum Pulse Width ;
+------------------------------------------------------------+-------+-------+----------+---------+---------------------+
; Worst-case Slack                                           ; 2.367 ; 0.166 ; 14.960   ; 1.735   ; 9.311               ;
;  MAX10_CLK1_50                                             ; N/A   ; N/A   ; N/A      ; N/A     ; 9.666               ;
;  TCK                                                       ; 8.359 ; 0.166 ; N/A      ; N/A     ; 9.311               ;
;  system|pll_1_|altpll_component|auto_generated|pll1|clk[1] ; 2.367 ; 0.207 ; 14.960   ; 1.735   ; 9.624               ;
; Design-wide TNS                                            ; 0.0   ; 0.0   ; 0.0      ; 0.0     ; 0.0                 ;
;  MAX10_CLK1_50                                             ; N/A   ; N/A   ; N/A      ; N/A     ; 0.000               ;
;  TCK                                                       ; 0.000 ; 0.000 ; N/A      ; N/A     ; 0.000               ;
;  system|pll_1_|altpll_component|auto_generated|pll1|clk[1] ; 0.000 ; 0.000 ; 0.000    ; 0.000   ; 0.000               ;
+------------------------------------------------------------+-------+-------+----------+---------+---------------------+


+------------------------------------------------------------------------------------------------------------------------------------------------------------------------------------------------------------------------------------------------------------------------------------------------------------------------------------------------------------------------------------------------------------------+
; Board Trace Model Assignments                                                                                                                                                                                                                                                                                                                                                                                    ;
+---------------+--------------+-------------------+-------------------------+-------------------------+---------------+---------------------+----------------+------------------+--------+------------------+------------------------+------------------------+--------------+---------------+-----------------+-------+---------------------+--------------------+---------------+-----------------+-------------+
; Pin           ; I/O Standard ; Near Tline Length ; Near Tline L per Length ; Near Tline C per Length ; Near Series R ; Near Differential R ; Near Pull-up R ; Near Pull-down R ; Near C ; Far Tline Length ; Far Tline L per Length ; Far Tline C per Length ; Far Series R ; Far Pull-up R ; Far Pull-down R ; Far C ; Termination Voltage ; Far Differential R ; EBD File Name ; EBD Signal Name ; EBD Far-end ;
+---------------+--------------+-------------------+-------------------------+-------------------------+---------------+---------------------+----------------+------------------+--------+------------------+------------------------+------------------------+--------------+---------------+-----------------+-------+---------------------+--------------------+---------------+-----------------+-------------+
; LEDR[0]       ; 2.5 V        ; 0 in              ; 0 H/in                  ; 0 F/in                  ; short         ; -                   ; open           ; open             ; open   ; 0 in             ; 0 H/in                 ; 0 F/in                 ; short        ; open          ; open            ; open  ; 0 V                 ; -                  ; n/a           ; n/a             ; n/a         ;
; LEDR[1]       ; 2.5 V        ; 0 in              ; 0 H/in                  ; 0 F/in                  ; short         ; -                   ; open           ; open             ; open   ; 0 in             ; 0 H/in                 ; 0 F/in                 ; short        ; open          ; open            ; open  ; 0 V                 ; -                  ; n/a           ; n/a             ; n/a         ;
; LEDR[2]       ; 2.5 V        ; 0 in              ; 0 H/in                  ; 0 F/in                  ; short         ; -                   ; open           ; open             ; open   ; 0 in             ; 0 H/in                 ; 0 F/in                 ; short        ; open          ; open            ; open  ; 0 V                 ; -                  ; n/a           ; n/a             ; n/a         ;
; LEDR[3]       ; 2.5 V        ; 0 in              ; 0 H/in                  ; 0 F/in                  ; short         ; -                   ; open           ; open             ; open   ; 0 in             ; 0 H/in                 ; 0 F/in                 ; short        ; open          ; open            ; open  ; 0 V                 ; -                  ; n/a           ; n/a             ; n/a         ;
; LEDR[4]       ; 2.5 V        ; 0 in              ; 0 H/in                  ; 0 F/in                  ; short         ; -                   ; open           ; open             ; open   ; 0 in             ; 0 H/in                 ; 0 F/in                 ; short        ; open          ; open            ; open  ; 0 V                 ; -                  ; n/a           ; n/a             ; n/a         ;
; LEDR[5]       ; 2.5 V        ; 0 in              ; 0 H/in                  ; 0 F/in                  ; short         ; -                   ; open           ; open             ; open   ; 0 in             ; 0 H/in                 ; 0 F/in                 ; short        ; open          ; open            ; open  ; 0 V                 ; -                  ; n/a           ; n/a             ; n/a         ;
; LEDR[6]       ; 2.5 V        ; 0 in              ; 0 H/in                  ; 0 F/in                  ; short         ; -                   ; open           ; open             ; open   ; 0 in             ; 0 H/in                 ; 0 F/in                 ; short        ; open          ; open            ; open  ; 0 V                 ; -                  ; n/a           ; n/a             ; n/a         ;
; LEDR[7]       ; 2.5 V        ; 0 in              ; 0 H/in                  ; 0 F/in                  ; short         ; -                   ; open           ; open             ; open   ; 0 in             ; 0 H/in                 ; 0 F/in                 ; short        ; open          ; open            ; open  ; 0 V                 ; -                  ; n/a           ; n/a             ; n/a         ;
; LEDR[8]       ; 2.5 V        ; 0 in              ; 0 H/in                  ; 0 F/in                  ; short         ; -                   ; open           ; open             ; open   ; 0 in             ; 0 H/in                 ; 0 F/in                 ; short        ; open          ; open            ; open  ; 0 V                 ; -                  ; n/a           ; n/a             ; n/a         ;
; LEDR[9]       ; 2.5 V        ; 0 in              ; 0 H/in                  ; 0 F/in                  ; short         ; -                   ; open           ; open             ; open   ; 0 in             ; 0 H/in                 ; 0 F/in                 ; short        ; open          ; open            ; open  ; 0 V                 ; -                  ; n/a           ; n/a             ; n/a         ;
; HEX0[0]       ; 2.5 V        ; 0 in              ; 0 H/in                  ; 0 F/in                  ; short         ; -                   ; open           ; open             ; open   ; 0 in             ; 0 H/in                 ; 0 F/in                 ; short        ; open          ; open            ; open  ; 0 V                 ; -                  ; n/a           ; n/a             ; n/a         ;
; HEX0[1]       ; 2.5 V        ; 0 in              ; 0 H/in                  ; 0 F/in                  ; short         ; -                   ; open           ; open             ; open   ; 0 in             ; 0 H/in                 ; 0 F/in                 ; short        ; open          ; open            ; open  ; 0 V                 ; -                  ; n/a           ; n/a             ; n/a         ;
; HEX0[2]       ; 2.5 V        ; 0 in              ; 0 H/in                  ; 0 F/in                  ; short         ; -                   ; open           ; open             ; open   ; 0 in             ; 0 H/in                 ; 0 F/in                 ; short        ; open          ; open            ; open  ; 0 V                 ; -                  ; n/a           ; n/a             ; n/a         ;
; HEX0[3]       ; 2.5 V        ; 0 in              ; 0 H/in                  ; 0 F/in                  ; short         ; -                   ; open           ; open             ; open   ; 0 in             ; 0 H/in                 ; 0 F/in                 ; short        ; open          ; open            ; open  ; 0 V                 ; -                  ; n/a           ; n/a             ; n/a         ;
; HEX0[4]       ; 2.5 V        ; 0 in              ; 0 H/in                  ; 0 F/in                  ; short         ; -                   ; open           ; open             ; open   ; 0 in             ; 0 H/in                 ; 0 F/in                 ; short        ; open          ; open            ; open  ; 0 V                 ; -                  ; n/a           ; n/a             ; n/a         ;
; HEX0[5]       ; 2.5 V        ; 0 in              ; 0 H/in                  ; 0 F/in                  ; short         ; -                   ; open           ; open             ; open   ; 0 in             ; 0 H/in                 ; 0 F/in                 ; short        ; open          ; open            ; open  ; 0 V                 ; -                  ; n/a           ; n/a             ; n/a         ;
; HEX0[6]       ; 2.5 V        ; 0 in              ; 0 H/in                  ; 0 F/in                  ; short         ; -                   ; open           ; open             ; open   ; 0 in             ; 0 H/in                 ; 0 F/in                 ; short        ; open          ; open            ; open  ; 0 V                 ; -                  ; n/a           ; n/a             ; n/a         ;
; HEX0[7]       ; 2.5 V        ; 0 in              ; 0 H/in                  ; 0 F/in                  ; short         ; -                   ; open           ; open             ; open   ; 0 in             ; 0 H/in                 ; 0 F/in                 ; short        ; open          ; open            ; open  ; 0 V                 ; -                  ; n/a           ; n/a             ; n/a         ;
; HEX1[0]       ; 2.5 V        ; 0 in              ; 0 H/in                  ; 0 F/in                  ; short         ; -                   ; open           ; open             ; open   ; 0 in             ; 0 H/in                 ; 0 F/in                 ; short        ; open          ; open            ; open  ; 0 V                 ; -                  ; n/a           ; n/a             ; n/a         ;
; HEX1[1]       ; 2.5 V        ; 0 in              ; 0 H/in                  ; 0 F/in                  ; short         ; -                   ; open           ; open             ; open   ; 0 in             ; 0 H/in                 ; 0 F/in                 ; short        ; open          ; open            ; open  ; 0 V                 ; -                  ; n/a           ; n/a             ; n/a         ;
; HEX1[2]       ; 2.5 V        ; 0 in              ; 0 H/in                  ; 0 F/in                  ; short         ; -                   ; open           ; open             ; open   ; 0 in             ; 0 H/in                 ; 0 F/in                 ; short        ; open          ; open            ; open  ; 0 V                 ; -                  ; n/a           ; n/a             ; n/a         ;
; HEX1[3]       ; 2.5 V        ; 0 in              ; 0 H/in                  ; 0 F/in                  ; short         ; -                   ; open           ; open             ; open   ; 0 in             ; 0 H/in                 ; 0 F/in                 ; short        ; open          ; open            ; open  ; 0 V                 ; -                  ; n/a           ; n/a             ; n/a         ;
; HEX1[4]       ; 2.5 V        ; 0 in              ; 0 H/in                  ; 0 F/in                  ; short         ; -                   ; open           ; open             ; open   ; 0 in             ; 0 H/in                 ; 0 F/in                 ; short        ; open          ; open            ; open  ; 0 V                 ; -                  ; n/a           ; n/a             ; n/a         ;
; HEX1[5]       ; 2.5 V        ; 0 in              ; 0 H/in                  ; 0 F/in                  ; short         ; -                   ; open           ; open             ; open   ; 0 in             ; 0 H/in                 ; 0 F/in                 ; short        ; open          ; open            ; open  ; 0 V                 ; -                  ; n/a           ; n/a             ; n/a         ;
; HEX1[6]       ; 2.5 V        ; 0 in              ; 0 H/in                  ; 0 F/in                  ; short         ; -                   ; open           ; open             ; open   ; 0 in             ; 0 H/in                 ; 0 F/in                 ; short        ; open          ; open            ; open  ; 0 V                 ; -                  ; n/a           ; n/a             ; n/a         ;
; HEX1[7]       ; 2.5 V        ; 0 in              ; 0 H/in                  ; 0 F/in                  ; short         ; -                   ; open           ; open             ; open   ; 0 in             ; 0 H/in                 ; 0 F/in                 ; short        ; open          ; open            ; open  ; 0 V                 ; -                  ; n/a           ; n/a             ; n/a         ;
; HEX2[0]       ; 2.5 V        ; 0 in              ; 0 H/in                  ; 0 F/in                  ; short         ; -                   ; open           ; open             ; open   ; 0 in             ; 0 H/in                 ; 0 F/in                 ; short        ; open          ; open            ; open  ; 0 V                 ; -                  ; n/a           ; n/a             ; n/a         ;
; HEX2[1]       ; 2.5 V        ; 0 in              ; 0 H/in                  ; 0 F/in                  ; short         ; -                   ; open           ; open             ; open   ; 0 in             ; 0 H/in                 ; 0 F/in                 ; short        ; open          ; open            ; open  ; 0 V                 ; -                  ; n/a           ; n/a             ; n/a         ;
; HEX2[2]       ; 2.5 V        ; 0 in              ; 0 H/in                  ; 0 F/in                  ; short         ; -                   ; open           ; open             ; open   ; 0 in             ; 0 H/in                 ; 0 F/in                 ; short        ; open          ; open            ; open  ; 0 V                 ; -                  ; n/a           ; n/a             ; n/a         ;
; HEX2[3]       ; 2.5 V        ; 0 in              ; 0 H/in                  ; 0 F/in                  ; short         ; -                   ; open           ; open             ; open   ; 0 in             ; 0 H/in                 ; 0 F/in                 ; short        ; open          ; open            ; open  ; 0 V                 ; -                  ; n/a           ; n/a             ; n/a         ;
; HEX2[4]       ; 2.5 V        ; 0 in              ; 0 H/in                  ; 0 F/in                  ; short         ; -                   ; open           ; open             ; open   ; 0 in             ; 0 H/in                 ; 0 F/in                 ; short        ; open          ; open            ; open  ; 0 V                 ; -                  ; n/a           ; n/a             ; n/a         ;
; HEX2[5]       ; 2.5 V        ; 0 in              ; 0 H/in                  ; 0 F/in                  ; short         ; -                   ; open           ; open             ; open   ; 0 in             ; 0 H/in                 ; 0 F/in                 ; short        ; open          ; open            ; open  ; 0 V                 ; -                  ; n/a           ; n/a             ; n/a         ;
; HEX2[6]       ; 2.5 V        ; 0 in              ; 0 H/in                  ; 0 F/in                  ; short         ; -                   ; open           ; open             ; open   ; 0 in             ; 0 H/in                 ; 0 F/in                 ; short        ; open          ; open            ; open  ; 0 V                 ; -                  ; n/a           ; n/a             ; n/a         ;
; HEX2[7]       ; 2.5 V        ; 0 in              ; 0 H/in                  ; 0 F/in                  ; short         ; -                   ; open           ; open             ; open   ; 0 in             ; 0 H/in                 ; 0 F/in                 ; short        ; open          ; open            ; open  ; 0 V                 ; -                  ; n/a           ; n/a             ; n/a         ;
; HEX3[0]       ; 2.5 V        ; 0 in              ; 0 H/in                  ; 0 F/in                  ; short         ; -                   ; open           ; open             ; open   ; 0 in             ; 0 H/in                 ; 0 F/in                 ; short        ; open          ; open            ; open  ; 0 V                 ; -                  ; n/a           ; n/a             ; n/a         ;
; HEX3[1]       ; 2.5 V        ; 0 in              ; 0 H/in                  ; 0 F/in                  ; short         ; -                   ; open           ; open             ; open   ; 0 in             ; 0 H/in                 ; 0 F/in                 ; short        ; open          ; open            ; open  ; 0 V                 ; -                  ; n/a           ; n/a             ; n/a         ;
; HEX3[2]       ; 2.5 V        ; 0 in              ; 0 H/in                  ; 0 F/in                  ; short         ; -                   ; open           ; open             ; open   ; 0 in             ; 0 H/in                 ; 0 F/in                 ; short        ; open          ; open            ; open  ; 0 V                 ; -                  ; n/a           ; n/a             ; n/a         ;
; HEX3[3]       ; 2.5 V        ; 0 in              ; 0 H/in                  ; 0 F/in                  ; short         ; -                   ; open           ; open             ; open   ; 0 in             ; 0 H/in                 ; 0 F/in                 ; short        ; open          ; open            ; open  ; 0 V                 ; -                  ; n/a           ; n/a             ; n/a         ;
; HEX3[4]       ; 2.5 V        ; 0 in              ; 0 H/in                  ; 0 F/in                  ; short         ; -                   ; open           ; open             ; open   ; 0 in             ; 0 H/in                 ; 0 F/in                 ; short        ; open          ; open            ; open  ; 0 V                 ; -                  ; n/a           ; n/a             ; n/a         ;
; HEX3[5]       ; 2.5 V        ; 0 in              ; 0 H/in                  ; 0 F/in                  ; short         ; -                   ; open           ; open             ; open   ; 0 in             ; 0 H/in                 ; 0 F/in                 ; short        ; open          ; open            ; open  ; 0 V                 ; -                  ; n/a           ; n/a             ; n/a         ;
; HEX3[6]       ; 2.5 V        ; 0 in              ; 0 H/in                  ; 0 F/in                  ; short         ; -                   ; open           ; open             ; open   ; 0 in             ; 0 H/in                 ; 0 F/in                 ; short        ; open          ; open            ; open  ; 0 V                 ; -                  ; n/a           ; n/a             ; n/a         ;
; HEX3[7]       ; 2.5 V        ; 0 in              ; 0 H/in                  ; 0 F/in                  ; short         ; -                   ; open           ; open             ; open   ; 0 in             ; 0 H/in                 ; 0 F/in                 ; short        ; open          ; open            ; open  ; 0 V                 ; -                  ; n/a           ; n/a             ; n/a         ;
; HEX4[0]       ; 2.5 V        ; 0 in              ; 0 H/in                  ; 0 F/in                  ; short         ; -                   ; open           ; open             ; open   ; 0 in             ; 0 H/in                 ; 0 F/in                 ; short        ; open          ; open            ; open  ; 0 V                 ; -                  ; n/a           ; n/a             ; n/a         ;
; HEX4[1]       ; 2.5 V        ; 0 in              ; 0 H/in                  ; 0 F/in                  ; short         ; -                   ; open           ; open             ; open   ; 0 in             ; 0 H/in                 ; 0 F/in                 ; short        ; open          ; open            ; open  ; 0 V                 ; -                  ; n/a           ; n/a             ; n/a         ;
; HEX4[2]       ; 2.5 V        ; 0 in              ; 0 H/in                  ; 0 F/in                  ; short         ; -                   ; open           ; open             ; open   ; 0 in             ; 0 H/in                 ; 0 F/in                 ; short        ; open          ; open            ; open  ; 0 V                 ; -                  ; n/a           ; n/a             ; n/a         ;
; HEX4[3]       ; 2.5 V        ; 0 in              ; 0 H/in                  ; 0 F/in                  ; short         ; -                   ; open           ; open             ; open   ; 0 in             ; 0 H/in                 ; 0 F/in                 ; short        ; open          ; open            ; open  ; 0 V                 ; -                  ; n/a           ; n/a             ; n/a         ;
; HEX4[4]       ; 2.5 V        ; 0 in              ; 0 H/in                  ; 0 F/in                  ; short         ; -                   ; open           ; open             ; open   ; 0 in             ; 0 H/in                 ; 0 F/in                 ; short        ; open          ; open            ; open  ; 0 V                 ; -                  ; n/a           ; n/a             ; n/a         ;
; HEX4[5]       ; 2.5 V        ; 0 in              ; 0 H/in                  ; 0 F/in                  ; short         ; -                   ; open           ; open             ; open   ; 0 in             ; 0 H/in                 ; 0 F/in                 ; short        ; open          ; open            ; open  ; 0 V                 ; -                  ; n/a           ; n/a             ; n/a         ;
; HEX4[6]       ; 2.5 V        ; 0 in              ; 0 H/in                  ; 0 F/in                  ; short         ; -                   ; open           ; open             ; open   ; 0 in             ; 0 H/in                 ; 0 F/in                 ; short        ; open          ; open            ; open  ; 0 V                 ; -                  ; n/a           ; n/a             ; n/a         ;
; HEX4[7]       ; 2.5 V        ; 0 in              ; 0 H/in                  ; 0 F/in                  ; short         ; -                   ; open           ; open             ; open   ; 0 in             ; 0 H/in                 ; 0 F/in                 ; short        ; open          ; open            ; open  ; 0 V                 ; -                  ; n/a           ; n/a             ; n/a         ;
; TXD           ; 2.5 V        ; 0 in              ; 0 H/in                  ; 0 F/in                  ; short         ; -                   ; open           ; open             ; open   ; 0 in             ; 0 H/in                 ; 0 F/in                 ; short        ; open          ; open            ; open  ; 0 V                 ; -                  ; n/a           ; n/a             ; n/a         ;
; TDO           ; 2.5 V        ; 0 in              ; 0 H/in                  ; 0 F/in                  ; short         ; -                   ; open           ; open             ; open   ; 0 in             ; 0 H/in                 ; 0 F/in                 ; short        ; open          ; open            ; open  ; 0 V                 ; -                  ; n/a           ; n/a             ; n/a         ;
; DRAM_ADDR[0]  ; 2.5 V        ; 0 in              ; 0 H/in                  ; 0 F/in                  ; short         ; -                   ; open           ; open             ; open   ; 0 in             ; 0 H/in                 ; 0 F/in                 ; short        ; open          ; open            ; open  ; 0 V                 ; -                  ; n/a           ; n/a             ; n/a         ;
; DRAM_ADDR[1]  ; 2.5 V        ; 0 in              ; 0 H/in                  ; 0 F/in                  ; short         ; -                   ; open           ; open             ; open   ; 0 in             ; 0 H/in                 ; 0 F/in                 ; short        ; open          ; open            ; open  ; 0 V                 ; -                  ; n/a           ; n/a             ; n/a         ;
; DRAM_ADDR[2]  ; 2.5 V        ; 0 in              ; 0 H/in                  ; 0 F/in                  ; short         ; -                   ; open           ; open             ; open   ; 0 in             ; 0 H/in                 ; 0 F/in                 ; short        ; open          ; open            ; open  ; 0 V                 ; -                  ; n/a           ; n/a             ; n/a         ;
; DRAM_ADDR[3]  ; 2.5 V        ; 0 in              ; 0 H/in                  ; 0 F/in                  ; short         ; -                   ; open           ; open             ; open   ; 0 in             ; 0 H/in                 ; 0 F/in                 ; short        ; open          ; open            ; open  ; 0 V                 ; -                  ; n/a           ; n/a             ; n/a         ;
; DRAM_ADDR[4]  ; 2.5 V        ; 0 in              ; 0 H/in                  ; 0 F/in                  ; short         ; -                   ; open           ; open             ; open   ; 0 in             ; 0 H/in                 ; 0 F/in                 ; short        ; open          ; open            ; open  ; 0 V                 ; -                  ; n/a           ; n/a             ; n/a         ;
; DRAM_ADDR[5]  ; 2.5 V        ; 0 in              ; 0 H/in                  ; 0 F/in                  ; short         ; -                   ; open           ; open             ; open   ; 0 in             ; 0 H/in                 ; 0 F/in                 ; short        ; open          ; open            ; open  ; 0 V                 ; -                  ; n/a           ; n/a             ; n/a         ;
; DRAM_ADDR[6]  ; 2.5 V        ; 0 in              ; 0 H/in                  ; 0 F/in                  ; short         ; -                   ; open           ; open             ; open   ; 0 in             ; 0 H/in                 ; 0 F/in                 ; short        ; open          ; open            ; open  ; 0 V                 ; -                  ; n/a           ; n/a             ; n/a         ;
; DRAM_ADDR[7]  ; 2.5 V        ; 0 in              ; 0 H/in                  ; 0 F/in                  ; short         ; -                   ; open           ; open             ; open   ; 0 in             ; 0 H/in                 ; 0 F/in                 ; short        ; open          ; open            ; open  ; 0 V                 ; -                  ; n/a           ; n/a             ; n/a         ;
; DRAM_ADDR[8]  ; 2.5 V        ; 0 in              ; 0 H/in                  ; 0 F/in                  ; short         ; -                   ; open           ; open             ; open   ; 0 in             ; 0 H/in                 ; 0 F/in                 ; short        ; open          ; open            ; open  ; 0 V                 ; -                  ; n/a           ; n/a             ; n/a         ;
; DRAM_ADDR[9]  ; 2.5 V        ; 0 in              ; 0 H/in                  ; 0 F/in                  ; short         ; -                   ; open           ; open             ; open   ; 0 in             ; 0 H/in                 ; 0 F/in                 ; short        ; open          ; open            ; open  ; 0 V                 ; -                  ; n/a           ; n/a             ; n/a         ;
; DRAM_ADDR[10] ; 2.5 V        ; 0 in              ; 0 H/in                  ; 0 F/in                  ; short         ; -                   ; open           ; open             ; open   ; 0 in             ; 0 H/in                 ; 0 F/in                 ; short        ; open          ; open            ; open  ; 0 V                 ; -                  ; n/a           ; n/a             ; n/a         ;
; DRAM_ADDR[11] ; 2.5 V        ; 0 in              ; 0 H/in                  ; 0 F/in                  ; short         ; -                   ; open           ; open             ; open   ; 0 in             ; 0 H/in                 ; 0 F/in                 ; short        ; open          ; open            ; open  ; 0 V                 ; -                  ; n/a           ; n/a             ; n/a         ;
; DRAM_ADDR[12] ; 2.5 V        ; 0 in              ; 0 H/in                  ; 0 F/in                  ; short         ; -                   ; open           ; open             ; open   ; 0 in             ; 0 H/in                 ; 0 F/in                 ; short        ; open          ; open            ; open  ; 0 V                 ; -                  ; n/a           ; n/a             ; n/a         ;
; DRAM_BA[0]    ; 2.5 V        ; 0 in              ; 0 H/in                  ; 0 F/in                  ; short         ; -                   ; open           ; open             ; open   ; 0 in             ; 0 H/in                 ; 0 F/in                 ; short        ; open          ; open            ; open  ; 0 V                 ; -                  ; n/a           ; n/a             ; n/a         ;
; DRAM_BA[1]    ; 2.5 V        ; 0 in              ; 0 H/in                  ; 0 F/in                  ; short         ; -                   ; open           ; open             ; open   ; 0 in             ; 0 H/in                 ; 0 F/in                 ; short        ; open          ; open            ; open  ; 0 V                 ; -                  ; n/a           ; n/a             ; n/a         ;
; DRAM_CAS_N    ; 2.5 V        ; 0 in              ; 0 H/in                  ; 0 F/in                  ; short         ; -                   ; open           ; open             ; open   ; 0 in             ; 0 H/in                 ; 0 F/in                 ; short        ; open          ; open            ; open  ; 0 V                 ; -                  ; n/a           ; n/a             ; n/a         ;
; DRAM_CKE      ; 2.5 V        ; 0 in              ; 0 H/in                  ; 0 F/in                  ; short         ; -                   ; open           ; open             ; open   ; 0 in             ; 0 H/in                 ; 0 F/in                 ; short        ; open          ; open            ; open  ; 0 V                 ; -                  ; n/a           ; n/a             ; n/a         ;
; DRAM_CLK      ; 2.5 V        ; 0 in              ; 0 H/in                  ; 0 F/in                  ; short         ; -                   ; open           ; open             ; open   ; 0 in             ; 0 H/in                 ; 0 F/in                 ; short        ; open          ; open            ; open  ; 0 V                 ; -                  ; n/a           ; n/a             ; n/a         ;
; DRAM_CS_N     ; 2.5 V        ; 0 in              ; 0 H/in                  ; 0 F/in                  ; short         ; -                   ; open           ; open             ; open   ; 0 in             ; 0 H/in                 ; 0 F/in                 ; short        ; open          ; open            ; open  ; 0 V                 ; -                  ; n/a           ; n/a             ; n/a         ;
; DRAM_RAS_N    ; 2.5 V        ; 0 in              ; 0 H/in                  ; 0 F/in                  ; short         ; -                   ; open           ; open             ; open   ; 0 in             ; 0 H/in                 ; 0 F/in                 ; short        ; open          ; open            ; open  ; 0 V                 ; -                  ; n/a           ; n/a             ; n/a         ;
; DRAM_WE_N     ; 2.5 V        ; 0 in              ; 0 H/in                  ; 0 F/in                  ; short         ; -                   ; open           ; open             ; open   ; 0 in             ; 0 H/in                 ; 0 F/in                 ; short        ; open          ; open            ; open  ; 0 V                 ; -                  ; n/a           ; n/a             ; n/a         ;
; DRAM_LDQM     ; 2.5 V        ; 0 in              ; 0 H/in                  ; 0 F/in                  ; short         ; -                   ; open           ; open             ; open   ; 0 in             ; 0 H/in                 ; 0 F/in                 ; short        ; open          ; open            ; open  ; 0 V                 ; -                  ; n/a           ; n/a             ; n/a         ;
; DRAM_UDQM     ; 2.5 V        ; 0 in              ; 0 H/in                  ; 0 F/in                  ; short         ; -                   ; open           ; open             ; open   ; 0 in             ; 0 H/in                 ; 0 F/in                 ; short        ; open          ; open            ; open  ; 0 V                 ; -                  ; n/a           ; n/a             ; n/a         ;
; ARDUINO_IO[0] ; 2.5 V        ; 0 in              ; 0 H/in                  ; 0 F/in                  ; short         ; -                   ; open           ; open             ; open   ; 0 in             ; 0 H/in                 ; 0 F/in                 ; short        ; open          ; open            ; open  ; 0 V                 ; -                  ; n/a           ; n/a             ; n/a         ;
; ARDUINO_IO[1] ; 2.5 V        ; 0 in              ; 0 H/in                  ; 0 F/in                  ; short         ; -                   ; open           ; open             ; open   ; 0 in             ; 0 H/in                 ; 0 F/in                 ; short        ; open          ; open            ; open  ; 0 V                 ; -                  ; n/a           ; n/a             ; n/a         ;
; ARDUINO_IO[2] ; 2.5 V        ; 0 in              ; 0 H/in                  ; 0 F/in                  ; short         ; -                   ; open           ; open             ; open   ; 0 in             ; 0 H/in                 ; 0 F/in                 ; short        ; open          ; open            ; open  ; 0 V                 ; -                  ; n/a           ; n/a             ; n/a         ;
; ARDUINO_IO[3] ; 2.5 V        ; 0 in              ; 0 H/in                  ; 0 F/in                  ; short         ; -                   ; open           ; open             ; open   ; 0 in             ; 0 H/in                 ; 0 F/in                 ; short        ; open          ; open            ; open  ; 0 V                 ; -                  ; n/a           ; n/a             ; n/a         ;
; ARDUINO_IO[4] ; 2.5 V        ; 0 in              ; 0 H/in                  ; 0 F/in                  ; short         ; -                   ; open           ; open             ; open   ; 0 in             ; 0 H/in                 ; 0 F/in                 ; short        ; open          ; open            ; open  ; 0 V                 ; -                  ; n/a           ; n/a             ; n/a         ;
; ARDUINO_IO[5] ; 2.5 V        ; 0 in              ; 0 H/in                  ; 0 F/in                  ; short         ; -                   ; open           ; open             ; open   ; 0 in             ; 0 H/in                 ; 0 F/in                 ; short        ; open          ; open            ; open  ; 0 V                 ; -                  ; n/a           ; n/a             ; n/a         ;
; ARDUINO_IO[6] ; 2.5 V        ; 0 in              ; 0 H/in                  ; 0 F/in                  ; short         ; -                   ; open           ; open             ; open   ; 0 in             ; 0 H/in                 ; 0 F/in                 ; short        ; open          ; open            ; open  ; 0 V                 ; -                  ; n/a           ; n/a             ; n/a         ;
; ARDUINO_IO[7] ; 2.5 V        ; 0 in              ; 0 H/in                  ; 0 F/in                  ; short         ; -                   ; open           ; open             ; open   ; 0 in             ; 0 H/in                 ; 0 F/in                 ; short        ; open          ; open            ; open  ; 0 V                 ; -                  ; n/a           ; n/a             ; n/a         ;
; ARDUINO_IO[8] ; 2.5 V        ; 0 in              ; 0 H/in                  ; 0 F/in                  ; short         ; -                   ; open           ; open             ; open   ; 0 in             ; 0 H/in                 ; 0 F/in                 ; short        ; open          ; open            ; open  ; 0 V                 ; -                  ; n/a           ; n/a             ; n/a         ;
; ARDUINO_IO[9] ; 2.5 V        ; 0 in              ; 0 H/in                  ; 0 F/in                  ; short         ; -                   ; open           ; open             ; open   ; 0 in             ; 0 H/in                 ; 0 F/in                 ; short        ; open          ; open            ; open  ; 0 V                 ; -                  ; n/a           ; n/a             ; n/a         ;
; DRAM_DQ[0]    ; 2.5 V        ; 0 in              ; 0 H/in                  ; 0 F/in                  ; short         ; -                   ; open           ; open             ; open   ; 0 in             ; 0 H/in                 ; 0 F/in                 ; short        ; open          ; open            ; open  ; 0 V                 ; -                  ; n/a           ; n/a             ; n/a         ;
; DRAM_DQ[1]    ; 2.5 V        ; 0 in              ; 0 H/in                  ; 0 F/in                  ; short         ; -                   ; open           ; open             ; open   ; 0 in             ; 0 H/in                 ; 0 F/in                 ; short        ; open          ; open            ; open  ; 0 V                 ; -                  ; n/a           ; n/a             ; n/a         ;
; DRAM_DQ[2]    ; 2.5 V        ; 0 in              ; 0 H/in                  ; 0 F/in                  ; short         ; -                   ; open           ; open             ; open   ; 0 in             ; 0 H/in                 ; 0 F/in                 ; short        ; open          ; open            ; open  ; 0 V                 ; -                  ; n/a           ; n/a             ; n/a         ;
; DRAM_DQ[3]    ; 2.5 V        ; 0 in              ; 0 H/in                  ; 0 F/in                  ; short         ; -                   ; open           ; open             ; open   ; 0 in             ; 0 H/in                 ; 0 F/in                 ; short        ; open          ; open            ; open  ; 0 V                 ; -                  ; n/a           ; n/a             ; n/a         ;
; DRAM_DQ[4]    ; 2.5 V        ; 0 in              ; 0 H/in                  ; 0 F/in                  ; short         ; -                   ; open           ; open             ; open   ; 0 in             ; 0 H/in                 ; 0 F/in                 ; short        ; open          ; open            ; open  ; 0 V                 ; -                  ; n/a           ; n/a             ; n/a         ;
; DRAM_DQ[5]    ; 2.5 V        ; 0 in              ; 0 H/in                  ; 0 F/in                  ; short         ; -                   ; open           ; open             ; open   ; 0 in             ; 0 H/in                 ; 0 F/in                 ; short        ; open          ; open            ; open  ; 0 V                 ; -                  ; n/a           ; n/a             ; n/a         ;
; DRAM_DQ[6]    ; 2.5 V        ; 0 in              ; 0 H/in                  ; 0 F/in                  ; short         ; -                   ; open           ; open             ; open   ; 0 in             ; 0 H/in                 ; 0 F/in                 ; short        ; open          ; open            ; open  ; 0 V                 ; -                  ; n/a           ; n/a             ; n/a         ;
; DRAM_DQ[7]    ; 2.5 V        ; 0 in              ; 0 H/in                  ; 0 F/in                  ; short         ; -                   ; open           ; open             ; open   ; 0 in             ; 0 H/in                 ; 0 F/in                 ; short        ; open          ; open            ; open  ; 0 V                 ; -                  ; n/a           ; n/a             ; n/a         ;
; DRAM_DQ[8]    ; 2.5 V        ; 0 in              ; 0 H/in                  ; 0 F/in                  ; short         ; -                   ; open           ; open             ; open   ; 0 in             ; 0 H/in                 ; 0 F/in                 ; short        ; open          ; open            ; open  ; 0 V                 ; -                  ; n/a           ; n/a             ; n/a         ;
; DRAM_DQ[9]    ; 2.5 V        ; 0 in              ; 0 H/in                  ; 0 F/in                  ; short         ; -                   ; open           ; open             ; open   ; 0 in             ; 0 H/in                 ; 0 F/in                 ; short        ; open          ; open            ; open  ; 0 V                 ; -                  ; n/a           ; n/a             ; n/a         ;
; DRAM_DQ[10]   ; 2.5 V        ; 0 in              ; 0 H/in                  ; 0 F/in                  ; short         ; -                   ; open           ; open             ; open   ; 0 in             ; 0 H/in                 ; 0 F/in                 ; short        ; open          ; open            ; open  ; 0 V                 ; -                  ; n/a           ; n/a             ; n/a         ;
; DRAM_DQ[11]   ; 2.5 V        ; 0 in              ; 0 H/in                  ; 0 F/in                  ; short         ; -                   ; open           ; open             ; open   ; 0 in             ; 0 H/in                 ; 0 F/in                 ; short        ; open          ; open            ; open  ; 0 V                 ; -                  ; n/a           ; n/a             ; n/a         ;
; DRAM_DQ[12]   ; 2.5 V        ; 0 in              ; 0 H/in                  ; 0 F/in                  ; short         ; -                   ; open           ; open             ; open   ; 0 in             ; 0 H/in                 ; 0 F/in                 ; short        ; open          ; open            ; open  ; 0 V                 ; -                  ; n/a           ; n/a             ; n/a         ;
; DRAM_DQ[13]   ; 2.5 V        ; 0 in              ; 0 H/in                  ; 0 F/in                  ; short         ; -                   ; open           ; open             ; open   ; 0 in             ; 0 H/in                 ; 0 F/in                 ; short        ; open          ; open            ; open  ; 0 V                 ; -                  ; n/a           ; n/a             ; n/a         ;
; DRAM_DQ[14]   ; 2.5 V        ; 0 in              ; 0 H/in                  ; 0 F/in                  ; short         ; -                   ; open           ; open             ; open   ; 0 in             ; 0 H/in                 ; 0 F/in                 ; short        ; open          ; open            ; open  ; 0 V                 ; -                  ; n/a           ; n/a             ; n/a         ;
; DRAM_DQ[15]   ; 2.5 V        ; 0 in              ; 0 H/in                  ; 0 F/in                  ; short         ; -                   ; open           ; open             ; open   ; 0 in             ; 0 H/in                 ; 0 F/in                 ; short        ; open          ; open            ; open  ; 0 V                 ; -                  ; n/a           ; n/a             ; n/a         ;
; ~ALTERA_TDO~  ; 2.5 V        ; 0 in              ; 0 H/in                  ; 0 F/in                  ; short         ; -                   ; open           ; open             ; open   ; 0 in             ; 0 H/in                 ; 0 F/in                 ; short        ; open          ; open            ; open  ; 0 V                 ; -                  ; n/a           ; n/a             ; n/a         ;
+---------------+--------------+-------------------+-------------------------+-------------------------+---------------+---------------------+----------------+------------------+--------+------------------+------------------------+------------------------+--------------+---------------+-----------------+-------+---------------------+--------------------+---------------+-----------------+-------------+


+---------------------------------------------------------------------------------+
; Input Transition Times                                                          ;
+---------------------+-----------------------+-----------------+-----------------+
; Pin                 ; I/O Standard          ; 10-90 Rise Time ; 90-10 Fall Time ;
+---------------------+-----------------------+-----------------+-----------------+
; KEY[1]              ; 2.5 V                 ; 2000 ps         ; 2000 ps         ;
; ARDUINO_IO[0]       ; 2.5 V                 ; 2000 ps         ; 2000 ps         ;
; ARDUINO_IO[1]       ; 2.5 V                 ; 2000 ps         ; 2000 ps         ;
; ARDUINO_IO[2]       ; 2.5 V                 ; 2000 ps         ; 2000 ps         ;
; ARDUINO_IO[3]       ; 2.5 V                 ; 2000 ps         ; 2000 ps         ;
; ARDUINO_IO[4]       ; 2.5 V                 ; 2000 ps         ; 2000 ps         ;
; ARDUINO_IO[5]       ; 2.5 V                 ; 2000 ps         ; 2000 ps         ;
; ARDUINO_IO[6]       ; 2.5 V                 ; 2000 ps         ; 2000 ps         ;
; ARDUINO_IO[7]       ; 2.5 V                 ; 2000 ps         ; 2000 ps         ;
; ARDUINO_IO[8]       ; 2.5 V                 ; 2000 ps         ; 2000 ps         ;
; ARDUINO_IO[9]       ; 2.5 V                 ; 2000 ps         ; 2000 ps         ;
; DRAM_DQ[0]          ; 2.5 V                 ; 2000 ps         ; 2000 ps         ;
; DRAM_DQ[1]          ; 2.5 V                 ; 2000 ps         ; 2000 ps         ;
; DRAM_DQ[2]          ; 2.5 V                 ; 2000 ps         ; 2000 ps         ;
; DRAM_DQ[3]          ; 2.5 V                 ; 2000 ps         ; 2000 ps         ;
; DRAM_DQ[4]          ; 2.5 V                 ; 2000 ps         ; 2000 ps         ;
; DRAM_DQ[5]          ; 2.5 V                 ; 2000 ps         ; 2000 ps         ;
; DRAM_DQ[6]          ; 2.5 V                 ; 2000 ps         ; 2000 ps         ;
; DRAM_DQ[7]          ; 2.5 V                 ; 2000 ps         ; 2000 ps         ;
; DRAM_DQ[8]          ; 2.5 V                 ; 2000 ps         ; 2000 ps         ;
; DRAM_DQ[9]          ; 2.5 V                 ; 2000 ps         ; 2000 ps         ;
; DRAM_DQ[10]         ; 2.5 V                 ; 2000 ps         ; 2000 ps         ;
; DRAM_DQ[11]         ; 2.5 V                 ; 2000 ps         ; 2000 ps         ;
; DRAM_DQ[12]         ; 2.5 V                 ; 2000 ps         ; 2000 ps         ;
; DRAM_DQ[13]         ; 2.5 V                 ; 2000 ps         ; 2000 ps         ;
; DRAM_DQ[14]         ; 2.5 V                 ; 2000 ps         ; 2000 ps         ;
; DRAM_DQ[15]         ; 2.5 V                 ; 2000 ps         ; 2000 ps         ;
; TCK                 ; 2.5 V                 ; 2000 ps         ; 2000 ps         ;
; MAX10_CLK1_50       ; 2.5 V                 ; 2000 ps         ; 2000 ps         ;
; TDI                 ; 2.5 V                 ; 2000 ps         ; 2000 ps         ;
; TMS                 ; 2.5 V                 ; 2000 ps         ; 2000 ps         ;
; KEY[0]              ; 2.5 V                 ; 2000 ps         ; 2000 ps         ;
; RXD                 ; 2.5 V                 ; 2000 ps         ; 2000 ps         ;
; SW[2]               ; 2.5 V                 ; 2000 ps         ; 2000 ps         ;
; SW[9]               ; 2.5 V                 ; 2000 ps         ; 2000 ps         ;
; SW[1]               ; 2.5 V                 ; 2000 ps         ; 2000 ps         ;
; SW[8]               ; 2.5 V                 ; 2000 ps         ; 2000 ps         ;
; SW[0]               ; 2.5 V                 ; 2000 ps         ; 2000 ps         ;
; SW[3]               ; 2.5 V                 ; 2000 ps         ; 2000 ps         ;
; SW[7]               ; 2.5 V                 ; 2000 ps         ; 2000 ps         ;
; SW[6]               ; 2.5 V                 ; 2000 ps         ; 2000 ps         ;
; SW[5]               ; 2.5 V                 ; 2000 ps         ; 2000 ps         ;
; SW[4]               ; 2.5 V                 ; 2000 ps         ; 2000 ps         ;
; ~ALTERA_TMS~        ; 2.5 V Schmitt Trigger ; 2000 ps         ; 2000 ps         ;
; ~ALTERA_TCK~        ; 2.5 V Schmitt Trigger ; 2000 ps         ; 2000 ps         ;
; ~ALTERA_TDI~        ; 2.5 V Schmitt Trigger ; 2000 ps         ; 2000 ps         ;
; ~ALTERA_CONFIG_SEL~ ; 2.5 V                 ; 2000 ps         ; 2000 ps         ;
; ~ALTERA_nCONFIG~    ; 2.5 V Schmitt Trigger ; 2000 ps         ; 2000 ps         ;
; ~ALTERA_nSTATUS~    ; 2.5 V Schmitt Trigger ; 2000 ps         ; 2000 ps         ;
; ~ALTERA_CONF_DONE~  ; 2.5 V Schmitt Trigger ; 2000 ps         ; 2000 ps         ;
+---------------------+-----------------------+-----------------+-----------------+


+--------------------------------------------------------------------------------------------------------------------------------------------------------------------------------------------------------------------------------------------------------------------------------------------------------------------------------------------------------------------------------------------------------------------------------------------------------------------------------------------------------------------------------------------------------------------------------------------------------------------------------------------------------------------------------------------+
; Signal Integrity Metrics (Slow 1200mv 0c Model)                                                                                                                                                                                                                                                                                                                                                                                                                                                                                                                                                                                                                                            ;
+---------------+--------------+---------------------+---------------------+------------------------------+------------------------------+---------------------+---------------------+--------------------------------------+--------------------------------------+-----------------------------+-----------------------------+----------------------------+----------------------------+-----------------------------+-----------------------------+--------------------+--------------------+-------------------------------------+-------------------------------------+----------------------------+----------------------------+---------------------------+---------------------------+
; Pin           ; I/O Standard ; Board Delay on Rise ; Board Delay on Fall ; Steady State Voh at FPGA Pin ; Steady State Vol at FPGA Pin ; Voh Max at FPGA Pin ; Vol Min at FPGA Pin ; Ringback Voltage on Rise at FPGA Pin ; Ringback Voltage on Fall at FPGA Pin ; 10-90 Rise Time at FPGA Pin ; 90-10 Fall Time at FPGA Pin ; Monotonic Rise at FPGA Pin ; Monotonic Fall at FPGA Pin ; Steady State Voh at Far-end ; Steady State Vol at Far-end ; Voh Max at Far-end ; Vol Min at Far-end ; Ringback Voltage on Rise at Far-end ; Ringback Voltage on Fall at Far-end ; 10-90 Rise Time at Far-end ; 90-10 Fall Time at Far-end ; Monotonic Rise at Far-end ; Monotonic Fall at Far-end ;
+---------------+--------------+---------------------+---------------------+------------------------------+------------------------------+---------------------+---------------------+--------------------------------------+--------------------------------------+-----------------------------+-----------------------------+----------------------------+----------------------------+-----------------------------+-----------------------------+--------------------+--------------------+-------------------------------------+-------------------------------------+----------------------------+----------------------------+---------------------------+---------------------------+
; LEDR[0]       ; 2.5 V        ; 0 s                 ; 0 s                 ; 2.32 V                       ; 1.17e-08 V                   ; 2.42 V              ; -0.0619 V           ; 0.272 V                              ; 0.096 V                              ; 2.93e-10 s                  ; 3.92e-10 s                  ; No                         ; Yes                        ; 2.32 V                      ; 1.17e-08 V                  ; 2.42 V             ; -0.0619 V          ; 0.272 V                             ; 0.096 V                             ; 2.93e-10 s                 ; 3.92e-10 s                 ; No                        ; Yes                       ;
; LEDR[1]       ; 2.5 V        ; 0 s                 ; 0 s                 ; 2.32 V                       ; 1.17e-08 V                   ; 2.42 V              ; -0.0607 V           ; 0.271 V                              ; 0.095 V                              ; 2.93e-10 s                  ; 3.92e-10 s                  ; No                         ; Yes                        ; 2.32 V                      ; 1.17e-08 V                  ; 2.42 V             ; -0.0607 V          ; 0.271 V                             ; 0.095 V                             ; 2.93e-10 s                 ; 3.92e-10 s                 ; No                        ; Yes                       ;
; LEDR[2]       ; 2.5 V        ; 0 s                 ; 0 s                 ; 2.32 V                       ; 1.17e-08 V                   ; 2.42 V              ; -0.0619 V           ; 0.272 V                              ; 0.096 V                              ; 2.93e-10 s                  ; 3.92e-10 s                  ; No                         ; Yes                        ; 2.32 V                      ; 1.17e-08 V                  ; 2.42 V             ; -0.0619 V          ; 0.272 V                             ; 0.096 V                             ; 2.93e-10 s                 ; 3.92e-10 s                 ; No                        ; Yes                       ;
; LEDR[3]       ; 2.5 V        ; 0 s                 ; 0 s                 ; 2.32 V                       ; 1.17e-08 V                   ; 2.42 V              ; -0.0607 V           ; 0.271 V                              ; 0.095 V                              ; 2.93e-10 s                  ; 3.92e-10 s                  ; No                         ; Yes                        ; 2.32 V                      ; 1.17e-08 V                  ; 2.42 V             ; -0.0607 V          ; 0.271 V                             ; 0.095 V                             ; 2.93e-10 s                 ; 3.92e-10 s                 ; No                        ; Yes                       ;
; LEDR[4]       ; 2.5 V        ; 0 s                 ; 0 s                 ; 2.32 V                       ; 1.17e-08 V                   ; 2.42 V              ; -0.0619 V           ; 0.272 V                              ; 0.096 V                              ; 2.93e-10 s                  ; 3.92e-10 s                  ; No                         ; Yes                        ; 2.32 V                      ; 1.17e-08 V                  ; 2.42 V             ; -0.0619 V          ; 0.272 V                             ; 0.096 V                             ; 2.93e-10 s                 ; 3.92e-10 s                 ; No                        ; Yes                       ;
; LEDR[5]       ; 2.5 V        ; 0 s                 ; 0 s                 ; 2.32 V                       ; 1.17e-08 V                   ; 2.42 V              ; -0.0619 V           ; 0.272 V                              ; 0.096 V                              ; 2.93e-10 s                  ; 3.92e-10 s                  ; No                         ; Yes                        ; 2.32 V                      ; 1.17e-08 V                  ; 2.42 V             ; -0.0619 V          ; 0.272 V                             ; 0.096 V                             ; 2.93e-10 s                 ; 3.92e-10 s                 ; No                        ; Yes                       ;
; LEDR[6]       ; 2.5 V        ; 0 s                 ; 0 s                 ; 2.32 V                       ; 1.17e-08 V                   ; 2.42 V              ; -0.0619 V           ; 0.272 V                              ; 0.096 V                              ; 2.93e-10 s                  ; 3.92e-10 s                  ; No                         ; Yes                        ; 2.32 V                      ; 1.17e-08 V                  ; 2.42 V             ; -0.0619 V          ; 0.272 V                             ; 0.096 V                             ; 2.93e-10 s                 ; 3.92e-10 s                 ; No                        ; Yes                       ;
; LEDR[7]       ; 2.5 V        ; 0 s                 ; 0 s                 ; 2.32 V                       ; 1.17e-08 V                   ; 2.42 V              ; -0.0607 V           ; 0.271 V                              ; 0.095 V                              ; 2.93e-10 s                  ; 3.92e-10 s                  ; No                         ; Yes                        ; 2.32 V                      ; 1.17e-08 V                  ; 2.42 V             ; -0.0607 V          ; 0.271 V                             ; 0.095 V                             ; 2.93e-10 s                 ; 3.92e-10 s                 ; No                        ; Yes                       ;
; LEDR[8]       ; 2.5 V        ; 0 s                 ; 0 s                 ; 2.32 V                       ; 1.17e-08 V                   ; 2.42 V              ; -0.0607 V           ; 0.271 V                              ; 0.095 V                              ; 2.93e-10 s                  ; 3.92e-10 s                  ; No                         ; Yes                        ; 2.32 V                      ; 1.17e-08 V                  ; 2.42 V             ; -0.0607 V          ; 0.271 V                             ; 0.095 V                             ; 2.93e-10 s                 ; 3.92e-10 s                 ; No                        ; Yes                       ;
; LEDR[9]       ; 2.5 V        ; 0 s                 ; 0 s                 ; 2.32 V                       ; 1.17e-08 V                   ; 2.42 V              ; -0.0619 V           ; 0.272 V                              ; 0.096 V                              ; 2.93e-10 s                  ; 3.92e-10 s                  ; No                         ; Yes                        ; 2.32 V                      ; 1.17e-08 V                  ; 2.42 V             ; -0.0619 V          ; 0.272 V                             ; 0.096 V                             ; 2.93e-10 s                 ; 3.92e-10 s                 ; No                        ; Yes                       ;
; HEX0[0]       ; 2.5 V        ; 0 s                 ; 0 s                 ; 2.32 V                       ; 1.17e-08 V                   ; 2.42 V              ; -0.0607 V           ; 0.271 V                              ; 0.095 V                              ; 2.93e-10 s                  ; 3.92e-10 s                  ; No                         ; Yes                        ; 2.32 V                      ; 1.17e-08 V                  ; 2.42 V             ; -0.0607 V          ; 0.271 V                             ; 0.095 V                             ; 2.93e-10 s                 ; 3.92e-10 s                 ; No                        ; Yes                       ;
; HEX0[1]       ; 2.5 V        ; 0 s                 ; 0 s                 ; 2.32 V                       ; 1.17e-08 V                   ; 2.42 V              ; -0.0619 V           ; 0.272 V                              ; 0.096 V                              ; 2.93e-10 s                  ; 3.92e-10 s                  ; No                         ; Yes                        ; 2.32 V                      ; 1.17e-08 V                  ; 2.42 V             ; -0.0619 V          ; 0.272 V                             ; 0.096 V                             ; 2.93e-10 s                 ; 3.92e-10 s                 ; No                        ; Yes                       ;
; HEX0[2]       ; 2.5 V        ; 0 s                 ; 0 s                 ; 2.32 V                       ; 1.17e-08 V                   ; 2.42 V              ; -0.0619 V           ; 0.272 V                              ; 0.096 V                              ; 2.93e-10 s                  ; 3.92e-10 s                  ; No                         ; Yes                        ; 2.32 V                      ; 1.17e-08 V                  ; 2.42 V             ; -0.0619 V          ; 0.272 V                             ; 0.096 V                             ; 2.93e-10 s                 ; 3.92e-10 s                 ; No                        ; Yes                       ;
; HEX0[3]       ; 2.5 V        ; 0 s                 ; 0 s                 ; 2.32 V                       ; 1.17e-08 V                   ; 2.42 V              ; -0.0607 V           ; 0.271 V                              ; 0.095 V                              ; 2.93e-10 s                  ; 3.92e-10 s                  ; No                         ; Yes                        ; 2.32 V                      ; 1.17e-08 V                  ; 2.42 V             ; -0.0607 V          ; 0.271 V                             ; 0.095 V                             ; 2.93e-10 s                 ; 3.92e-10 s                 ; No                        ; Yes                       ;
; HEX0[4]       ; 2.5 V        ; 0 s                 ; 0 s                 ; 2.32 V                       ; 1.17e-08 V                   ; 2.42 V              ; -0.0607 V           ; 0.271 V                              ; 0.095 V                              ; 2.93e-10 s                  ; 3.92e-10 s                  ; No                         ; Yes                        ; 2.32 V                      ; 1.17e-08 V                  ; 2.42 V             ; -0.0607 V          ; 0.271 V                             ; 0.095 V                             ; 2.93e-10 s                 ; 3.92e-10 s                 ; No                        ; Yes                       ;
; HEX0[5]       ; 2.5 V        ; 0 s                 ; 0 s                 ; 2.32 V                       ; 1.17e-08 V                   ; 2.42 V              ; -0.0607 V           ; 0.271 V                              ; 0.095 V                              ; 2.93e-10 s                  ; 3.92e-10 s                  ; No                         ; Yes                        ; 2.32 V                      ; 1.17e-08 V                  ; 2.42 V             ; -0.0607 V          ; 0.271 V                             ; 0.095 V                             ; 2.93e-10 s                 ; 3.92e-10 s                 ; No                        ; Yes                       ;
; HEX0[6]       ; 2.5 V        ; 0 s                 ; 0 s                 ; 2.32 V                       ; 1.17e-08 V                   ; 2.42 V              ; -0.0619 V           ; 0.272 V                              ; 0.096 V                              ; 2.93e-10 s                  ; 3.92e-10 s                  ; No                         ; Yes                        ; 2.32 V                      ; 1.17e-08 V                  ; 2.42 V             ; -0.0619 V          ; 0.272 V                             ; 0.096 V                             ; 2.93e-10 s                 ; 3.92e-10 s                 ; No                        ; Yes                       ;
; HEX0[7]       ; 2.5 V        ; 0 s                 ; 0 s                 ; 2.32 V                       ; 1.17e-08 V                   ; 2.42 V              ; -0.0607 V           ; 0.271 V                              ; 0.095 V                              ; 2.93e-10 s                  ; 3.92e-10 s                  ; No                         ; Yes                        ; 2.32 V                      ; 1.17e-08 V                  ; 2.42 V             ; -0.0607 V          ; 0.271 V                             ; 0.095 V                             ; 2.93e-10 s                 ; 3.92e-10 s                 ; No                        ; Yes                       ;
; HEX1[0]       ; 2.5 V        ; 0 s                 ; 0 s                 ; 2.32 V                       ; 1.17e-08 V                   ; 2.42 V              ; -0.0607 V           ; 0.271 V                              ; 0.095 V                              ; 2.93e-10 s                  ; 3.92e-10 s                  ; No                         ; Yes                        ; 2.32 V                      ; 1.17e-08 V                  ; 2.42 V             ; -0.0607 V          ; 0.271 V                             ; 0.095 V                             ; 2.93e-10 s                 ; 3.92e-10 s                 ; No                        ; Yes                       ;
; HEX1[1]       ; 2.5 V        ; 0 s                 ; 0 s                 ; 2.32 V                       ; 1.17e-08 V                   ; 2.42 V              ; -0.0607 V           ; 0.271 V                              ; 0.095 V                              ; 2.93e-10 s                  ; 3.92e-10 s                  ; No                         ; Yes                        ; 2.32 V                      ; 1.17e-08 V                  ; 2.42 V             ; -0.0607 V          ; 0.271 V                             ; 0.095 V                             ; 2.93e-10 s                 ; 3.92e-10 s                 ; No                        ; Yes                       ;
; HEX1[2]       ; 2.5 V        ; 0 s                 ; 0 s                 ; 2.32 V                       ; 1.17e-08 V                   ; 2.42 V              ; -0.0619 V           ; 0.272 V                              ; 0.096 V                              ; 2.93e-10 s                  ; 3.92e-10 s                  ; No                         ; Yes                        ; 2.32 V                      ; 1.17e-08 V                  ; 2.42 V             ; -0.0619 V          ; 0.272 V                             ; 0.096 V                             ; 2.93e-10 s                 ; 3.92e-10 s                 ; No                        ; Yes                       ;
; HEX1[3]       ; 2.5 V        ; 0 s                 ; 0 s                 ; 2.32 V                       ; 1.17e-08 V                   ; 2.42 V              ; -0.0607 V           ; 0.271 V                              ; 0.095 V                              ; 2.93e-10 s                  ; 3.92e-10 s                  ; No                         ; Yes                        ; 2.32 V                      ; 1.17e-08 V                  ; 2.42 V             ; -0.0607 V          ; 0.271 V                             ; 0.095 V                             ; 2.93e-10 s                 ; 3.92e-10 s                 ; No                        ; Yes                       ;
; HEX1[4]       ; 2.5 V        ; 0 s                 ; 0 s                 ; 2.32 V                       ; 1.17e-08 V                   ; 2.42 V              ; -0.0619 V           ; 0.272 V                              ; 0.096 V                              ; 2.93e-10 s                  ; 3.92e-10 s                  ; No                         ; Yes                        ; 2.32 V                      ; 1.17e-08 V                  ; 2.42 V             ; -0.0619 V          ; 0.272 V                             ; 0.096 V                             ; 2.93e-10 s                 ; 3.92e-10 s                 ; No                        ; Yes                       ;
; HEX1[5]       ; 2.5 V        ; 0 s                 ; 0 s                 ; 2.32 V                       ; 1.17e-08 V                   ; 2.42 V              ; -0.0607 V           ; 0.271 V                              ; 0.095 V                              ; 2.93e-10 s                  ; 3.92e-10 s                  ; No                         ; Yes                        ; 2.32 V                      ; 1.17e-08 V                  ; 2.42 V             ; -0.0607 V          ; 0.271 V                             ; 0.095 V                             ; 2.93e-10 s                 ; 3.92e-10 s                 ; No                        ; Yes                       ;
; HEX1[6]       ; 2.5 V        ; 0 s                 ; 0 s                 ; 2.32 V                       ; 1.17e-08 V                   ; 2.42 V              ; -0.0619 V           ; 0.272 V                              ; 0.096 V                              ; 2.93e-10 s                  ; 3.92e-10 s                  ; No                         ; Yes                        ; 2.32 V                      ; 1.17e-08 V                  ; 2.42 V             ; -0.0619 V          ; 0.272 V                             ; 0.096 V                             ; 2.93e-10 s                 ; 3.92e-10 s                 ; No                        ; Yes                       ;
; HEX1[7]       ; 2.5 V        ; 0 s                 ; 0 s                 ; 2.32 V                       ; 1.17e-08 V                   ; 2.42 V              ; -0.0619 V           ; 0.272 V                              ; 0.096 V                              ; 2.93e-10 s                  ; 3.92e-10 s                  ; No                         ; Yes                        ; 2.32 V                      ; 1.17e-08 V                  ; 2.42 V             ; -0.0619 V          ; 0.272 V                             ; 0.096 V                             ; 2.93e-10 s                 ; 3.92e-10 s                 ; No                        ; Yes                       ;
; HEX2[0]       ; 2.5 V        ; 0 s                 ; 0 s                 ; 2.32 V                       ; 1.17e-08 V                   ; 2.42 V              ; -0.0607 V           ; 0.271 V                              ; 0.095 V                              ; 2.93e-10 s                  ; 3.92e-10 s                  ; No                         ; Yes                        ; 2.32 V                      ; 1.17e-08 V                  ; 2.42 V             ; -0.0607 V          ; 0.271 V                             ; 0.095 V                             ; 2.93e-10 s                 ; 3.92e-10 s                 ; No                        ; Yes                       ;
; HEX2[1]       ; 2.5 V        ; 0 s                 ; 0 s                 ; 2.32 V                       ; 1.17e-08 V                   ; 2.42 V              ; -0.0607 V           ; 0.271 V                              ; 0.095 V                              ; 2.93e-10 s                  ; 3.92e-10 s                  ; No                         ; Yes                        ; 2.32 V                      ; 1.17e-08 V                  ; 2.42 V             ; -0.0607 V          ; 0.271 V                             ; 0.095 V                             ; 2.93e-10 s                 ; 3.92e-10 s                 ; No                        ; Yes                       ;
; HEX2[2]       ; 2.5 V        ; 0 s                 ; 0 s                 ; 2.32 V                       ; 1.17e-08 V                   ; 2.42 V              ; -0.0619 V           ; 0.272 V                              ; 0.096 V                              ; 2.93e-10 s                  ; 3.92e-10 s                  ; No                         ; Yes                        ; 2.32 V                      ; 1.17e-08 V                  ; 2.42 V             ; -0.0619 V          ; 0.272 V                             ; 0.096 V                             ; 2.93e-10 s                 ; 3.92e-10 s                 ; No                        ; Yes                       ;
; HEX2[3]       ; 2.5 V        ; 0 s                 ; 0 s                 ; 2.32 V                       ; 1.17e-08 V                   ; 2.42 V              ; -0.0619 V           ; 0.272 V                              ; 0.096 V                              ; 2.93e-10 s                  ; 3.92e-10 s                  ; No                         ; Yes                        ; 2.32 V                      ; 1.17e-08 V                  ; 2.42 V             ; -0.0619 V          ; 0.272 V                             ; 0.096 V                             ; 2.93e-10 s                 ; 3.92e-10 s                 ; No                        ; Yes                       ;
; HEX2[4]       ; 2.5 V        ; 0 s                 ; 0 s                 ; 2.32 V                       ; 1.17e-08 V                   ; 2.42 V              ; -0.0619 V           ; 0.272 V                              ; 0.096 V                              ; 2.93e-10 s                  ; 3.92e-10 s                  ; No                         ; Yes                        ; 2.32 V                      ; 1.17e-08 V                  ; 2.42 V             ; -0.0619 V          ; 0.272 V                             ; 0.096 V                             ; 2.93e-10 s                 ; 3.92e-10 s                 ; No                        ; Yes                       ;
; HEX2[5]       ; 2.5 V        ; 0 s                 ; 0 s                 ; 2.32 V                       ; 1.17e-08 V                   ; 2.42 V              ; -0.0619 V           ; 0.272 V                              ; 0.096 V                              ; 2.93e-10 s                  ; 3.92e-10 s                  ; No                         ; Yes                        ; 2.32 V                      ; 1.17e-08 V                  ; 2.42 V             ; -0.0619 V          ; 0.272 V                             ; 0.096 V                             ; 2.93e-10 s                 ; 3.92e-10 s                 ; No                        ; Yes                       ;
; HEX2[6]       ; 2.5 V        ; 0 s                 ; 0 s                 ; 2.32 V                       ; 1.17e-08 V                   ; 2.42 V              ; -0.0607 V           ; 0.271 V                              ; 0.095 V                              ; 2.93e-10 s                  ; 3.92e-10 s                  ; No                         ; Yes                        ; 2.32 V                      ; 1.17e-08 V                  ; 2.42 V             ; -0.0607 V          ; 0.271 V                             ; 0.095 V                             ; 2.93e-10 s                 ; 3.92e-10 s                 ; No                        ; Yes                       ;
; HEX2[7]       ; 2.5 V        ; 0 s                 ; 0 s                 ; 2.32 V                       ; 1.17e-08 V                   ; 2.42 V              ; -0.0619 V           ; 0.272 V                              ; 0.096 V                              ; 2.93e-10 s                  ; 3.92e-10 s                  ; No                         ; Yes                        ; 2.32 V                      ; 1.17e-08 V                  ; 2.42 V             ; -0.0619 V          ; 0.272 V                             ; 0.096 V                             ; 2.93e-10 s                 ; 3.92e-10 s                 ; No                        ; Yes                       ;
; HEX3[0]       ; 2.5 V        ; 0 s                 ; 0 s                 ; 2.32 V                       ; 1.17e-08 V                   ; 2.42 V              ; -0.0607 V           ; 0.271 V                              ; 0.095 V                              ; 2.93e-10 s                  ; 3.92e-10 s                  ; No                         ; Yes                        ; 2.32 V                      ; 1.17e-08 V                  ; 2.42 V             ; -0.0607 V          ; 0.271 V                             ; 0.095 V                             ; 2.93e-10 s                 ; 3.92e-10 s                 ; No                        ; Yes                       ;
; HEX3[1]       ; 2.5 V        ; 0 s                 ; 0 s                 ; 2.32 V                       ; 1.17e-08 V                   ; 2.42 V              ; -0.0607 V           ; 0.271 V                              ; 0.095 V                              ; 2.93e-10 s                  ; 3.92e-10 s                  ; No                         ; Yes                        ; 2.32 V                      ; 1.17e-08 V                  ; 2.42 V             ; -0.0607 V          ; 0.271 V                             ; 0.095 V                             ; 2.93e-10 s                 ; 3.92e-10 s                 ; No                        ; Yes                       ;
; HEX3[2]       ; 2.5 V        ; 0 s                 ; 0 s                 ; 2.32 V                       ; 1.17e-08 V                   ; 2.42 V              ; -0.0619 V           ; 0.272 V                              ; 0.096 V                              ; 2.93e-10 s                  ; 3.92e-10 s                  ; No                         ; Yes                        ; 2.32 V                      ; 1.17e-08 V                  ; 2.42 V             ; -0.0619 V          ; 0.272 V                             ; 0.096 V                             ; 2.93e-10 s                 ; 3.92e-10 s                 ; No                        ; Yes                       ;
; HEX3[3]       ; 2.5 V        ; 0 s                 ; 0 s                 ; 2.32 V                       ; 1.17e-08 V                   ; 2.42 V              ; -0.0607 V           ; 0.271 V                              ; 0.095 V                              ; 2.93e-10 s                  ; 3.92e-10 s                  ; No                         ; Yes                        ; 2.32 V                      ; 1.17e-08 V                  ; 2.42 V             ; -0.0607 V          ; 0.271 V                             ; 0.095 V                             ; 2.93e-10 s                 ; 3.92e-10 s                 ; No                        ; Yes                       ;
; HEX3[4]       ; 2.5 V        ; 0 s                 ; 0 s                 ; 2.32 V                       ; 1.17e-08 V                   ; 2.42 V              ; -0.0607 V           ; 0.271 V                              ; 0.095 V                              ; 2.93e-10 s                  ; 3.92e-10 s                  ; No                         ; Yes                        ; 2.32 V                      ; 1.17e-08 V                  ; 2.42 V             ; -0.0607 V          ; 0.271 V                             ; 0.095 V                             ; 2.93e-10 s                 ; 3.92e-10 s                 ; No                        ; Yes                       ;
; HEX3[5]       ; 2.5 V        ; 0 s                 ; 0 s                 ; 2.32 V                       ; 1.17e-08 V                   ; 2.42 V              ; -0.0619 V           ; 0.272 V                              ; 0.096 V                              ; 2.93e-10 s                  ; 3.92e-10 s                  ; No                         ; Yes                        ; 2.32 V                      ; 1.17e-08 V                  ; 2.42 V             ; -0.0619 V          ; 0.272 V                             ; 0.096 V                             ; 2.93e-10 s                 ; 3.92e-10 s                 ; No                        ; Yes                       ;
; HEX3[6]       ; 2.5 V        ; 0 s                 ; 0 s                 ; 2.32 V                       ; 1.17e-08 V                   ; 2.42 V              ; -0.0619 V           ; 0.272 V                              ; 0.096 V                              ; 2.93e-10 s                  ; 3.92e-10 s                  ; No                         ; Yes                        ; 2.32 V                      ; 1.17e-08 V                  ; 2.42 V             ; -0.0619 V          ; 0.272 V                             ; 0.096 V                             ; 2.93e-10 s                 ; 3.92e-10 s                 ; No                        ; Yes                       ;
; HEX3[7]       ; 2.5 V        ; 0 s                 ; 0 s                 ; 2.32 V                       ; 1.17e-08 V                   ; 2.42 V              ; -0.0607 V           ; 0.271 V                              ; 0.095 V                              ; 2.93e-10 s                  ; 3.92e-10 s                  ; No                         ; Yes                        ; 2.32 V                      ; 1.17e-08 V                  ; 2.42 V             ; -0.0607 V          ; 0.271 V                             ; 0.095 V                             ; 2.93e-10 s                 ; 3.92e-10 s                 ; No                        ; Yes                       ;
; HEX4[0]       ; 2.5 V        ; 0 s                 ; 0 s                 ; 2.32 V                       ; 1.17e-08 V                   ; 2.42 V              ; -0.0619 V           ; 0.272 V                              ; 0.096 V                              ; 2.93e-10 s                  ; 3.92e-10 s                  ; No                         ; Yes                        ; 2.32 V                      ; 1.17e-08 V                  ; 2.42 V             ; -0.0619 V          ; 0.272 V                             ; 0.096 V                             ; 2.93e-10 s                 ; 3.92e-10 s                 ; No                        ; Yes                       ;
; HEX4[1]       ; 2.5 V        ; 0 s                 ; 0 s                 ; 2.32 V                       ; 1.17e-08 V                   ; 2.42 V              ; -0.0619 V           ; 0.272 V                              ; 0.096 V                              ; 2.93e-10 s                  ; 3.92e-10 s                  ; No                         ; Yes                        ; 2.32 V                      ; 1.17e-08 V                  ; 2.42 V             ; -0.0619 V          ; 0.272 V                             ; 0.096 V                             ; 2.93e-10 s                 ; 3.92e-10 s                 ; No                        ; Yes                       ;
; HEX4[2]       ; 2.5 V        ; 0 s                 ; 0 s                 ; 2.32 V                       ; 1.17e-08 V                   ; 2.42 V              ; -0.0607 V           ; 0.271 V                              ; 0.095 V                              ; 2.93e-10 s                  ; 3.92e-10 s                  ; No                         ; Yes                        ; 2.32 V                      ; 1.17e-08 V                  ; 2.42 V             ; -0.0607 V          ; 0.271 V                             ; 0.095 V                             ; 2.93e-10 s                 ; 3.92e-10 s                 ; No                        ; Yes                       ;
; HEX4[3]       ; 2.5 V        ; 0 s                 ; 0 s                 ; 2.32 V                       ; 1.17e-08 V                   ; 2.42 V              ; -0.0619 V           ; 0.272 V                              ; 0.096 V                              ; 2.93e-10 s                  ; 3.92e-10 s                  ; No                         ; Yes                        ; 2.32 V                      ; 1.17e-08 V                  ; 2.42 V             ; -0.0619 V          ; 0.272 V                             ; 0.096 V                             ; 2.93e-10 s                 ; 3.92e-10 s                 ; No                        ; Yes                       ;
; HEX4[4]       ; 2.5 V        ; 0 s                 ; 0 s                 ; 2.32 V                       ; 1.17e-08 V                   ; 2.42 V              ; -0.0607 V           ; 0.271 V                              ; 0.095 V                              ; 2.93e-10 s                  ; 3.92e-10 s                  ; No                         ; Yes                        ; 2.32 V                      ; 1.17e-08 V                  ; 2.42 V             ; -0.0607 V          ; 0.271 V                             ; 0.095 V                             ; 2.93e-10 s                 ; 3.92e-10 s                 ; No                        ; Yes                       ;
; HEX4[5]       ; 2.5 V        ; 0 s                 ; 0 s                 ; 2.32 V                       ; 1.17e-08 V                   ; 2.42 V              ; -0.0607 V           ; 0.271 V                              ; 0.095 V                              ; 2.93e-10 s                  ; 3.92e-10 s                  ; No                         ; Yes                        ; 2.32 V                      ; 1.17e-08 V                  ; 2.42 V             ; -0.0607 V          ; 0.271 V                             ; 0.095 V                             ; 2.93e-10 s                 ; 3.92e-10 s                 ; No                        ; Yes                       ;
; HEX4[6]       ; 2.5 V        ; 0 s                 ; 0 s                 ; 2.32 V                       ; 1.17e-08 V                   ; 2.42 V              ; -0.0619 V           ; 0.272 V                              ; 0.096 V                              ; 2.93e-10 s                  ; 3.92e-10 s                  ; No                         ; Yes                        ; 2.32 V                      ; 1.17e-08 V                  ; 2.42 V             ; -0.0619 V          ; 0.272 V                             ; 0.096 V                             ; 2.93e-10 s                 ; 3.92e-10 s                 ; No                        ; Yes                       ;
; HEX4[7]       ; 2.5 V        ; 0 s                 ; 0 s                 ; 2.32 V                       ; 1.17e-08 V                   ; 2.42 V              ; -0.0607 V           ; 0.271 V                              ; 0.095 V                              ; 2.93e-10 s                  ; 3.92e-10 s                  ; No                         ; Yes                        ; 2.32 V                      ; 1.17e-08 V                  ; 2.42 V             ; -0.0607 V          ; 0.271 V                             ; 0.095 V                             ; 2.93e-10 s                 ; 3.92e-10 s                 ; No                        ; Yes                       ;
; TXD           ; 2.5 V        ; 0 s                 ; 0 s                 ; 2.32 V                       ; 1.17e-08 V                   ; 2.42 V              ; -0.0619 V           ; 0.272 V                              ; 0.096 V                              ; 2.93e-10 s                  ; 3.92e-10 s                  ; No                         ; Yes                        ; 2.32 V                      ; 1.17e-08 V                  ; 2.42 V             ; -0.0619 V          ; 0.272 V                             ; 0.096 V                             ; 2.93e-10 s                 ; 3.92e-10 s                 ; No                        ; Yes                       ;
; TDO           ; 2.5 V        ; 0 s                 ; 0 s                 ; 2.32 V                       ; 1.17e-08 V                   ; 2.41 V              ; -0.055 V            ; 0.154 V                              ; 0.113 V                              ; 4.49e-10 s                  ; 4.14e-10 s                  ; No                         ; Yes                        ; 2.32 V                      ; 1.17e-08 V                  ; 2.41 V             ; -0.055 V           ; 0.154 V                             ; 0.113 V                             ; 4.49e-10 s                 ; 4.14e-10 s                 ; No                        ; Yes                       ;
; DRAM_ADDR[0]  ; 2.5 V        ; 0 s                 ; 0 s                 ; 2.32 V                       ; 1.17e-08 V                   ; 2.42 V              ; -0.0619 V           ; 0.272 V                              ; 0.096 V                              ; 2.93e-10 s                  ; 3.92e-10 s                  ; No                         ; Yes                        ; 2.32 V                      ; 1.17e-08 V                  ; 2.42 V             ; -0.0619 V          ; 0.272 V                             ; 0.096 V                             ; 2.93e-10 s                 ; 3.92e-10 s                 ; No                        ; Yes                       ;
; DRAM_ADDR[1]  ; 2.5 V        ; 0 s                 ; 0 s                 ; 2.32 V                       ; 1.17e-08 V                   ; 2.42 V              ; -0.0607 V           ; 0.271 V                              ; 0.095 V                              ; 2.93e-10 s                  ; 3.92e-10 s                  ; No                         ; Yes                        ; 2.32 V                      ; 1.17e-08 V                  ; 2.42 V             ; -0.0607 V          ; 0.271 V                             ; 0.095 V                             ; 2.93e-10 s                 ; 3.92e-10 s                 ; No                        ; Yes                       ;
; DRAM_ADDR[2]  ; 2.5 V        ; 0 s                 ; 0 s                 ; 2.32 V                       ; 1.17e-08 V                   ; 2.42 V              ; -0.0607 V           ; 0.271 V                              ; 0.095 V                              ; 2.93e-10 s                  ; 3.92e-10 s                  ; No                         ; Yes                        ; 2.32 V                      ; 1.17e-08 V                  ; 2.42 V             ; -0.0607 V          ; 0.271 V                             ; 0.095 V                             ; 2.93e-10 s                 ; 3.92e-10 s                 ; No                        ; Yes                       ;
; DRAM_ADDR[3]  ; 2.5 V        ; 0 s                 ; 0 s                 ; 2.32 V                       ; 1.17e-08 V                   ; 2.42 V              ; -0.0607 V           ; 0.271 V                              ; 0.095 V                              ; 2.93e-10 s                  ; 3.92e-10 s                  ; No                         ; Yes                        ; 2.32 V                      ; 1.17e-08 V                  ; 2.42 V             ; -0.0607 V          ; 0.271 V                             ; 0.095 V                             ; 2.93e-10 s                 ; 3.92e-10 s                 ; No                        ; Yes                       ;
; DRAM_ADDR[4]  ; 2.5 V        ; 0 s                 ; 0 s                 ; 2.32 V                       ; 1.17e-08 V                   ; 2.42 V              ; -0.0619 V           ; 0.272 V                              ; 0.096 V                              ; 2.93e-10 s                  ; 3.92e-10 s                  ; No                         ; Yes                        ; 2.32 V                      ; 1.17e-08 V                  ; 2.42 V             ; -0.0619 V          ; 0.272 V                             ; 0.096 V                             ; 2.93e-10 s                 ; 3.92e-10 s                 ; No                        ; Yes                       ;
; DRAM_ADDR[5]  ; 2.5 V        ; 0 s                 ; 0 s                 ; 2.32 V                       ; 1.17e-08 V                   ; 2.42 V              ; -0.0619 V           ; 0.272 V                              ; 0.096 V                              ; 2.93e-10 s                  ; 3.92e-10 s                  ; No                         ; Yes                        ; 2.32 V                      ; 1.17e-08 V                  ; 2.42 V             ; -0.0619 V          ; 0.272 V                             ; 0.096 V                             ; 2.93e-10 s                 ; 3.92e-10 s                 ; No                        ; Yes                       ;
; DRAM_ADDR[6]  ; 2.5 V        ; 0 s                 ; 0 s                 ; 2.32 V                       ; 1.17e-08 V                   ; 2.42 V              ; -0.0607 V           ; 0.271 V                              ; 0.095 V                              ; 2.93e-10 s                  ; 3.92e-10 s                  ; No                         ; Yes                        ; 2.32 V                      ; 1.17e-08 V                  ; 2.42 V             ; -0.0607 V          ; 0.271 V                             ; 0.095 V                             ; 2.93e-10 s                 ; 3.92e-10 s                 ; No                        ; Yes                       ;
; DRAM_ADDR[7]  ; 2.5 V        ; 0 s                 ; 0 s                 ; 2.32 V                       ; 1.17e-08 V                   ; 2.42 V              ; -0.0607 V           ; 0.271 V                              ; 0.095 V                              ; 2.93e-10 s                  ; 3.92e-10 s                  ; No                         ; Yes                        ; 2.32 V                      ; 1.17e-08 V                  ; 2.42 V             ; -0.0607 V          ; 0.271 V                             ; 0.095 V                             ; 2.93e-10 s                 ; 3.92e-10 s                 ; No                        ; Yes                       ;
; DRAM_ADDR[8]  ; 2.5 V        ; 0 s                 ; 0 s                 ; 2.32 V                       ; 1.17e-08 V                   ; 2.42 V              ; -0.0619 V           ; 0.272 V                              ; 0.096 V                              ; 2.93e-10 s                  ; 3.92e-10 s                  ; No                         ; Yes                        ; 2.32 V                      ; 1.17e-08 V                  ; 2.42 V             ; -0.0619 V          ; 0.272 V                             ; 0.096 V                             ; 2.93e-10 s                 ; 3.92e-10 s                 ; No                        ; Yes                       ;
; DRAM_ADDR[9]  ; 2.5 V        ; 0 s                 ; 0 s                 ; 2.32 V                       ; 1.17e-08 V                   ; 2.42 V              ; -0.0607 V           ; 0.271 V                              ; 0.095 V                              ; 2.93e-10 s                  ; 3.92e-10 s                  ; No                         ; Yes                        ; 2.32 V                      ; 1.17e-08 V                  ; 2.42 V             ; -0.0607 V          ; 0.271 V                             ; 0.095 V                             ; 2.93e-10 s                 ; 3.92e-10 s                 ; No                        ; Yes                       ;
; DRAM_ADDR[10] ; 2.5 V        ; 0 s                 ; 0 s                 ; 2.32 V                       ; 1.17e-08 V                   ; 2.42 V              ; -0.0607 V           ; 0.271 V                              ; 0.095 V                              ; 2.93e-10 s                  ; 3.92e-10 s                  ; No                         ; Yes                        ; 2.32 V                      ; 1.17e-08 V                  ; 2.42 V             ; -0.0607 V          ; 0.271 V                             ; 0.095 V                             ; 2.93e-10 s                 ; 3.92e-10 s                 ; No                        ; Yes                       ;
; DRAM_ADDR[11] ; 2.5 V        ; 0 s                 ; 0 s                 ; 2.32 V                       ; 1.17e-08 V                   ; 2.42 V              ; -0.0619 V           ; 0.272 V                              ; 0.096 V                              ; 2.93e-10 s                  ; 3.92e-10 s                  ; No                         ; Yes                        ; 2.32 V                      ; 1.17e-08 V                  ; 2.42 V             ; -0.0619 V          ; 0.272 V                             ; 0.096 V                             ; 2.93e-10 s                 ; 3.92e-10 s                 ; No                        ; Yes                       ;
; DRAM_ADDR[12] ; 2.5 V        ; 0 s                 ; 0 s                 ; 2.32 V                       ; 1.17e-08 V                   ; 2.42 V              ; -0.0619 V           ; 0.272 V                              ; 0.096 V                              ; 2.93e-10 s                  ; 3.92e-10 s                  ; No                         ; Yes                        ; 2.32 V                      ; 1.17e-08 V                  ; 2.42 V             ; -0.0619 V          ; 0.272 V                             ; 0.096 V                             ; 2.93e-10 s                 ; 3.92e-10 s                 ; No                        ; Yes                       ;
; DRAM_BA[0]    ; 2.5 V        ; 0 s                 ; 0 s                 ; 2.32 V                       ; 1.17e-08 V                   ; 2.42 V              ; -0.0607 V           ; 0.271 V                              ; 0.095 V                              ; 2.93e-10 s                  ; 3.92e-10 s                  ; No                         ; Yes                        ; 2.32 V                      ; 1.17e-08 V                  ; 2.42 V             ; -0.0607 V          ; 0.271 V                             ; 0.095 V                             ; 2.93e-10 s                 ; 3.92e-10 s                 ; No                        ; Yes                       ;
; DRAM_BA[1]    ; 2.5 V        ; 0 s                 ; 0 s                 ; 2.32 V                       ; 1.17e-08 V                   ; 2.42 V              ; -0.0619 V           ; 0.272 V                              ; 0.096 V                              ; 2.93e-10 s                  ; 3.92e-10 s                  ; No                         ; Yes                        ; 2.32 V                      ; 1.17e-08 V                  ; 2.42 V             ; -0.0619 V          ; 0.272 V                             ; 0.096 V                             ; 2.93e-10 s                 ; 3.92e-10 s                 ; No                        ; Yes                       ;
; DRAM_CAS_N    ; 2.5 V        ; 0 s                 ; 0 s                 ; 2.32 V                       ; 1.17e-08 V                   ; 2.42 V              ; -0.0607 V           ; 0.271 V                              ; 0.095 V                              ; 2.93e-10 s                  ; 3.92e-10 s                  ; No                         ; Yes                        ; 2.32 V                      ; 1.17e-08 V                  ; 2.42 V             ; -0.0607 V          ; 0.271 V                             ; 0.095 V                             ; 2.93e-10 s                 ; 3.92e-10 s                 ; No                        ; Yes                       ;
; DRAM_CKE      ; 2.5 V        ; 0 s                 ; 0 s                 ; 2.32 V                       ; 1.17e-08 V                   ; 2.42 V              ; -0.0619 V           ; 0.272 V                              ; 0.096 V                              ; 2.93e-10 s                  ; 3.92e-10 s                  ; No                         ; Yes                        ; 2.32 V                      ; 1.17e-08 V                  ; 2.42 V             ; -0.0619 V          ; 0.272 V                             ; 0.096 V                             ; 2.93e-10 s                 ; 3.92e-10 s                 ; No                        ; Yes                       ;
; DRAM_CLK      ; 2.5 V        ; 0 s                 ; 0 s                 ; 2.32 V                       ; 1.17e-08 V                   ; 2.42 V              ; -0.0607 V           ; 0.271 V                              ; 0.095 V                              ; 2.93e-10 s                  ; 3.92e-10 s                  ; No                         ; Yes                        ; 2.32 V                      ; 1.17e-08 V                  ; 2.42 V             ; -0.0607 V          ; 0.271 V                             ; 0.095 V                             ; 2.93e-10 s                 ; 3.92e-10 s                 ; No                        ; Yes                       ;
; DRAM_CS_N     ; 2.5 V        ; 0 s                 ; 0 s                 ; 2.32 V                       ; 1.17e-08 V                   ; 2.42 V              ; -0.0619 V           ; 0.272 V                              ; 0.096 V                              ; 2.93e-10 s                  ; 3.92e-10 s                  ; No                         ; Yes                        ; 2.32 V                      ; 1.17e-08 V                  ; 2.42 V             ; -0.0619 V          ; 0.272 V                             ; 0.096 V                             ; 2.93e-10 s                 ; 3.92e-10 s                 ; No                        ; Yes                       ;
; DRAM_RAS_N    ; 2.5 V        ; 0 s                 ; 0 s                 ; 2.32 V                       ; 1.17e-08 V                   ; 2.42 V              ; -0.0619 V           ; 0.272 V                              ; 0.096 V                              ; 2.93e-10 s                  ; 3.92e-10 s                  ; No                         ; Yes                        ; 2.32 V                      ; 1.17e-08 V                  ; 2.42 V             ; -0.0619 V          ; 0.272 V                             ; 0.096 V                             ; 2.93e-10 s                 ; 3.92e-10 s                 ; No                        ; Yes                       ;
; DRAM_WE_N     ; 2.5 V        ; 0 s                 ; 0 s                 ; 2.32 V                       ; 1.17e-08 V                   ; 2.42 V              ; -0.0607 V           ; 0.271 V                              ; 0.095 V                              ; 2.93e-10 s                  ; 3.92e-10 s                  ; No                         ; Yes                        ; 2.32 V                      ; 1.17e-08 V                  ; 2.42 V             ; -0.0607 V          ; 0.271 V                             ; 0.095 V                             ; 2.93e-10 s                 ; 3.92e-10 s                 ; No                        ; Yes                       ;
; DRAM_LDQM     ; 2.5 V        ; 0 s                 ; 0 s                 ; 2.32 V                       ; 1.17e-08 V                   ; 2.42 V              ; -0.0619 V           ; 0.272 V                              ; 0.096 V                              ; 2.93e-10 s                  ; 3.92e-10 s                  ; No                         ; Yes                        ; 2.32 V                      ; 1.17e-08 V                  ; 2.42 V             ; -0.0619 V          ; 0.272 V                             ; 0.096 V                             ; 2.93e-10 s                 ; 3.92e-10 s                 ; No                        ; Yes                       ;
; DRAM_UDQM     ; 2.5 V        ; 0 s                 ; 0 s                 ; 2.32 V                       ; 1.17e-08 V                   ; 2.42 V              ; -0.0619 V           ; 0.272 V                              ; 0.096 V                              ; 2.93e-10 s                  ; 3.92e-10 s                  ; No                         ; Yes                        ; 2.32 V                      ; 1.17e-08 V                  ; 2.42 V             ; -0.0619 V          ; 0.272 V                             ; 0.096 V                             ; 2.93e-10 s                 ; 3.92e-10 s                 ; No                        ; Yes                       ;
; ARDUINO_IO[0] ; 2.5 V        ; 0 s                 ; 0 s                 ; 2.32 V                       ; 1.17e-08 V                   ; 2.42 V              ; -0.0607 V           ; 0.271 V                              ; 0.095 V                              ; 2.93e-10 s                  ; 3.92e-10 s                  ; No                         ; Yes                        ; 2.32 V                      ; 1.17e-08 V                  ; 2.42 V             ; -0.0607 V          ; 0.271 V                             ; 0.095 V                             ; 2.93e-10 s                 ; 3.92e-10 s                 ; No                        ; Yes                       ;
; ARDUINO_IO[1] ; 2.5 V        ; 0 s                 ; 0 s                 ; 2.32 V                       ; 1.17e-08 V                   ; 2.42 V              ; -0.0619 V           ; 0.272 V                              ; 0.096 V                              ; 2.93e-10 s                  ; 3.92e-10 s                  ; No                         ; Yes                        ; 2.32 V                      ; 1.17e-08 V                  ; 2.42 V             ; -0.0619 V          ; 0.272 V                             ; 0.096 V                             ; 2.93e-10 s                 ; 3.92e-10 s                 ; No                        ; Yes                       ;
; ARDUINO_IO[2] ; 2.5 V        ; 0 s                 ; 0 s                 ; 2.32 V                       ; 1.17e-08 V                   ; 2.42 V              ; -0.0607 V           ; 0.271 V                              ; 0.095 V                              ; 2.93e-10 s                  ; 3.92e-10 s                  ; No                         ; Yes                        ; 2.32 V                      ; 1.17e-08 V                  ; 2.42 V             ; -0.0607 V          ; 0.271 V                             ; 0.095 V                             ; 2.93e-10 s                 ; 3.92e-10 s                 ; No                        ; Yes                       ;
; ARDUINO_IO[3] ; 2.5 V        ; 0 s                 ; 0 s                 ; 2.32 V                       ; 1.17e-08 V                   ; 2.42 V              ; -0.0607 V           ; 0.271 V                              ; 0.095 V                              ; 2.93e-10 s                  ; 3.92e-10 s                  ; No                         ; Yes                        ; 2.32 V                      ; 1.17e-08 V                  ; 2.42 V             ; -0.0607 V          ; 0.271 V                             ; 0.095 V                             ; 2.93e-10 s                 ; 3.92e-10 s                 ; No                        ; Yes                       ;
; ARDUINO_IO[4] ; 2.5 V        ; 0 s                 ; 0 s                 ; 2.32 V                       ; 1.17e-08 V                   ; 2.42 V              ; -0.0607 V           ; 0.271 V                              ; 0.095 V                              ; 2.93e-10 s                  ; 3.92e-10 s                  ; No                         ; Yes                        ; 2.32 V                      ; 1.17e-08 V                  ; 2.42 V             ; -0.0607 V          ; 0.271 V                             ; 0.095 V                             ; 2.93e-10 s                 ; 3.92e-10 s                 ; No                        ; Yes                       ;
; ARDUINO_IO[5] ; 2.5 V        ; 0 s                 ; 0 s                 ; 2.32 V                       ; 1.17e-08 V                   ; 2.41 V              ; -0.055 V            ; 0.154 V                              ; 0.113 V                              ; 4.49e-10 s                  ; 4.14e-10 s                  ; No                         ; Yes                        ; 2.32 V                      ; 1.17e-08 V                  ; 2.41 V             ; -0.055 V           ; 0.154 V                             ; 0.113 V                             ; 4.49e-10 s                 ; 4.14e-10 s                 ; No                        ; Yes                       ;
; ARDUINO_IO[6] ; 2.5 V        ; 0 s                 ; 0 s                 ; 2.32 V                       ; 1.17e-08 V                   ; 2.41 V              ; -0.055 V            ; 0.154 V                              ; 0.113 V                              ; 4.49e-10 s                  ; 4.14e-10 s                  ; No                         ; Yes                        ; 2.32 V                      ; 1.17e-08 V                  ; 2.41 V             ; -0.055 V           ; 0.154 V                             ; 0.113 V                             ; 4.49e-10 s                 ; 4.14e-10 s                 ; No                        ; Yes                       ;
; ARDUINO_IO[7] ; 2.5 V        ; 0 s                 ; 0 s                 ; 2.32 V                       ; 1.17e-08 V                   ; 2.41 V              ; -0.055 V            ; 0.153 V                              ; 0.113 V                              ; 4.49e-10 s                  ; 4.13e-10 s                  ; No                         ; Yes                        ; 2.32 V                      ; 1.17e-08 V                  ; 2.41 V             ; -0.055 V           ; 0.153 V                             ; 0.113 V                             ; 4.49e-10 s                 ; 4.13e-10 s                 ; No                        ; Yes                       ;
; ARDUINO_IO[8] ; 2.5 V        ; 0 s                 ; 0 s                 ; 2.32 V                       ; 1.17e-08 V                   ; 2.42 V              ; -0.0619 V           ; 0.272 V                              ; 0.096 V                              ; 2.93e-10 s                  ; 3.92e-10 s                  ; No                         ; Yes                        ; 2.32 V                      ; 1.17e-08 V                  ; 2.42 V             ; -0.0619 V          ; 0.272 V                             ; 0.096 V                             ; 2.93e-10 s                 ; 3.92e-10 s                 ; No                        ; Yes                       ;
; ARDUINO_IO[9] ; 2.5 V        ; 0 s                 ; 0 s                 ; 2.32 V                       ; 1.17e-08 V                   ; 2.41 V              ; -0.055 V            ; 0.154 V                              ; 0.113 V                              ; 4.49e-10 s                  ; 4.14e-10 s                  ; No                         ; Yes                        ; 2.32 V                      ; 1.17e-08 V                  ; 2.41 V             ; -0.055 V           ; 0.154 V                             ; 0.113 V                             ; 4.49e-10 s                 ; 4.14e-10 s                 ; No                        ; Yes                       ;
; DRAM_DQ[0]    ; 2.5 V        ; 0 s                 ; 0 s                 ; 2.32 V                       ; 1.17e-08 V                   ; 2.42 V              ; -0.0619 V           ; 0.272 V                              ; 0.096 V                              ; 2.93e-10 s                  ; 3.92e-10 s                  ; No                         ; Yes                        ; 2.32 V                      ; 1.17e-08 V                  ; 2.42 V             ; -0.0619 V          ; 0.272 V                             ; 0.096 V                             ; 2.93e-10 s                 ; 3.92e-10 s                 ; No                        ; Yes                       ;
; DRAM_DQ[1]    ; 2.5 V        ; 0 s                 ; 0 s                 ; 2.32 V                       ; 1.17e-08 V                   ; 2.42 V              ; -0.0607 V           ; 0.271 V                              ; 0.095 V                              ; 2.93e-10 s                  ; 3.92e-10 s                  ; No                         ; Yes                        ; 2.32 V                      ; 1.17e-08 V                  ; 2.42 V             ; -0.0607 V          ; 0.271 V                             ; 0.095 V                             ; 2.93e-10 s                 ; 3.92e-10 s                 ; No                        ; Yes                       ;
; DRAM_DQ[2]    ; 2.5 V        ; 0 s                 ; 0 s                 ; 2.32 V                       ; 1.17e-08 V                   ; 2.42 V              ; -0.0619 V           ; 0.272 V                              ; 0.096 V                              ; 2.93e-10 s                  ; 3.92e-10 s                  ; No                         ; Yes                        ; 2.32 V                      ; 1.17e-08 V                  ; 2.42 V             ; -0.0619 V          ; 0.272 V                             ; 0.096 V                             ; 2.93e-10 s                 ; 3.92e-10 s                 ; No                        ; Yes                       ;
; DRAM_DQ[3]    ; 2.5 V        ; 0 s                 ; 0 s                 ; 2.32 V                       ; 1.17e-08 V                   ; 2.42 V              ; -0.0607 V           ; 0.271 V                              ; 0.095 V                              ; 2.93e-10 s                  ; 3.92e-10 s                  ; No                         ; Yes                        ; 2.32 V                      ; 1.17e-08 V                  ; 2.42 V             ; -0.0607 V          ; 0.271 V                             ; 0.095 V                             ; 2.93e-10 s                 ; 3.92e-10 s                 ; No                        ; Yes                       ;
; DRAM_DQ[4]    ; 2.5 V        ; 0 s                 ; 0 s                 ; 2.32 V                       ; 1.17e-08 V                   ; 2.42 V              ; -0.0607 V           ; 0.271 V                              ; 0.095 V                              ; 2.93e-10 s                  ; 3.92e-10 s                  ; No                         ; Yes                        ; 2.32 V                      ; 1.17e-08 V                  ; 2.42 V             ; -0.0607 V          ; 0.271 V                             ; 0.095 V                             ; 2.93e-10 s                 ; 3.92e-10 s                 ; No                        ; Yes                       ;
; DRAM_DQ[5]    ; 2.5 V        ; 0 s                 ; 0 s                 ; 2.32 V                       ; 1.17e-08 V                   ; 2.42 V              ; -0.0619 V           ; 0.272 V                              ; 0.096 V                              ; 2.93e-10 s                  ; 3.92e-10 s                  ; No                         ; Yes                        ; 2.32 V                      ; 1.17e-08 V                  ; 2.42 V             ; -0.0619 V          ; 0.272 V                             ; 0.096 V                             ; 2.93e-10 s                 ; 3.92e-10 s                 ; No                        ; Yes                       ;
; DRAM_DQ[6]    ; 2.5 V        ; 0 s                 ; 0 s                 ; 2.32 V                       ; 1.17e-08 V                   ; 2.42 V              ; -0.0619 V           ; 0.272 V                              ; 0.096 V                              ; 2.93e-10 s                  ; 3.92e-10 s                  ; No                         ; Yes                        ; 2.32 V                      ; 1.17e-08 V                  ; 2.42 V             ; -0.0619 V          ; 0.272 V                             ; 0.096 V                             ; 2.93e-10 s                 ; 3.92e-10 s                 ; No                        ; Yes                       ;
; DRAM_DQ[7]    ; 2.5 V        ; 0 s                 ; 0 s                 ; 2.32 V                       ; 1.17e-08 V                   ; 2.42 V              ; -0.0607 V           ; 0.271 V                              ; 0.095 V                              ; 2.93e-10 s                  ; 3.92e-10 s                  ; No                         ; Yes                        ; 2.32 V                      ; 1.17e-08 V                  ; 2.42 V             ; -0.0607 V          ; 0.271 V                             ; 0.095 V                             ; 2.93e-10 s                 ; 3.92e-10 s                 ; No                        ; Yes                       ;
; DRAM_DQ[8]    ; 2.5 V        ; 0 s                 ; 0 s                 ; 2.32 V                       ; 1.17e-08 V                   ; 2.42 V              ; -0.0607 V           ; 0.271 V                              ; 0.095 V                              ; 2.93e-10 s                  ; 3.92e-10 s                  ; No                         ; Yes                        ; 2.32 V                      ; 1.17e-08 V                  ; 2.42 V             ; -0.0607 V          ; 0.271 V                             ; 0.095 V                             ; 2.93e-10 s                 ; 3.92e-10 s                 ; No                        ; Yes                       ;
; DRAM_DQ[9]    ; 2.5 V        ; 0 s                 ; 0 s                 ; 2.32 V                       ; 1.17e-08 V                   ; 2.42 V              ; -0.0607 V           ; 0.271 V                              ; 0.095 V                              ; 2.93e-10 s                  ; 3.92e-10 s                  ; No                         ; Yes                        ; 2.32 V                      ; 1.17e-08 V                  ; 2.42 V             ; -0.0607 V          ; 0.271 V                             ; 0.095 V                             ; 2.93e-10 s                 ; 3.92e-10 s                 ; No                        ; Yes                       ;
; DRAM_DQ[10]   ; 2.5 V        ; 0 s                 ; 0 s                 ; 2.32 V                       ; 1.17e-08 V                   ; 2.42 V              ; -0.0619 V           ; 0.272 V                              ; 0.096 V                              ; 2.93e-10 s                  ; 3.92e-10 s                  ; No                         ; Yes                        ; 2.32 V                      ; 1.17e-08 V                  ; 2.42 V             ; -0.0619 V          ; 0.272 V                             ; 0.096 V                             ; 2.93e-10 s                 ; 3.92e-10 s                 ; No                        ; Yes                       ;
; DRAM_DQ[11]   ; 2.5 V        ; 0 s                 ; 0 s                 ; 2.32 V                       ; 1.17e-08 V                   ; 2.42 V              ; -0.0607 V           ; 0.271 V                              ; 0.095 V                              ; 2.93e-10 s                  ; 3.92e-10 s                  ; No                         ; Yes                        ; 2.32 V                      ; 1.17e-08 V                  ; 2.42 V             ; -0.0607 V          ; 0.271 V                             ; 0.095 V                             ; 2.93e-10 s                 ; 3.92e-10 s                 ; No                        ; Yes                       ;
; DRAM_DQ[12]   ; 2.5 V        ; 0 s                 ; 0 s                 ; 2.32 V                       ; 1.17e-08 V                   ; 2.42 V              ; -0.0607 V           ; 0.271 V                              ; 0.095 V                              ; 2.93e-10 s                  ; 3.92e-10 s                  ; No                         ; Yes                        ; 2.32 V                      ; 1.17e-08 V                  ; 2.42 V             ; -0.0607 V          ; 0.271 V                             ; 0.095 V                             ; 2.93e-10 s                 ; 3.92e-10 s                 ; No                        ; Yes                       ;
; DRAM_DQ[13]   ; 2.5 V        ; 0 s                 ; 0 s                 ; 2.32 V                       ; 1.17e-08 V                   ; 2.42 V              ; -0.0607 V           ; 0.271 V                              ; 0.095 V                              ; 2.93e-10 s                  ; 3.92e-10 s                  ; No                         ; Yes                        ; 2.32 V                      ; 1.17e-08 V                  ; 2.42 V             ; -0.0607 V          ; 0.271 V                             ; 0.095 V                             ; 2.93e-10 s                 ; 3.92e-10 s                 ; No                        ; Yes                       ;
; DRAM_DQ[14]   ; 2.5 V        ; 0 s                 ; 0 s                 ; 2.32 V                       ; 1.17e-08 V                   ; 2.42 V              ; -0.0619 V           ; 0.272 V                              ; 0.096 V                              ; 2.93e-10 s                  ; 3.92e-10 s                  ; No                         ; Yes                        ; 2.32 V                      ; 1.17e-08 V                  ; 2.42 V             ; -0.0619 V          ; 0.272 V                             ; 0.096 V                             ; 2.93e-10 s                 ; 3.92e-10 s                 ; No                        ; Yes                       ;
; DRAM_DQ[15]   ; 2.5 V        ; 0 s                 ; 0 s                 ; 2.32 V                       ; 1.17e-08 V                   ; 2.42 V              ; -0.0619 V           ; 0.272 V                              ; 0.096 V                              ; 2.93e-10 s                  ; 3.92e-10 s                  ; No                         ; Yes                        ; 2.32 V                      ; 1.17e-08 V                  ; 2.42 V             ; -0.0619 V          ; 0.272 V                             ; 0.096 V                             ; 2.93e-10 s                 ; 3.92e-10 s                 ; No                        ; Yes                       ;
; ~ALTERA_TDO~  ; 2.5 V        ; 0 s                 ; 0 s                 ; 2.32 V                       ; 1.97e-08 V                   ; 2.4 V               ; -0.0233 V           ; 0.201 V                              ; 0.081 V                              ; 4.59e-10 s                  ; 5.51e-10 s                  ; No                         ; Yes                        ; 2.32 V                      ; 1.97e-08 V                  ; 2.4 V              ; -0.0233 V          ; 0.201 V                             ; 0.081 V                             ; 4.59e-10 s                 ; 5.51e-10 s                 ; No                        ; Yes                       ;
+---------------+--------------+---------------------+---------------------+------------------------------+------------------------------+---------------------+---------------------+--------------------------------------+--------------------------------------+-----------------------------+-----------------------------+----------------------------+----------------------------+-----------------------------+-----------------------------+--------------------+--------------------+-------------------------------------+-------------------------------------+----------------------------+----------------------------+---------------------------+---------------------------+


+--------------------------------------------------------------------------------------------------------------------------------------------------------------------------------------------------------------------------------------------------------------------------------------------------------------------------------------------------------------------------------------------------------------------------------------------------------------------------------------------------------------------------------------------------------------------------------------------------------------------------------------------------------------------------------------------+
; Signal Integrity Metrics (Slow 1200mv 85c Model)                                                                                                                                                                                                                                                                                                                                                                                                                                                                                                                                                                                                                                           ;
+---------------+--------------+---------------------+---------------------+------------------------------+------------------------------+---------------------+---------------------+--------------------------------------+--------------------------------------+-----------------------------+-----------------------------+----------------------------+----------------------------+-----------------------------+-----------------------------+--------------------+--------------------+-------------------------------------+-------------------------------------+----------------------------+----------------------------+---------------------------+---------------------------+
; Pin           ; I/O Standard ; Board Delay on Rise ; Board Delay on Fall ; Steady State Voh at FPGA Pin ; Steady State Vol at FPGA Pin ; Voh Max at FPGA Pin ; Vol Min at FPGA Pin ; Ringback Voltage on Rise at FPGA Pin ; Ringback Voltage on Fall at FPGA Pin ; 10-90 Rise Time at FPGA Pin ; 90-10 Fall Time at FPGA Pin ; Monotonic Rise at FPGA Pin ; Monotonic Fall at FPGA Pin ; Steady State Voh at Far-end ; Steady State Vol at Far-end ; Voh Max at Far-end ; Vol Min at Far-end ; Ringback Voltage on Rise at Far-end ; Ringback Voltage on Fall at Far-end ; 10-90 Rise Time at Far-end ; 90-10 Fall Time at Far-end ; Monotonic Rise at Far-end ; Monotonic Fall at Far-end ;
+---------------+--------------+---------------------+---------------------+------------------------------+------------------------------+---------------------+---------------------+--------------------------------------+--------------------------------------+-----------------------------+-----------------------------+----------------------------+----------------------------+-----------------------------+-----------------------------+--------------------+--------------------+-------------------------------------+-------------------------------------+----------------------------+----------------------------+---------------------------+---------------------------+
; LEDR[0]       ; 2.5 V        ; 0 s                 ; 0 s                 ; 2.32 V                       ; 1.79e-06 V                   ; 2.38 V              ; -0.0389 V           ; 0.145 V                              ; 0.139 V                              ; 4.54e-10 s                  ; 4.3e-10 s                   ; No                         ; Yes                        ; 2.32 V                      ; 1.79e-06 V                  ; 2.38 V             ; -0.0389 V          ; 0.145 V                             ; 0.139 V                             ; 4.54e-10 s                 ; 4.3e-10 s                  ; No                        ; Yes                       ;
; LEDR[1]       ; 2.5 V        ; 0 s                 ; 0 s                 ; 2.32 V                       ; 1.79e-06 V                   ; 2.38 V              ; -0.041 V            ; 0.145 V                              ; 0.14 V                               ; 4.54e-10 s                  ; 4.3e-10 s                   ; No                         ; Yes                        ; 2.32 V                      ; 1.79e-06 V                  ; 2.38 V             ; -0.041 V           ; 0.145 V                             ; 0.14 V                              ; 4.54e-10 s                 ; 4.3e-10 s                  ; No                        ; Yes                       ;
; LEDR[2]       ; 2.5 V        ; 0 s                 ; 0 s                 ; 2.32 V                       ; 1.79e-06 V                   ; 2.38 V              ; -0.0389 V           ; 0.145 V                              ; 0.139 V                              ; 4.54e-10 s                  ; 4.3e-10 s                   ; No                         ; Yes                        ; 2.32 V                      ; 1.79e-06 V                  ; 2.38 V             ; -0.0389 V          ; 0.145 V                             ; 0.139 V                             ; 4.54e-10 s                 ; 4.3e-10 s                  ; No                        ; Yes                       ;
; LEDR[3]       ; 2.5 V        ; 0 s                 ; 0 s                 ; 2.32 V                       ; 1.79e-06 V                   ; 2.38 V              ; -0.041 V            ; 0.145 V                              ; 0.14 V                               ; 4.54e-10 s                  ; 4.3e-10 s                   ; No                         ; Yes                        ; 2.32 V                      ; 1.79e-06 V                  ; 2.38 V             ; -0.041 V           ; 0.145 V                             ; 0.14 V                              ; 4.54e-10 s                 ; 4.3e-10 s                  ; No                        ; Yes                       ;
; LEDR[4]       ; 2.5 V        ; 0 s                 ; 0 s                 ; 2.32 V                       ; 1.79e-06 V                   ; 2.38 V              ; -0.0389 V           ; 0.145 V                              ; 0.139 V                              ; 4.54e-10 s                  ; 4.3e-10 s                   ; No                         ; Yes                        ; 2.32 V                      ; 1.79e-06 V                  ; 2.38 V             ; -0.0389 V          ; 0.145 V                             ; 0.139 V                             ; 4.54e-10 s                 ; 4.3e-10 s                  ; No                        ; Yes                       ;
; LEDR[5]       ; 2.5 V        ; 0 s                 ; 0 s                 ; 2.32 V                       ; 1.79e-06 V                   ; 2.38 V              ; -0.0389 V           ; 0.145 V                              ; 0.139 V                              ; 4.54e-10 s                  ; 4.3e-10 s                   ; No                         ; Yes                        ; 2.32 V                      ; 1.79e-06 V                  ; 2.38 V             ; -0.0389 V          ; 0.145 V                             ; 0.139 V                             ; 4.54e-10 s                 ; 4.3e-10 s                  ; No                        ; Yes                       ;
; LEDR[6]       ; 2.5 V        ; 0 s                 ; 0 s                 ; 2.32 V                       ; 1.79e-06 V                   ; 2.38 V              ; -0.0389 V           ; 0.145 V                              ; 0.139 V                              ; 4.54e-10 s                  ; 4.3e-10 s                   ; No                         ; Yes                        ; 2.32 V                      ; 1.79e-06 V                  ; 2.38 V             ; -0.0389 V          ; 0.145 V                             ; 0.139 V                             ; 4.54e-10 s                 ; 4.3e-10 s                  ; No                        ; Yes                       ;
; LEDR[7]       ; 2.5 V        ; 0 s                 ; 0 s                 ; 2.32 V                       ; 1.79e-06 V                   ; 2.38 V              ; -0.041 V            ; 0.145 V                              ; 0.14 V                               ; 4.54e-10 s                  ; 4.3e-10 s                   ; No                         ; Yes                        ; 2.32 V                      ; 1.79e-06 V                  ; 2.38 V             ; -0.041 V           ; 0.145 V                             ; 0.14 V                              ; 4.54e-10 s                 ; 4.3e-10 s                  ; No                        ; Yes                       ;
; LEDR[8]       ; 2.5 V        ; 0 s                 ; 0 s                 ; 2.32 V                       ; 1.79e-06 V                   ; 2.38 V              ; -0.041 V            ; 0.145 V                              ; 0.14 V                               ; 4.54e-10 s                  ; 4.3e-10 s                   ; No                         ; Yes                        ; 2.32 V                      ; 1.79e-06 V                  ; 2.38 V             ; -0.041 V           ; 0.145 V                             ; 0.14 V                              ; 4.54e-10 s                 ; 4.3e-10 s                  ; No                        ; Yes                       ;
; LEDR[9]       ; 2.5 V        ; 0 s                 ; 0 s                 ; 2.32 V                       ; 1.79e-06 V                   ; 2.38 V              ; -0.0389 V           ; 0.145 V                              ; 0.139 V                              ; 4.54e-10 s                  ; 4.3e-10 s                   ; No                         ; Yes                        ; 2.32 V                      ; 1.79e-06 V                  ; 2.38 V             ; -0.0389 V          ; 0.145 V                             ; 0.139 V                             ; 4.54e-10 s                 ; 4.3e-10 s                  ; No                        ; Yes                       ;
; HEX0[0]       ; 2.5 V        ; 0 s                 ; 0 s                 ; 2.32 V                       ; 1.79e-06 V                   ; 2.38 V              ; -0.041 V            ; 0.145 V                              ; 0.14 V                               ; 4.54e-10 s                  ; 4.3e-10 s                   ; No                         ; Yes                        ; 2.32 V                      ; 1.79e-06 V                  ; 2.38 V             ; -0.041 V           ; 0.145 V                             ; 0.14 V                              ; 4.54e-10 s                 ; 4.3e-10 s                  ; No                        ; Yes                       ;
; HEX0[1]       ; 2.5 V        ; 0 s                 ; 0 s                 ; 2.32 V                       ; 1.79e-06 V                   ; 2.38 V              ; -0.0389 V           ; 0.145 V                              ; 0.139 V                              ; 4.54e-10 s                  ; 4.3e-10 s                   ; No                         ; Yes                        ; 2.32 V                      ; 1.79e-06 V                  ; 2.38 V             ; -0.0389 V          ; 0.145 V                             ; 0.139 V                             ; 4.54e-10 s                 ; 4.3e-10 s                  ; No                        ; Yes                       ;
; HEX0[2]       ; 2.5 V        ; 0 s                 ; 0 s                 ; 2.32 V                       ; 1.79e-06 V                   ; 2.38 V              ; -0.0389 V           ; 0.145 V                              ; 0.139 V                              ; 4.54e-10 s                  ; 4.3e-10 s                   ; No                         ; Yes                        ; 2.32 V                      ; 1.79e-06 V                  ; 2.38 V             ; -0.0389 V          ; 0.145 V                             ; 0.139 V                             ; 4.54e-10 s                 ; 4.3e-10 s                  ; No                        ; Yes                       ;
; HEX0[3]       ; 2.5 V        ; 0 s                 ; 0 s                 ; 2.32 V                       ; 1.79e-06 V                   ; 2.38 V              ; -0.041 V            ; 0.145 V                              ; 0.14 V                               ; 4.54e-10 s                  ; 4.3e-10 s                   ; No                         ; Yes                        ; 2.32 V                      ; 1.79e-06 V                  ; 2.38 V             ; -0.041 V           ; 0.145 V                             ; 0.14 V                              ; 4.54e-10 s                 ; 4.3e-10 s                  ; No                        ; Yes                       ;
; HEX0[4]       ; 2.5 V        ; 0 s                 ; 0 s                 ; 2.32 V                       ; 1.79e-06 V                   ; 2.38 V              ; -0.041 V            ; 0.145 V                              ; 0.14 V                               ; 4.54e-10 s                  ; 4.3e-10 s                   ; No                         ; Yes                        ; 2.32 V                      ; 1.79e-06 V                  ; 2.38 V             ; -0.041 V           ; 0.145 V                             ; 0.14 V                              ; 4.54e-10 s                 ; 4.3e-10 s                  ; No                        ; Yes                       ;
; HEX0[5]       ; 2.5 V        ; 0 s                 ; 0 s                 ; 2.32 V                       ; 1.79e-06 V                   ; 2.38 V              ; -0.041 V            ; 0.145 V                              ; 0.14 V                               ; 4.54e-10 s                  ; 4.3e-10 s                   ; No                         ; Yes                        ; 2.32 V                      ; 1.79e-06 V                  ; 2.38 V             ; -0.041 V           ; 0.145 V                             ; 0.14 V                              ; 4.54e-10 s                 ; 4.3e-10 s                  ; No                        ; Yes                       ;
; HEX0[6]       ; 2.5 V        ; 0 s                 ; 0 s                 ; 2.32 V                       ; 1.79e-06 V                   ; 2.38 V              ; -0.0389 V           ; 0.145 V                              ; 0.139 V                              ; 4.54e-10 s                  ; 4.3e-10 s                   ; No                         ; Yes                        ; 2.32 V                      ; 1.79e-06 V                  ; 2.38 V             ; -0.0389 V          ; 0.145 V                             ; 0.139 V                             ; 4.54e-10 s                 ; 4.3e-10 s                  ; No                        ; Yes                       ;
; HEX0[7]       ; 2.5 V        ; 0 s                 ; 0 s                 ; 2.32 V                       ; 1.79e-06 V                   ; 2.38 V              ; -0.041 V            ; 0.145 V                              ; 0.14 V                               ; 4.54e-10 s                  ; 4.3e-10 s                   ; No                         ; Yes                        ; 2.32 V                      ; 1.79e-06 V                  ; 2.38 V             ; -0.041 V           ; 0.145 V                             ; 0.14 V                              ; 4.54e-10 s                 ; 4.3e-10 s                  ; No                        ; Yes                       ;
; HEX1[0]       ; 2.5 V        ; 0 s                 ; 0 s                 ; 2.32 V                       ; 1.79e-06 V                   ; 2.38 V              ; -0.041 V            ; 0.145 V                              ; 0.14 V                               ; 4.54e-10 s                  ; 4.3e-10 s                   ; No                         ; Yes                        ; 2.32 V                      ; 1.79e-06 V                  ; 2.38 V             ; -0.041 V           ; 0.145 V                             ; 0.14 V                              ; 4.54e-10 s                 ; 4.3e-10 s                  ; No                        ; Yes                       ;
; HEX1[1]       ; 2.5 V        ; 0 s                 ; 0 s                 ; 2.32 V                       ; 1.79e-06 V                   ; 2.38 V              ; -0.041 V            ; 0.145 V                              ; 0.14 V                               ; 4.54e-10 s                  ; 4.3e-10 s                   ; No                         ; Yes                        ; 2.32 V                      ; 1.79e-06 V                  ; 2.38 V             ; -0.041 V           ; 0.145 V                             ; 0.14 V                              ; 4.54e-10 s                 ; 4.3e-10 s                  ; No                        ; Yes                       ;
; HEX1[2]       ; 2.5 V        ; 0 s                 ; 0 s                 ; 2.32 V                       ; 1.79e-06 V                   ; 2.38 V              ; -0.0389 V           ; 0.145 V                              ; 0.139 V                              ; 4.54e-10 s                  ; 4.3e-10 s                   ; No                         ; Yes                        ; 2.32 V                      ; 1.79e-06 V                  ; 2.38 V             ; -0.0389 V          ; 0.145 V                             ; 0.139 V                             ; 4.54e-10 s                 ; 4.3e-10 s                  ; No                        ; Yes                       ;
; HEX1[3]       ; 2.5 V        ; 0 s                 ; 0 s                 ; 2.32 V                       ; 1.79e-06 V                   ; 2.38 V              ; -0.041 V            ; 0.145 V                              ; 0.14 V                               ; 4.54e-10 s                  ; 4.3e-10 s                   ; No                         ; Yes                        ; 2.32 V                      ; 1.79e-06 V                  ; 2.38 V             ; -0.041 V           ; 0.145 V                             ; 0.14 V                              ; 4.54e-10 s                 ; 4.3e-10 s                  ; No                        ; Yes                       ;
; HEX1[4]       ; 2.5 V        ; 0 s                 ; 0 s                 ; 2.32 V                       ; 1.79e-06 V                   ; 2.38 V              ; -0.0389 V           ; 0.145 V                              ; 0.139 V                              ; 4.54e-10 s                  ; 4.3e-10 s                   ; No                         ; Yes                        ; 2.32 V                      ; 1.79e-06 V                  ; 2.38 V             ; -0.0389 V          ; 0.145 V                             ; 0.139 V                             ; 4.54e-10 s                 ; 4.3e-10 s                  ; No                        ; Yes                       ;
; HEX1[5]       ; 2.5 V        ; 0 s                 ; 0 s                 ; 2.32 V                       ; 1.79e-06 V                   ; 2.38 V              ; -0.041 V            ; 0.145 V                              ; 0.14 V                               ; 4.54e-10 s                  ; 4.3e-10 s                   ; No                         ; Yes                        ; 2.32 V                      ; 1.79e-06 V                  ; 2.38 V             ; -0.041 V           ; 0.145 V                             ; 0.14 V                              ; 4.54e-10 s                 ; 4.3e-10 s                  ; No                        ; Yes                       ;
; HEX1[6]       ; 2.5 V        ; 0 s                 ; 0 s                 ; 2.32 V                       ; 1.79e-06 V                   ; 2.38 V              ; -0.0389 V           ; 0.145 V                              ; 0.139 V                              ; 4.54e-10 s                  ; 4.3e-10 s                   ; No                         ; Yes                        ; 2.32 V                      ; 1.79e-06 V                  ; 2.38 V             ; -0.0389 V          ; 0.145 V                             ; 0.139 V                             ; 4.54e-10 s                 ; 4.3e-10 s                  ; No                        ; Yes                       ;
; HEX1[7]       ; 2.5 V        ; 0 s                 ; 0 s                 ; 2.32 V                       ; 1.79e-06 V                   ; 2.38 V              ; -0.0389 V           ; 0.145 V                              ; 0.139 V                              ; 4.54e-10 s                  ; 4.3e-10 s                   ; No                         ; Yes                        ; 2.32 V                      ; 1.79e-06 V                  ; 2.38 V             ; -0.0389 V          ; 0.145 V                             ; 0.139 V                             ; 4.54e-10 s                 ; 4.3e-10 s                  ; No                        ; Yes                       ;
; HEX2[0]       ; 2.5 V        ; 0 s                 ; 0 s                 ; 2.32 V                       ; 1.79e-06 V                   ; 2.38 V              ; -0.041 V            ; 0.145 V                              ; 0.14 V                               ; 4.54e-10 s                  ; 4.3e-10 s                   ; No                         ; Yes                        ; 2.32 V                      ; 1.79e-06 V                  ; 2.38 V             ; -0.041 V           ; 0.145 V                             ; 0.14 V                              ; 4.54e-10 s                 ; 4.3e-10 s                  ; No                        ; Yes                       ;
; HEX2[1]       ; 2.5 V        ; 0 s                 ; 0 s                 ; 2.32 V                       ; 1.79e-06 V                   ; 2.38 V              ; -0.041 V            ; 0.145 V                              ; 0.14 V                               ; 4.54e-10 s                  ; 4.3e-10 s                   ; No                         ; Yes                        ; 2.32 V                      ; 1.79e-06 V                  ; 2.38 V             ; -0.041 V           ; 0.145 V                             ; 0.14 V                              ; 4.54e-10 s                 ; 4.3e-10 s                  ; No                        ; Yes                       ;
; HEX2[2]       ; 2.5 V        ; 0 s                 ; 0 s                 ; 2.32 V                       ; 1.79e-06 V                   ; 2.38 V              ; -0.0389 V           ; 0.145 V                              ; 0.139 V                              ; 4.54e-10 s                  ; 4.3e-10 s                   ; No                         ; Yes                        ; 2.32 V                      ; 1.79e-06 V                  ; 2.38 V             ; -0.0389 V          ; 0.145 V                             ; 0.139 V                             ; 4.54e-10 s                 ; 4.3e-10 s                  ; No                        ; Yes                       ;
; HEX2[3]       ; 2.5 V        ; 0 s                 ; 0 s                 ; 2.32 V                       ; 1.79e-06 V                   ; 2.38 V              ; -0.0389 V           ; 0.145 V                              ; 0.139 V                              ; 4.54e-10 s                  ; 4.3e-10 s                   ; No                         ; Yes                        ; 2.32 V                      ; 1.79e-06 V                  ; 2.38 V             ; -0.0389 V          ; 0.145 V                             ; 0.139 V                             ; 4.54e-10 s                 ; 4.3e-10 s                  ; No                        ; Yes                       ;
; HEX2[4]       ; 2.5 V        ; 0 s                 ; 0 s                 ; 2.32 V                       ; 1.79e-06 V                   ; 2.38 V              ; -0.0389 V           ; 0.145 V                              ; 0.139 V                              ; 4.54e-10 s                  ; 4.3e-10 s                   ; No                         ; Yes                        ; 2.32 V                      ; 1.79e-06 V                  ; 2.38 V             ; -0.0389 V          ; 0.145 V                             ; 0.139 V                             ; 4.54e-10 s                 ; 4.3e-10 s                  ; No                        ; Yes                       ;
; HEX2[5]       ; 2.5 V        ; 0 s                 ; 0 s                 ; 2.32 V                       ; 1.79e-06 V                   ; 2.38 V              ; -0.0389 V           ; 0.145 V                              ; 0.139 V                              ; 4.54e-10 s                  ; 4.3e-10 s                   ; No                         ; Yes                        ; 2.32 V                      ; 1.79e-06 V                  ; 2.38 V             ; -0.0389 V          ; 0.145 V                             ; 0.139 V                             ; 4.54e-10 s                 ; 4.3e-10 s                  ; No                        ; Yes                       ;
; HEX2[6]       ; 2.5 V        ; 0 s                 ; 0 s                 ; 2.32 V                       ; 1.79e-06 V                   ; 2.38 V              ; -0.041 V            ; 0.145 V                              ; 0.14 V                               ; 4.54e-10 s                  ; 4.3e-10 s                   ; No                         ; Yes                        ; 2.32 V                      ; 1.79e-06 V                  ; 2.38 V             ; -0.041 V           ; 0.145 V                             ; 0.14 V                              ; 4.54e-10 s                 ; 4.3e-10 s                  ; No                        ; Yes                       ;
; HEX2[7]       ; 2.5 V        ; 0 s                 ; 0 s                 ; 2.32 V                       ; 1.79e-06 V                   ; 2.38 V              ; -0.0389 V           ; 0.145 V                              ; 0.139 V                              ; 4.54e-10 s                  ; 4.3e-10 s                   ; No                         ; Yes                        ; 2.32 V                      ; 1.79e-06 V                  ; 2.38 V             ; -0.0389 V          ; 0.145 V                             ; 0.139 V                             ; 4.54e-10 s                 ; 4.3e-10 s                  ; No                        ; Yes                       ;
; HEX3[0]       ; 2.5 V        ; 0 s                 ; 0 s                 ; 2.32 V                       ; 1.79e-06 V                   ; 2.38 V              ; -0.041 V            ; 0.145 V                              ; 0.14 V                               ; 4.54e-10 s                  ; 4.3e-10 s                   ; No                         ; Yes                        ; 2.32 V                      ; 1.79e-06 V                  ; 2.38 V             ; -0.041 V           ; 0.145 V                             ; 0.14 V                              ; 4.54e-10 s                 ; 4.3e-10 s                  ; No                        ; Yes                       ;
; HEX3[1]       ; 2.5 V        ; 0 s                 ; 0 s                 ; 2.32 V                       ; 1.79e-06 V                   ; 2.38 V              ; -0.041 V            ; 0.145 V                              ; 0.14 V                               ; 4.54e-10 s                  ; 4.3e-10 s                   ; No                         ; Yes                        ; 2.32 V                      ; 1.79e-06 V                  ; 2.38 V             ; -0.041 V           ; 0.145 V                             ; 0.14 V                              ; 4.54e-10 s                 ; 4.3e-10 s                  ; No                        ; Yes                       ;
; HEX3[2]       ; 2.5 V        ; 0 s                 ; 0 s                 ; 2.32 V                       ; 1.79e-06 V                   ; 2.38 V              ; -0.0389 V           ; 0.145 V                              ; 0.139 V                              ; 4.54e-10 s                  ; 4.3e-10 s                   ; No                         ; Yes                        ; 2.32 V                      ; 1.79e-06 V                  ; 2.38 V             ; -0.0389 V          ; 0.145 V                             ; 0.139 V                             ; 4.54e-10 s                 ; 4.3e-10 s                  ; No                        ; Yes                       ;
; HEX3[3]       ; 2.5 V        ; 0 s                 ; 0 s                 ; 2.32 V                       ; 1.79e-06 V                   ; 2.38 V              ; -0.041 V            ; 0.145 V                              ; 0.14 V                               ; 4.54e-10 s                  ; 4.3e-10 s                   ; No                         ; Yes                        ; 2.32 V                      ; 1.79e-06 V                  ; 2.38 V             ; -0.041 V           ; 0.145 V                             ; 0.14 V                              ; 4.54e-10 s                 ; 4.3e-10 s                  ; No                        ; Yes                       ;
; HEX3[4]       ; 2.5 V        ; 0 s                 ; 0 s                 ; 2.32 V                       ; 1.79e-06 V                   ; 2.38 V              ; -0.041 V            ; 0.145 V                              ; 0.14 V                               ; 4.54e-10 s                  ; 4.3e-10 s                   ; No                         ; Yes                        ; 2.32 V                      ; 1.79e-06 V                  ; 2.38 V             ; -0.041 V           ; 0.145 V                             ; 0.14 V                              ; 4.54e-10 s                 ; 4.3e-10 s                  ; No                        ; Yes                       ;
; HEX3[5]       ; 2.5 V        ; 0 s                 ; 0 s                 ; 2.32 V                       ; 1.79e-06 V                   ; 2.38 V              ; -0.0389 V           ; 0.145 V                              ; 0.139 V                              ; 4.54e-10 s                  ; 4.3e-10 s                   ; No                         ; Yes                        ; 2.32 V                      ; 1.79e-06 V                  ; 2.38 V             ; -0.0389 V          ; 0.145 V                             ; 0.139 V                             ; 4.54e-10 s                 ; 4.3e-10 s                  ; No                        ; Yes                       ;
; HEX3[6]       ; 2.5 V        ; 0 s                 ; 0 s                 ; 2.32 V                       ; 1.79e-06 V                   ; 2.38 V              ; -0.0389 V           ; 0.145 V                              ; 0.139 V                              ; 4.54e-10 s                  ; 4.3e-10 s                   ; No                         ; Yes                        ; 2.32 V                      ; 1.79e-06 V                  ; 2.38 V             ; -0.0389 V          ; 0.145 V                             ; 0.139 V                             ; 4.54e-10 s                 ; 4.3e-10 s                  ; No                        ; Yes                       ;
; HEX3[7]       ; 2.5 V        ; 0 s                 ; 0 s                 ; 2.32 V                       ; 1.79e-06 V                   ; 2.38 V              ; -0.041 V            ; 0.145 V                              ; 0.14 V                               ; 4.54e-10 s                  ; 4.3e-10 s                   ; No                         ; Yes                        ; 2.32 V                      ; 1.79e-06 V                  ; 2.38 V             ; -0.041 V           ; 0.145 V                             ; 0.14 V                              ; 4.54e-10 s                 ; 4.3e-10 s                  ; No                        ; Yes                       ;
; HEX4[0]       ; 2.5 V        ; 0 s                 ; 0 s                 ; 2.32 V                       ; 1.79e-06 V                   ; 2.38 V              ; -0.0389 V           ; 0.145 V                              ; 0.139 V                              ; 4.54e-10 s                  ; 4.3e-10 s                   ; No                         ; Yes                        ; 2.32 V                      ; 1.79e-06 V                  ; 2.38 V             ; -0.0389 V          ; 0.145 V                             ; 0.139 V                             ; 4.54e-10 s                 ; 4.3e-10 s                  ; No                        ; Yes                       ;
; HEX4[1]       ; 2.5 V        ; 0 s                 ; 0 s                 ; 2.32 V                       ; 1.79e-06 V                   ; 2.38 V              ; -0.0389 V           ; 0.145 V                              ; 0.139 V                              ; 4.54e-10 s                  ; 4.3e-10 s                   ; No                         ; Yes                        ; 2.32 V                      ; 1.79e-06 V                  ; 2.38 V             ; -0.0389 V          ; 0.145 V                             ; 0.139 V                             ; 4.54e-10 s                 ; 4.3e-10 s                  ; No                        ; Yes                       ;
; HEX4[2]       ; 2.5 V        ; 0 s                 ; 0 s                 ; 2.32 V                       ; 1.79e-06 V                   ; 2.38 V              ; -0.041 V            ; 0.145 V                              ; 0.14 V                               ; 4.54e-10 s                  ; 4.3e-10 s                   ; No                         ; Yes                        ; 2.32 V                      ; 1.79e-06 V                  ; 2.38 V             ; -0.041 V           ; 0.145 V                             ; 0.14 V                              ; 4.54e-10 s                 ; 4.3e-10 s                  ; No                        ; Yes                       ;
; HEX4[3]       ; 2.5 V        ; 0 s                 ; 0 s                 ; 2.32 V                       ; 1.79e-06 V                   ; 2.38 V              ; -0.0389 V           ; 0.145 V                              ; 0.139 V                              ; 4.54e-10 s                  ; 4.3e-10 s                   ; No                         ; Yes                        ; 2.32 V                      ; 1.79e-06 V                  ; 2.38 V             ; -0.0389 V          ; 0.145 V                             ; 0.139 V                             ; 4.54e-10 s                 ; 4.3e-10 s                  ; No                        ; Yes                       ;
; HEX4[4]       ; 2.5 V        ; 0 s                 ; 0 s                 ; 2.32 V                       ; 1.79e-06 V                   ; 2.38 V              ; -0.041 V            ; 0.145 V                              ; 0.14 V                               ; 4.54e-10 s                  ; 4.3e-10 s                   ; No                         ; Yes                        ; 2.32 V                      ; 1.79e-06 V                  ; 2.38 V             ; -0.041 V           ; 0.145 V                             ; 0.14 V                              ; 4.54e-10 s                 ; 4.3e-10 s                  ; No                        ; Yes                       ;
; HEX4[5]       ; 2.5 V        ; 0 s                 ; 0 s                 ; 2.32 V                       ; 1.79e-06 V                   ; 2.38 V              ; -0.041 V            ; 0.145 V                              ; 0.14 V                               ; 4.54e-10 s                  ; 4.3e-10 s                   ; No                         ; Yes                        ; 2.32 V                      ; 1.79e-06 V                  ; 2.38 V             ; -0.041 V           ; 0.145 V                             ; 0.14 V                              ; 4.54e-10 s                 ; 4.3e-10 s                  ; No                        ; Yes                       ;
; HEX4[6]       ; 2.5 V        ; 0 s                 ; 0 s                 ; 2.32 V                       ; 1.79e-06 V                   ; 2.38 V              ; -0.0389 V           ; 0.145 V                              ; 0.139 V                              ; 4.54e-10 s                  ; 4.3e-10 s                   ; No                         ; Yes                        ; 2.32 V                      ; 1.79e-06 V                  ; 2.38 V             ; -0.0389 V          ; 0.145 V                             ; 0.139 V                             ; 4.54e-10 s                 ; 4.3e-10 s                  ; No                        ; Yes                       ;
; HEX4[7]       ; 2.5 V        ; 0 s                 ; 0 s                 ; 2.32 V                       ; 1.79e-06 V                   ; 2.38 V              ; -0.041 V            ; 0.145 V                              ; 0.14 V                               ; 4.54e-10 s                  ; 4.3e-10 s                   ; No                         ; Yes                        ; 2.32 V                      ; 1.79e-06 V                  ; 2.38 V             ; -0.041 V           ; 0.145 V                             ; 0.14 V                              ; 4.54e-10 s                 ; 4.3e-10 s                  ; No                        ; Yes                       ;
; TXD           ; 2.5 V        ; 0 s                 ; 0 s                 ; 2.32 V                       ; 1.79e-06 V                   ; 2.38 V              ; -0.0389 V           ; 0.145 V                              ; 0.139 V                              ; 4.54e-10 s                  ; 4.3e-10 s                   ; No                         ; Yes                        ; 2.32 V                      ; 1.79e-06 V                  ; 2.38 V             ; -0.0389 V          ; 0.145 V                             ; 0.139 V                             ; 4.54e-10 s                 ; 4.3e-10 s                  ; No                        ; Yes                       ;
; TDO           ; 2.5 V        ; 0 s                 ; 0 s                 ; 2.32 V                       ; 1.79e-06 V                   ; 2.38 V              ; -0.0362 V           ; 0.184 V                              ; 0.2 V                                ; 4.76e-10 s                  ; 4.71e-10 s                  ; Yes                        ; Yes                        ; 2.32 V                      ; 1.79e-06 V                  ; 2.38 V             ; -0.0362 V          ; 0.184 V                             ; 0.2 V                               ; 4.76e-10 s                 ; 4.71e-10 s                 ; Yes                       ; Yes                       ;
; DRAM_ADDR[0]  ; 2.5 V        ; 0 s                 ; 0 s                 ; 2.32 V                       ; 1.79e-06 V                   ; 2.38 V              ; -0.0389 V           ; 0.145 V                              ; 0.139 V                              ; 4.54e-10 s                  ; 4.3e-10 s                   ; No                         ; Yes                        ; 2.32 V                      ; 1.79e-06 V                  ; 2.38 V             ; -0.0389 V          ; 0.145 V                             ; 0.139 V                             ; 4.54e-10 s                 ; 4.3e-10 s                  ; No                        ; Yes                       ;
; DRAM_ADDR[1]  ; 2.5 V        ; 0 s                 ; 0 s                 ; 2.32 V                       ; 1.79e-06 V                   ; 2.38 V              ; -0.041 V            ; 0.145 V                              ; 0.14 V                               ; 4.54e-10 s                  ; 4.3e-10 s                   ; No                         ; Yes                        ; 2.32 V                      ; 1.79e-06 V                  ; 2.38 V             ; -0.041 V           ; 0.145 V                             ; 0.14 V                              ; 4.54e-10 s                 ; 4.3e-10 s                  ; No                        ; Yes                       ;
; DRAM_ADDR[2]  ; 2.5 V        ; 0 s                 ; 0 s                 ; 2.32 V                       ; 1.79e-06 V                   ; 2.38 V              ; -0.041 V            ; 0.145 V                              ; 0.14 V                               ; 4.54e-10 s                  ; 4.3e-10 s                   ; No                         ; Yes                        ; 2.32 V                      ; 1.79e-06 V                  ; 2.38 V             ; -0.041 V           ; 0.145 V                             ; 0.14 V                              ; 4.54e-10 s                 ; 4.3e-10 s                  ; No                        ; Yes                       ;
; DRAM_ADDR[3]  ; 2.5 V        ; 0 s                 ; 0 s                 ; 2.32 V                       ; 1.79e-06 V                   ; 2.38 V              ; -0.041 V            ; 0.145 V                              ; 0.14 V                               ; 4.54e-10 s                  ; 4.3e-10 s                   ; No                         ; Yes                        ; 2.32 V                      ; 1.79e-06 V                  ; 2.38 V             ; -0.041 V           ; 0.145 V                             ; 0.14 V                              ; 4.54e-10 s                 ; 4.3e-10 s                  ; No                        ; Yes                       ;
; DRAM_ADDR[4]  ; 2.5 V        ; 0 s                 ; 0 s                 ; 2.32 V                       ; 1.79e-06 V                   ; 2.38 V              ; -0.0389 V           ; 0.145 V                              ; 0.139 V                              ; 4.54e-10 s                  ; 4.3e-10 s                   ; No                         ; Yes                        ; 2.32 V                      ; 1.79e-06 V                  ; 2.38 V             ; -0.0389 V          ; 0.145 V                             ; 0.139 V                             ; 4.54e-10 s                 ; 4.3e-10 s                  ; No                        ; Yes                       ;
; DRAM_ADDR[5]  ; 2.5 V        ; 0 s                 ; 0 s                 ; 2.32 V                       ; 1.79e-06 V                   ; 2.38 V              ; -0.0389 V           ; 0.145 V                              ; 0.139 V                              ; 4.54e-10 s                  ; 4.3e-10 s                   ; No                         ; Yes                        ; 2.32 V                      ; 1.79e-06 V                  ; 2.38 V             ; -0.0389 V          ; 0.145 V                             ; 0.139 V                             ; 4.54e-10 s                 ; 4.3e-10 s                  ; No                        ; Yes                       ;
; DRAM_ADDR[6]  ; 2.5 V        ; 0 s                 ; 0 s                 ; 2.32 V                       ; 1.79e-06 V                   ; 2.38 V              ; -0.041 V            ; 0.145 V                              ; 0.14 V                               ; 4.54e-10 s                  ; 4.3e-10 s                   ; No                         ; Yes                        ; 2.32 V                      ; 1.79e-06 V                  ; 2.38 V             ; -0.041 V           ; 0.145 V                             ; 0.14 V                              ; 4.54e-10 s                 ; 4.3e-10 s                  ; No                        ; Yes                       ;
; DRAM_ADDR[7]  ; 2.5 V        ; 0 s                 ; 0 s                 ; 2.32 V                       ; 1.79e-06 V                   ; 2.38 V              ; -0.041 V            ; 0.145 V                              ; 0.14 V                               ; 4.54e-10 s                  ; 4.3e-10 s                   ; No                         ; Yes                        ; 2.32 V                      ; 1.79e-06 V                  ; 2.38 V             ; -0.041 V           ; 0.145 V                             ; 0.14 V                              ; 4.54e-10 s                 ; 4.3e-10 s                  ; No                        ; Yes                       ;
; DRAM_ADDR[8]  ; 2.5 V        ; 0 s                 ; 0 s                 ; 2.32 V                       ; 1.79e-06 V                   ; 2.38 V              ; -0.0389 V           ; 0.145 V                              ; 0.139 V                              ; 4.54e-10 s                  ; 4.3e-10 s                   ; No                         ; Yes                        ; 2.32 V                      ; 1.79e-06 V                  ; 2.38 V             ; -0.0389 V          ; 0.145 V                             ; 0.139 V                             ; 4.54e-10 s                 ; 4.3e-10 s                  ; No                        ; Yes                       ;
; DRAM_ADDR[9]  ; 2.5 V        ; 0 s                 ; 0 s                 ; 2.32 V                       ; 1.79e-06 V                   ; 2.38 V              ; -0.041 V            ; 0.145 V                              ; 0.14 V                               ; 4.54e-10 s                  ; 4.3e-10 s                   ; No                         ; Yes                        ; 2.32 V                      ; 1.79e-06 V                  ; 2.38 V             ; -0.041 V           ; 0.145 V                             ; 0.14 V                              ; 4.54e-10 s                 ; 4.3e-10 s                  ; No                        ; Yes                       ;
; DRAM_ADDR[10] ; 2.5 V        ; 0 s                 ; 0 s                 ; 2.32 V                       ; 1.79e-06 V                   ; 2.38 V              ; -0.041 V            ; 0.145 V                              ; 0.14 V                               ; 4.54e-10 s                  ; 4.3e-10 s                   ; No                         ; Yes                        ; 2.32 V                      ; 1.79e-06 V                  ; 2.38 V             ; -0.041 V           ; 0.145 V                             ; 0.14 V                              ; 4.54e-10 s                 ; 4.3e-10 s                  ; No                        ; Yes                       ;
; DRAM_ADDR[11] ; 2.5 V        ; 0 s                 ; 0 s                 ; 2.32 V                       ; 1.79e-06 V                   ; 2.38 V              ; -0.0389 V           ; 0.145 V                              ; 0.139 V                              ; 4.54e-10 s                  ; 4.3e-10 s                   ; No                         ; Yes                        ; 2.32 V                      ; 1.79e-06 V                  ; 2.38 V             ; -0.0389 V          ; 0.145 V                             ; 0.139 V                             ; 4.54e-10 s                 ; 4.3e-10 s                  ; No                        ; Yes                       ;
; DRAM_ADDR[12] ; 2.5 V        ; 0 s                 ; 0 s                 ; 2.32 V                       ; 1.79e-06 V                   ; 2.38 V              ; -0.0389 V           ; 0.145 V                              ; 0.139 V                              ; 4.54e-10 s                  ; 4.3e-10 s                   ; No                         ; Yes                        ; 2.32 V                      ; 1.79e-06 V                  ; 2.38 V             ; -0.0389 V          ; 0.145 V                             ; 0.139 V                             ; 4.54e-10 s                 ; 4.3e-10 s                  ; No                        ; Yes                       ;
; DRAM_BA[0]    ; 2.5 V        ; 0 s                 ; 0 s                 ; 2.32 V                       ; 1.79e-06 V                   ; 2.38 V              ; -0.041 V            ; 0.145 V                              ; 0.14 V                               ; 4.54e-10 s                  ; 4.3e-10 s                   ; No                         ; Yes                        ; 2.32 V                      ; 1.79e-06 V                  ; 2.38 V             ; -0.041 V           ; 0.145 V                             ; 0.14 V                              ; 4.54e-10 s                 ; 4.3e-10 s                  ; No                        ; Yes                       ;
; DRAM_BA[1]    ; 2.5 V        ; 0 s                 ; 0 s                 ; 2.32 V                       ; 1.79e-06 V                   ; 2.38 V              ; -0.0389 V           ; 0.145 V                              ; 0.139 V                              ; 4.54e-10 s                  ; 4.3e-10 s                   ; No                         ; Yes                        ; 2.32 V                      ; 1.79e-06 V                  ; 2.38 V             ; -0.0389 V          ; 0.145 V                             ; 0.139 V                             ; 4.54e-10 s                 ; 4.3e-10 s                  ; No                        ; Yes                       ;
; DRAM_CAS_N    ; 2.5 V        ; 0 s                 ; 0 s                 ; 2.32 V                       ; 1.79e-06 V                   ; 2.38 V              ; -0.041 V            ; 0.145 V                              ; 0.14 V                               ; 4.54e-10 s                  ; 4.3e-10 s                   ; No                         ; Yes                        ; 2.32 V                      ; 1.79e-06 V                  ; 2.38 V             ; -0.041 V           ; 0.145 V                             ; 0.14 V                              ; 4.54e-10 s                 ; 4.3e-10 s                  ; No                        ; Yes                       ;
; DRAM_CKE      ; 2.5 V        ; 0 s                 ; 0 s                 ; 2.32 V                       ; 1.79e-06 V                   ; 2.38 V              ; -0.0389 V           ; 0.145 V                              ; 0.139 V                              ; 4.54e-10 s                  ; 4.3e-10 s                   ; No                         ; Yes                        ; 2.32 V                      ; 1.79e-06 V                  ; 2.38 V             ; -0.0389 V          ; 0.145 V                             ; 0.139 V                             ; 4.54e-10 s                 ; 4.3e-10 s                  ; No                        ; Yes                       ;
; DRAM_CLK      ; 2.5 V        ; 0 s                 ; 0 s                 ; 2.32 V                       ; 1.79e-06 V                   ; 2.38 V              ; -0.041 V            ; 0.145 V                              ; 0.14 V                               ; 4.54e-10 s                  ; 4.3e-10 s                   ; No                         ; Yes                        ; 2.32 V                      ; 1.79e-06 V                  ; 2.38 V             ; -0.041 V           ; 0.145 V                             ; 0.14 V                              ; 4.54e-10 s                 ; 4.3e-10 s                  ; No                        ; Yes                       ;
; DRAM_CS_N     ; 2.5 V        ; 0 s                 ; 0 s                 ; 2.32 V                       ; 1.79e-06 V                   ; 2.38 V              ; -0.0389 V           ; 0.145 V                              ; 0.139 V                              ; 4.54e-10 s                  ; 4.3e-10 s                   ; No                         ; Yes                        ; 2.32 V                      ; 1.79e-06 V                  ; 2.38 V             ; -0.0389 V          ; 0.145 V                             ; 0.139 V                             ; 4.54e-10 s                 ; 4.3e-10 s                  ; No                        ; Yes                       ;
; DRAM_RAS_N    ; 2.5 V        ; 0 s                 ; 0 s                 ; 2.32 V                       ; 1.79e-06 V                   ; 2.38 V              ; -0.0389 V           ; 0.145 V                              ; 0.139 V                              ; 4.54e-10 s                  ; 4.3e-10 s                   ; No                         ; Yes                        ; 2.32 V                      ; 1.79e-06 V                  ; 2.38 V             ; -0.0389 V          ; 0.145 V                             ; 0.139 V                             ; 4.54e-10 s                 ; 4.3e-10 s                  ; No                        ; Yes                       ;
; DRAM_WE_N     ; 2.5 V        ; 0 s                 ; 0 s                 ; 2.32 V                       ; 1.79e-06 V                   ; 2.38 V              ; -0.041 V            ; 0.145 V                              ; 0.14 V                               ; 4.54e-10 s                  ; 4.3e-10 s                   ; No                         ; Yes                        ; 2.32 V                      ; 1.79e-06 V                  ; 2.38 V             ; -0.041 V           ; 0.145 V                             ; 0.14 V                              ; 4.54e-10 s                 ; 4.3e-10 s                  ; No                        ; Yes                       ;
; DRAM_LDQM     ; 2.5 V        ; 0 s                 ; 0 s                 ; 2.32 V                       ; 1.79e-06 V                   ; 2.38 V              ; -0.0389 V           ; 0.145 V                              ; 0.139 V                              ; 4.54e-10 s                  ; 4.3e-10 s                   ; No                         ; Yes                        ; 2.32 V                      ; 1.79e-06 V                  ; 2.38 V             ; -0.0389 V          ; 0.145 V                             ; 0.139 V                             ; 4.54e-10 s                 ; 4.3e-10 s                  ; No                        ; Yes                       ;
; DRAM_UDQM     ; 2.5 V        ; 0 s                 ; 0 s                 ; 2.32 V                       ; 1.79e-06 V                   ; 2.38 V              ; -0.0389 V           ; 0.145 V                              ; 0.139 V                              ; 4.54e-10 s                  ; 4.3e-10 s                   ; No                         ; Yes                        ; 2.32 V                      ; 1.79e-06 V                  ; 2.38 V             ; -0.0389 V          ; 0.145 V                             ; 0.139 V                             ; 4.54e-10 s                 ; 4.3e-10 s                  ; No                        ; Yes                       ;
; ARDUINO_IO[0] ; 2.5 V        ; 0 s                 ; 0 s                 ; 2.32 V                       ; 1.79e-06 V                   ; 2.38 V              ; -0.041 V            ; 0.145 V                              ; 0.14 V                               ; 4.54e-10 s                  ; 4.3e-10 s                   ; No                         ; Yes                        ; 2.32 V                      ; 1.79e-06 V                  ; 2.38 V             ; -0.041 V           ; 0.145 V                             ; 0.14 V                              ; 4.54e-10 s                 ; 4.3e-10 s                  ; No                        ; Yes                       ;
; ARDUINO_IO[1] ; 2.5 V        ; 0 s                 ; 0 s                 ; 2.32 V                       ; 1.79e-06 V                   ; 2.38 V              ; -0.0389 V           ; 0.145 V                              ; 0.139 V                              ; 4.54e-10 s                  ; 4.3e-10 s                   ; No                         ; Yes                        ; 2.32 V                      ; 1.79e-06 V                  ; 2.38 V             ; -0.0389 V          ; 0.145 V                             ; 0.139 V                             ; 4.54e-10 s                 ; 4.3e-10 s                  ; No                        ; Yes                       ;
; ARDUINO_IO[2] ; 2.5 V        ; 0 s                 ; 0 s                 ; 2.32 V                       ; 1.79e-06 V                   ; 2.38 V              ; -0.041 V            ; 0.145 V                              ; 0.14 V                               ; 4.54e-10 s                  ; 4.3e-10 s                   ; No                         ; Yes                        ; 2.32 V                      ; 1.79e-06 V                  ; 2.38 V             ; -0.041 V           ; 0.145 V                             ; 0.14 V                              ; 4.54e-10 s                 ; 4.3e-10 s                  ; No                        ; Yes                       ;
; ARDUINO_IO[3] ; 2.5 V        ; 0 s                 ; 0 s                 ; 2.32 V                       ; 1.79e-06 V                   ; 2.38 V              ; -0.041 V            ; 0.145 V                              ; 0.14 V                               ; 4.54e-10 s                  ; 4.3e-10 s                   ; No                         ; Yes                        ; 2.32 V                      ; 1.79e-06 V                  ; 2.38 V             ; -0.041 V           ; 0.145 V                             ; 0.14 V                              ; 4.54e-10 s                 ; 4.3e-10 s                  ; No                        ; Yes                       ;
; ARDUINO_IO[4] ; 2.5 V        ; 0 s                 ; 0 s                 ; 2.32 V                       ; 1.79e-06 V                   ; 2.38 V              ; -0.041 V            ; 0.145 V                              ; 0.14 V                               ; 4.54e-10 s                  ; 4.3e-10 s                   ; No                         ; Yes                        ; 2.32 V                      ; 1.79e-06 V                  ; 2.38 V             ; -0.041 V           ; 0.145 V                             ; 0.14 V                              ; 4.54e-10 s                 ; 4.3e-10 s                  ; No                        ; Yes                       ;
; ARDUINO_IO[5] ; 2.5 V        ; 0 s                 ; 0 s                 ; 2.32 V                       ; 1.79e-06 V                   ; 2.38 V              ; -0.0362 V           ; 0.184 V                              ; 0.2 V                                ; 4.76e-10 s                  ; 4.71e-10 s                  ; Yes                        ; Yes                        ; 2.32 V                      ; 1.79e-06 V                  ; 2.38 V             ; -0.0362 V          ; 0.184 V                             ; 0.2 V                               ; 4.76e-10 s                 ; 4.71e-10 s                 ; Yes                       ; Yes                       ;
; ARDUINO_IO[6] ; 2.5 V        ; 0 s                 ; 0 s                 ; 2.32 V                       ; 1.79e-06 V                   ; 2.38 V              ; -0.0362 V           ; 0.184 V                              ; 0.2 V                                ; 4.76e-10 s                  ; 4.71e-10 s                  ; Yes                        ; Yes                        ; 2.32 V                      ; 1.79e-06 V                  ; 2.38 V             ; -0.0362 V          ; 0.184 V                             ; 0.2 V                               ; 4.76e-10 s                 ; 4.71e-10 s                 ; Yes                       ; Yes                       ;
; ARDUINO_IO[7] ; 2.5 V        ; 0 s                 ; 0 s                 ; 2.32 V                       ; 1.79e-06 V                   ; 2.38 V              ; -0.036 V            ; 0.183 V                              ; 0.07 V                               ; 4.76e-10 s                  ; 4.7e-10 s                   ; Yes                        ; Yes                        ; 2.32 V                      ; 1.79e-06 V                  ; 2.38 V             ; -0.036 V           ; 0.183 V                             ; 0.07 V                              ; 4.76e-10 s                 ; 4.7e-10 s                  ; Yes                       ; Yes                       ;
; ARDUINO_IO[8] ; 2.5 V        ; 0 s                 ; 0 s                 ; 2.32 V                       ; 1.79e-06 V                   ; 2.38 V              ; -0.0389 V           ; 0.145 V                              ; 0.139 V                              ; 4.54e-10 s                  ; 4.3e-10 s                   ; No                         ; Yes                        ; 2.32 V                      ; 1.79e-06 V                  ; 2.38 V             ; -0.0389 V          ; 0.145 V                             ; 0.139 V                             ; 4.54e-10 s                 ; 4.3e-10 s                  ; No                        ; Yes                       ;
; ARDUINO_IO[9] ; 2.5 V        ; 0 s                 ; 0 s                 ; 2.32 V                       ; 1.79e-06 V                   ; 2.38 V              ; -0.0362 V           ; 0.184 V                              ; 0.2 V                                ; 4.76e-10 s                  ; 4.71e-10 s                  ; Yes                        ; Yes                        ; 2.32 V                      ; 1.79e-06 V                  ; 2.38 V             ; -0.0362 V          ; 0.184 V                             ; 0.2 V                               ; 4.76e-10 s                 ; 4.71e-10 s                 ; Yes                       ; Yes                       ;
; DRAM_DQ[0]    ; 2.5 V        ; 0 s                 ; 0 s                 ; 2.32 V                       ; 1.79e-06 V                   ; 2.38 V              ; -0.0389 V           ; 0.145 V                              ; 0.139 V                              ; 4.54e-10 s                  ; 4.3e-10 s                   ; No                         ; Yes                        ; 2.32 V                      ; 1.79e-06 V                  ; 2.38 V             ; -0.0389 V          ; 0.145 V                             ; 0.139 V                             ; 4.54e-10 s                 ; 4.3e-10 s                  ; No                        ; Yes                       ;
; DRAM_DQ[1]    ; 2.5 V        ; 0 s                 ; 0 s                 ; 2.32 V                       ; 1.79e-06 V                   ; 2.38 V              ; -0.041 V            ; 0.145 V                              ; 0.14 V                               ; 4.54e-10 s                  ; 4.3e-10 s                   ; No                         ; Yes                        ; 2.32 V                      ; 1.79e-06 V                  ; 2.38 V             ; -0.041 V           ; 0.145 V                             ; 0.14 V                              ; 4.54e-10 s                 ; 4.3e-10 s                  ; No                        ; Yes                       ;
; DRAM_DQ[2]    ; 2.5 V        ; 0 s                 ; 0 s                 ; 2.32 V                       ; 1.79e-06 V                   ; 2.38 V              ; -0.0389 V           ; 0.145 V                              ; 0.139 V                              ; 4.54e-10 s                  ; 4.3e-10 s                   ; No                         ; Yes                        ; 2.32 V                      ; 1.79e-06 V                  ; 2.38 V             ; -0.0389 V          ; 0.145 V                             ; 0.139 V                             ; 4.54e-10 s                 ; 4.3e-10 s                  ; No                        ; Yes                       ;
; DRAM_DQ[3]    ; 2.5 V        ; 0 s                 ; 0 s                 ; 2.32 V                       ; 1.79e-06 V                   ; 2.38 V              ; -0.041 V            ; 0.145 V                              ; 0.14 V                               ; 4.54e-10 s                  ; 4.3e-10 s                   ; No                         ; Yes                        ; 2.32 V                      ; 1.79e-06 V                  ; 2.38 V             ; -0.041 V           ; 0.145 V                             ; 0.14 V                              ; 4.54e-10 s                 ; 4.3e-10 s                  ; No                        ; Yes                       ;
; DRAM_DQ[4]    ; 2.5 V        ; 0 s                 ; 0 s                 ; 2.32 V                       ; 1.79e-06 V                   ; 2.38 V              ; -0.041 V            ; 0.145 V                              ; 0.14 V                               ; 4.54e-10 s                  ; 4.3e-10 s                   ; No                         ; Yes                        ; 2.32 V                      ; 1.79e-06 V                  ; 2.38 V             ; -0.041 V           ; 0.145 V                             ; 0.14 V                              ; 4.54e-10 s                 ; 4.3e-10 s                  ; No                        ; Yes                       ;
; DRAM_DQ[5]    ; 2.5 V        ; 0 s                 ; 0 s                 ; 2.32 V                       ; 1.79e-06 V                   ; 2.38 V              ; -0.0389 V           ; 0.145 V                              ; 0.139 V                              ; 4.54e-10 s                  ; 4.3e-10 s                   ; No                         ; Yes                        ; 2.32 V                      ; 1.79e-06 V                  ; 2.38 V             ; -0.0389 V          ; 0.145 V                             ; 0.139 V                             ; 4.54e-10 s                 ; 4.3e-10 s                  ; No                        ; Yes                       ;
; DRAM_DQ[6]    ; 2.5 V        ; 0 s                 ; 0 s                 ; 2.32 V                       ; 1.79e-06 V                   ; 2.38 V              ; -0.0389 V           ; 0.145 V                              ; 0.139 V                              ; 4.54e-10 s                  ; 4.3e-10 s                   ; No                         ; Yes                        ; 2.32 V                      ; 1.79e-06 V                  ; 2.38 V             ; -0.0389 V          ; 0.145 V                             ; 0.139 V                             ; 4.54e-10 s                 ; 4.3e-10 s                  ; No                        ; Yes                       ;
; DRAM_DQ[7]    ; 2.5 V        ; 0 s                 ; 0 s                 ; 2.32 V                       ; 1.79e-06 V                   ; 2.38 V              ; -0.041 V            ; 0.145 V                              ; 0.14 V                               ; 4.54e-10 s                  ; 4.3e-10 s                   ; No                         ; Yes                        ; 2.32 V                      ; 1.79e-06 V                  ; 2.38 V             ; -0.041 V           ; 0.145 V                             ; 0.14 V                              ; 4.54e-10 s                 ; 4.3e-10 s                  ; No                        ; Yes                       ;
; DRAM_DQ[8]    ; 2.5 V        ; 0 s                 ; 0 s                 ; 2.32 V                       ; 1.79e-06 V                   ; 2.38 V              ; -0.041 V            ; 0.145 V                              ; 0.14 V                               ; 4.54e-10 s                  ; 4.3e-10 s                   ; No                         ; Yes                        ; 2.32 V                      ; 1.79e-06 V                  ; 2.38 V             ; -0.041 V           ; 0.145 V                             ; 0.14 V                              ; 4.54e-10 s                 ; 4.3e-10 s                  ; No                        ; Yes                       ;
; DRAM_DQ[9]    ; 2.5 V        ; 0 s                 ; 0 s                 ; 2.32 V                       ; 1.79e-06 V                   ; 2.38 V              ; -0.041 V            ; 0.145 V                              ; 0.14 V                               ; 4.54e-10 s                  ; 4.3e-10 s                   ; No                         ; Yes                        ; 2.32 V                      ; 1.79e-06 V                  ; 2.38 V             ; -0.041 V           ; 0.145 V                             ; 0.14 V                              ; 4.54e-10 s                 ; 4.3e-10 s                  ; No                        ; Yes                       ;
; DRAM_DQ[10]   ; 2.5 V        ; 0 s                 ; 0 s                 ; 2.32 V                       ; 1.79e-06 V                   ; 2.38 V              ; -0.0389 V           ; 0.145 V                              ; 0.139 V                              ; 4.54e-10 s                  ; 4.3e-10 s                   ; No                         ; Yes                        ; 2.32 V                      ; 1.79e-06 V                  ; 2.38 V             ; -0.0389 V          ; 0.145 V                             ; 0.139 V                             ; 4.54e-10 s                 ; 4.3e-10 s                  ; No                        ; Yes                       ;
; DRAM_DQ[11]   ; 2.5 V        ; 0 s                 ; 0 s                 ; 2.32 V                       ; 1.79e-06 V                   ; 2.38 V              ; -0.041 V            ; 0.145 V                              ; 0.14 V                               ; 4.54e-10 s                  ; 4.3e-10 s                   ; No                         ; Yes                        ; 2.32 V                      ; 1.79e-06 V                  ; 2.38 V             ; -0.041 V           ; 0.145 V                             ; 0.14 V                              ; 4.54e-10 s                 ; 4.3e-10 s                  ; No                        ; Yes                       ;
; DRAM_DQ[12]   ; 2.5 V        ; 0 s                 ; 0 s                 ; 2.32 V                       ; 1.79e-06 V                   ; 2.38 V              ; -0.041 V            ; 0.145 V                              ; 0.14 V                               ; 4.54e-10 s                  ; 4.3e-10 s                   ; No                         ; Yes                        ; 2.32 V                      ; 1.79e-06 V                  ; 2.38 V             ; -0.041 V           ; 0.145 V                             ; 0.14 V                              ; 4.54e-10 s                 ; 4.3e-10 s                  ; No                        ; Yes                       ;
; DRAM_DQ[13]   ; 2.5 V        ; 0 s                 ; 0 s                 ; 2.32 V                       ; 1.79e-06 V                   ; 2.38 V              ; -0.041 V            ; 0.145 V                              ; 0.14 V                               ; 4.54e-10 s                  ; 4.3e-10 s                   ; No                         ; Yes                        ; 2.32 V                      ; 1.79e-06 V                  ; 2.38 V             ; -0.041 V           ; 0.145 V                             ; 0.14 V                              ; 4.54e-10 s                 ; 4.3e-10 s                  ; No                        ; Yes                       ;
; DRAM_DQ[14]   ; 2.5 V        ; 0 s                 ; 0 s                 ; 2.32 V                       ; 1.79e-06 V                   ; 2.38 V              ; -0.0389 V           ; 0.145 V                              ; 0.139 V                              ; 4.54e-10 s                  ; 4.3e-10 s                   ; No                         ; Yes                        ; 2.32 V                      ; 1.79e-06 V                  ; 2.38 V             ; -0.0389 V          ; 0.145 V                             ; 0.139 V                             ; 4.54e-10 s                 ; 4.3e-10 s                  ; No                        ; Yes                       ;
; DRAM_DQ[15]   ; 2.5 V        ; 0 s                 ; 0 s                 ; 2.32 V                       ; 1.79e-06 V                   ; 2.38 V              ; -0.0389 V           ; 0.145 V                              ; 0.139 V                              ; 4.54e-10 s                  ; 4.3e-10 s                   ; No                         ; Yes                        ; 2.32 V                      ; 1.79e-06 V                  ; 2.38 V             ; -0.0389 V          ; 0.145 V                             ; 0.139 V                             ; 4.54e-10 s                 ; 4.3e-10 s                  ; No                        ; Yes                       ;
; ~ALTERA_TDO~  ; 2.5 V        ; 0 s                 ; 0 s                 ; 2.32 V                       ; 3.04e-06 V                   ; 2.37 V              ; -0.0108 V           ; 0.13 V                               ; 0.066 V                              ; 6.33e-10 s                  ; 6.45e-10 s                  ; No                         ; Yes                        ; 2.32 V                      ; 3.04e-06 V                  ; 2.37 V             ; -0.0108 V          ; 0.13 V                              ; 0.066 V                             ; 6.33e-10 s                 ; 6.45e-10 s                 ; No                        ; Yes                       ;
+---------------+--------------+---------------------+---------------------+------------------------------+------------------------------+---------------------+---------------------+--------------------------------------+--------------------------------------+-----------------------------+-----------------------------+----------------------------+----------------------------+-----------------------------+-----------------------------+--------------------+--------------------+-------------------------------------+-------------------------------------+----------------------------+----------------------------+---------------------------+---------------------------+


+--------------------------------------------------------------------------------------------------------------------------------------------------------------------------------------------------------------------------------------------------------------------------------------------------------------------------------------------------------------------------------------------------------------------------------------------------------------------------------------------------------------------------------------------------------------------------------------------------------------------------------------------------------------------------------------------+
; Signal Integrity Metrics (Fast 1200mv 0c Model)                                                                                                                                                                                                                                                                                                                                                                                                                                                                                                                                                                                                                                            ;
+---------------+--------------+---------------------+---------------------+------------------------------+------------------------------+---------------------+---------------------+--------------------------------------+--------------------------------------+-----------------------------+-----------------------------+----------------------------+----------------------------+-----------------------------+-----------------------------+--------------------+--------------------+-------------------------------------+-------------------------------------+----------------------------+----------------------------+---------------------------+---------------------------+
; Pin           ; I/O Standard ; Board Delay on Rise ; Board Delay on Fall ; Steady State Voh at FPGA Pin ; Steady State Vol at FPGA Pin ; Voh Max at FPGA Pin ; Vol Min at FPGA Pin ; Ringback Voltage on Rise at FPGA Pin ; Ringback Voltage on Fall at FPGA Pin ; 10-90 Rise Time at FPGA Pin ; 90-10 Fall Time at FPGA Pin ; Monotonic Rise at FPGA Pin ; Monotonic Fall at FPGA Pin ; Steady State Voh at Far-end ; Steady State Vol at Far-end ; Voh Max at Far-end ; Vol Min at Far-end ; Ringback Voltage on Rise at Far-end ; Ringback Voltage on Fall at Far-end ; 10-90 Rise Time at Far-end ; 90-10 Fall Time at Far-end ; Monotonic Rise at Far-end ; Monotonic Fall at Far-end ;
+---------------+--------------+---------------------+---------------------+------------------------------+------------------------------+---------------------+---------------------+--------------------------------------+--------------------------------------+-----------------------------+-----------------------------+----------------------------+----------------------------+-----------------------------+-----------------------------+--------------------+--------------------+-------------------------------------+-------------------------------------+----------------------------+----------------------------+---------------------------+---------------------------+
; LEDR[0]       ; 2.5 V        ; 0 s                 ; 0 s                 ; 2.62 V                       ; 9.95e-08 V                   ; 2.78 V              ; -0.0452 V           ; 0.248 V                              ; 0.108 V                              ; 2.67e-10 s                  ; 2.75e-10 s                  ; No                         ; Yes                        ; 2.62 V                      ; 9.95e-08 V                  ; 2.78 V             ; -0.0452 V          ; 0.248 V                             ; 0.108 V                             ; 2.67e-10 s                 ; 2.75e-10 s                 ; No                        ; Yes                       ;
; LEDR[1]       ; 2.5 V        ; 0 s                 ; 0 s                 ; 2.62 V                       ; 9.94e-08 V                   ; 2.78 V              ; -0.0444 V           ; 0.25 V                               ; 0.107 V                              ; 2.67e-10 s                  ; 2.75e-10 s                  ; No                         ; Yes                        ; 2.62 V                      ; 9.94e-08 V                  ; 2.78 V             ; -0.0444 V          ; 0.25 V                              ; 0.107 V                             ; 2.67e-10 s                 ; 2.75e-10 s                 ; No                        ; Yes                       ;
; LEDR[2]       ; 2.5 V        ; 0 s                 ; 0 s                 ; 2.62 V                       ; 9.95e-08 V                   ; 2.78 V              ; -0.0452 V           ; 0.248 V                              ; 0.108 V                              ; 2.67e-10 s                  ; 2.75e-10 s                  ; No                         ; Yes                        ; 2.62 V                      ; 9.95e-08 V                  ; 2.78 V             ; -0.0452 V          ; 0.248 V                             ; 0.108 V                             ; 2.67e-10 s                 ; 2.75e-10 s                 ; No                        ; Yes                       ;
; LEDR[3]       ; 2.5 V        ; 0 s                 ; 0 s                 ; 2.62 V                       ; 9.94e-08 V                   ; 2.78 V              ; -0.0444 V           ; 0.25 V                               ; 0.107 V                              ; 2.67e-10 s                  ; 2.75e-10 s                  ; No                         ; Yes                        ; 2.62 V                      ; 9.94e-08 V                  ; 2.78 V             ; -0.0444 V          ; 0.25 V                              ; 0.107 V                             ; 2.67e-10 s                 ; 2.75e-10 s                 ; No                        ; Yes                       ;
; LEDR[4]       ; 2.5 V        ; 0 s                 ; 0 s                 ; 2.62 V                       ; 9.95e-08 V                   ; 2.78 V              ; -0.0452 V           ; 0.248 V                              ; 0.108 V                              ; 2.67e-10 s                  ; 2.75e-10 s                  ; No                         ; Yes                        ; 2.62 V                      ; 9.95e-08 V                  ; 2.78 V             ; -0.0452 V          ; 0.248 V                             ; 0.108 V                             ; 2.67e-10 s                 ; 2.75e-10 s                 ; No                        ; Yes                       ;
; LEDR[5]       ; 2.5 V        ; 0 s                 ; 0 s                 ; 2.62 V                       ; 9.95e-08 V                   ; 2.78 V              ; -0.0452 V           ; 0.248 V                              ; 0.108 V                              ; 2.67e-10 s                  ; 2.75e-10 s                  ; No                         ; Yes                        ; 2.62 V                      ; 9.95e-08 V                  ; 2.78 V             ; -0.0452 V          ; 0.248 V                             ; 0.108 V                             ; 2.67e-10 s                 ; 2.75e-10 s                 ; No                        ; Yes                       ;
; LEDR[6]       ; 2.5 V        ; 0 s                 ; 0 s                 ; 2.62 V                       ; 9.95e-08 V                   ; 2.78 V              ; -0.0452 V           ; 0.248 V                              ; 0.108 V                              ; 2.67e-10 s                  ; 2.75e-10 s                  ; No                         ; Yes                        ; 2.62 V                      ; 9.95e-08 V                  ; 2.78 V             ; -0.0452 V          ; 0.248 V                             ; 0.108 V                             ; 2.67e-10 s                 ; 2.75e-10 s                 ; No                        ; Yes                       ;
; LEDR[7]       ; 2.5 V        ; 0 s                 ; 0 s                 ; 2.62 V                       ; 9.94e-08 V                   ; 2.78 V              ; -0.0444 V           ; 0.25 V                               ; 0.107 V                              ; 2.67e-10 s                  ; 2.75e-10 s                  ; No                         ; Yes                        ; 2.62 V                      ; 9.94e-08 V                  ; 2.78 V             ; -0.0444 V          ; 0.25 V                              ; 0.107 V                             ; 2.67e-10 s                 ; 2.75e-10 s                 ; No                        ; Yes                       ;
; LEDR[8]       ; 2.5 V        ; 0 s                 ; 0 s                 ; 2.62 V                       ; 9.94e-08 V                   ; 2.78 V              ; -0.0444 V           ; 0.25 V                               ; 0.107 V                              ; 2.67e-10 s                  ; 2.75e-10 s                  ; No                         ; Yes                        ; 2.62 V                      ; 9.94e-08 V                  ; 2.78 V             ; -0.0444 V          ; 0.25 V                              ; 0.107 V                             ; 2.67e-10 s                 ; 2.75e-10 s                 ; No                        ; Yes                       ;
; LEDR[9]       ; 2.5 V        ; 0 s                 ; 0 s                 ; 2.62 V                       ; 9.95e-08 V                   ; 2.78 V              ; -0.0452 V           ; 0.248 V                              ; 0.108 V                              ; 2.67e-10 s                  ; 2.75e-10 s                  ; No                         ; Yes                        ; 2.62 V                      ; 9.95e-08 V                  ; 2.78 V             ; -0.0452 V          ; 0.248 V                             ; 0.108 V                             ; 2.67e-10 s                 ; 2.75e-10 s                 ; No                        ; Yes                       ;
; HEX0[0]       ; 2.5 V        ; 0 s                 ; 0 s                 ; 2.62 V                       ; 9.94e-08 V                   ; 2.78 V              ; -0.0444 V           ; 0.25 V                               ; 0.107 V                              ; 2.67e-10 s                  ; 2.75e-10 s                  ; No                         ; Yes                        ; 2.62 V                      ; 9.94e-08 V                  ; 2.78 V             ; -0.0444 V          ; 0.25 V                              ; 0.107 V                             ; 2.67e-10 s                 ; 2.75e-10 s                 ; No                        ; Yes                       ;
; HEX0[1]       ; 2.5 V        ; 0 s                 ; 0 s                 ; 2.62 V                       ; 9.95e-08 V                   ; 2.78 V              ; -0.0452 V           ; 0.248 V                              ; 0.108 V                              ; 2.67e-10 s                  ; 2.75e-10 s                  ; No                         ; Yes                        ; 2.62 V                      ; 9.95e-08 V                  ; 2.78 V             ; -0.0452 V          ; 0.248 V                             ; 0.108 V                             ; 2.67e-10 s                 ; 2.75e-10 s                 ; No                        ; Yes                       ;
; HEX0[2]       ; 2.5 V        ; 0 s                 ; 0 s                 ; 2.62 V                       ; 9.95e-08 V                   ; 2.78 V              ; -0.0452 V           ; 0.248 V                              ; 0.108 V                              ; 2.67e-10 s                  ; 2.75e-10 s                  ; No                         ; Yes                        ; 2.62 V                      ; 9.95e-08 V                  ; 2.78 V             ; -0.0452 V          ; 0.248 V                             ; 0.108 V                             ; 2.67e-10 s                 ; 2.75e-10 s                 ; No                        ; Yes                       ;
; HEX0[3]       ; 2.5 V        ; 0 s                 ; 0 s                 ; 2.62 V                       ; 9.94e-08 V                   ; 2.78 V              ; -0.0444 V           ; 0.25 V                               ; 0.107 V                              ; 2.67e-10 s                  ; 2.75e-10 s                  ; No                         ; Yes                        ; 2.62 V                      ; 9.94e-08 V                  ; 2.78 V             ; -0.0444 V          ; 0.25 V                              ; 0.107 V                             ; 2.67e-10 s                 ; 2.75e-10 s                 ; No                        ; Yes                       ;
; HEX0[4]       ; 2.5 V        ; 0 s                 ; 0 s                 ; 2.62 V                       ; 9.94e-08 V                   ; 2.78 V              ; -0.0444 V           ; 0.25 V                               ; 0.107 V                              ; 2.67e-10 s                  ; 2.75e-10 s                  ; No                         ; Yes                        ; 2.62 V                      ; 9.94e-08 V                  ; 2.78 V             ; -0.0444 V          ; 0.25 V                              ; 0.107 V                             ; 2.67e-10 s                 ; 2.75e-10 s                 ; No                        ; Yes                       ;
; HEX0[5]       ; 2.5 V        ; 0 s                 ; 0 s                 ; 2.62 V                       ; 9.94e-08 V                   ; 2.78 V              ; -0.0444 V           ; 0.25 V                               ; 0.107 V                              ; 2.67e-10 s                  ; 2.75e-10 s                  ; No                         ; Yes                        ; 2.62 V                      ; 9.94e-08 V                  ; 2.78 V             ; -0.0444 V          ; 0.25 V                              ; 0.107 V                             ; 2.67e-10 s                 ; 2.75e-10 s                 ; No                        ; Yes                       ;
; HEX0[6]       ; 2.5 V        ; 0 s                 ; 0 s                 ; 2.62 V                       ; 9.95e-08 V                   ; 2.78 V              ; -0.0452 V           ; 0.248 V                              ; 0.108 V                              ; 2.67e-10 s                  ; 2.75e-10 s                  ; No                         ; Yes                        ; 2.62 V                      ; 9.95e-08 V                  ; 2.78 V             ; -0.0452 V          ; 0.248 V                             ; 0.108 V                             ; 2.67e-10 s                 ; 2.75e-10 s                 ; No                        ; Yes                       ;
; HEX0[7]       ; 2.5 V        ; 0 s                 ; 0 s                 ; 2.62 V                       ; 9.94e-08 V                   ; 2.78 V              ; -0.0444 V           ; 0.25 V                               ; 0.107 V                              ; 2.67e-10 s                  ; 2.75e-10 s                  ; No                         ; Yes                        ; 2.62 V                      ; 9.94e-08 V                  ; 2.78 V             ; -0.0444 V          ; 0.25 V                              ; 0.107 V                             ; 2.67e-10 s                 ; 2.75e-10 s                 ; No                        ; Yes                       ;
; HEX1[0]       ; 2.5 V        ; 0 s                 ; 0 s                 ; 2.62 V                       ; 9.94e-08 V                   ; 2.78 V              ; -0.0444 V           ; 0.25 V                               ; 0.107 V                              ; 2.67e-10 s                  ; 2.75e-10 s                  ; No                         ; Yes                        ; 2.62 V                      ; 9.94e-08 V                  ; 2.78 V             ; -0.0444 V          ; 0.25 V                              ; 0.107 V                             ; 2.67e-10 s                 ; 2.75e-10 s                 ; No                        ; Yes                       ;
; HEX1[1]       ; 2.5 V        ; 0 s                 ; 0 s                 ; 2.62 V                       ; 9.94e-08 V                   ; 2.78 V              ; -0.0444 V           ; 0.25 V                               ; 0.107 V                              ; 2.67e-10 s                  ; 2.75e-10 s                  ; No                         ; Yes                        ; 2.62 V                      ; 9.94e-08 V                  ; 2.78 V             ; -0.0444 V          ; 0.25 V                              ; 0.107 V                             ; 2.67e-10 s                 ; 2.75e-10 s                 ; No                        ; Yes                       ;
; HEX1[2]       ; 2.5 V        ; 0 s                 ; 0 s                 ; 2.62 V                       ; 9.95e-08 V                   ; 2.78 V              ; -0.0452 V           ; 0.248 V                              ; 0.108 V                              ; 2.67e-10 s                  ; 2.75e-10 s                  ; No                         ; Yes                        ; 2.62 V                      ; 9.95e-08 V                  ; 2.78 V             ; -0.0452 V          ; 0.248 V                             ; 0.108 V                             ; 2.67e-10 s                 ; 2.75e-10 s                 ; No                        ; Yes                       ;
; HEX1[3]       ; 2.5 V        ; 0 s                 ; 0 s                 ; 2.62 V                       ; 9.94e-08 V                   ; 2.78 V              ; -0.0444 V           ; 0.25 V                               ; 0.107 V                              ; 2.67e-10 s                  ; 2.75e-10 s                  ; No                         ; Yes                        ; 2.62 V                      ; 9.94e-08 V                  ; 2.78 V             ; -0.0444 V          ; 0.25 V                              ; 0.107 V                             ; 2.67e-10 s                 ; 2.75e-10 s                 ; No                        ; Yes                       ;
; HEX1[4]       ; 2.5 V        ; 0 s                 ; 0 s                 ; 2.62 V                       ; 9.95e-08 V                   ; 2.78 V              ; -0.0452 V           ; 0.248 V                              ; 0.108 V                              ; 2.67e-10 s                  ; 2.75e-10 s                  ; No                         ; Yes                        ; 2.62 V                      ; 9.95e-08 V                  ; 2.78 V             ; -0.0452 V          ; 0.248 V                             ; 0.108 V                             ; 2.67e-10 s                 ; 2.75e-10 s                 ; No                        ; Yes                       ;
; HEX1[5]       ; 2.5 V        ; 0 s                 ; 0 s                 ; 2.62 V                       ; 9.94e-08 V                   ; 2.78 V              ; -0.0444 V           ; 0.25 V                               ; 0.107 V                              ; 2.67e-10 s                  ; 2.75e-10 s                  ; No                         ; Yes                        ; 2.62 V                      ; 9.94e-08 V                  ; 2.78 V             ; -0.0444 V          ; 0.25 V                              ; 0.107 V                             ; 2.67e-10 s                 ; 2.75e-10 s                 ; No                        ; Yes                       ;
; HEX1[6]       ; 2.5 V        ; 0 s                 ; 0 s                 ; 2.62 V                       ; 9.95e-08 V                   ; 2.78 V              ; -0.0452 V           ; 0.248 V                              ; 0.108 V                              ; 2.67e-10 s                  ; 2.75e-10 s                  ; No                         ; Yes                        ; 2.62 V                      ; 9.95e-08 V                  ; 2.78 V             ; -0.0452 V          ; 0.248 V                             ; 0.108 V                             ; 2.67e-10 s                 ; 2.75e-10 s                 ; No                        ; Yes                       ;
; HEX1[7]       ; 2.5 V        ; 0 s                 ; 0 s                 ; 2.62 V                       ; 9.95e-08 V                   ; 2.78 V              ; -0.0452 V           ; 0.248 V                              ; 0.108 V                              ; 2.67e-10 s                  ; 2.75e-10 s                  ; No                         ; Yes                        ; 2.62 V                      ; 9.95e-08 V                  ; 2.78 V             ; -0.0452 V          ; 0.248 V                             ; 0.108 V                             ; 2.67e-10 s                 ; 2.75e-10 s                 ; No                        ; Yes                       ;
; HEX2[0]       ; 2.5 V        ; 0 s                 ; 0 s                 ; 2.62 V                       ; 9.94e-08 V                   ; 2.78 V              ; -0.0444 V           ; 0.25 V                               ; 0.107 V                              ; 2.67e-10 s                  ; 2.75e-10 s                  ; No                         ; Yes                        ; 2.62 V                      ; 9.94e-08 V                  ; 2.78 V             ; -0.0444 V          ; 0.25 V                              ; 0.107 V                             ; 2.67e-10 s                 ; 2.75e-10 s                 ; No                        ; Yes                       ;
; HEX2[1]       ; 2.5 V        ; 0 s                 ; 0 s                 ; 2.62 V                       ; 9.94e-08 V                   ; 2.78 V              ; -0.0444 V           ; 0.25 V                               ; 0.107 V                              ; 2.67e-10 s                  ; 2.75e-10 s                  ; No                         ; Yes                        ; 2.62 V                      ; 9.94e-08 V                  ; 2.78 V             ; -0.0444 V          ; 0.25 V                              ; 0.107 V                             ; 2.67e-10 s                 ; 2.75e-10 s                 ; No                        ; Yes                       ;
; HEX2[2]       ; 2.5 V        ; 0 s                 ; 0 s                 ; 2.62 V                       ; 9.95e-08 V                   ; 2.78 V              ; -0.0452 V           ; 0.248 V                              ; 0.108 V                              ; 2.67e-10 s                  ; 2.75e-10 s                  ; No                         ; Yes                        ; 2.62 V                      ; 9.95e-08 V                  ; 2.78 V             ; -0.0452 V          ; 0.248 V                             ; 0.108 V                             ; 2.67e-10 s                 ; 2.75e-10 s                 ; No                        ; Yes                       ;
; HEX2[3]       ; 2.5 V        ; 0 s                 ; 0 s                 ; 2.62 V                       ; 9.95e-08 V                   ; 2.78 V              ; -0.0452 V           ; 0.248 V                              ; 0.108 V                              ; 2.67e-10 s                  ; 2.75e-10 s                  ; No                         ; Yes                        ; 2.62 V                      ; 9.95e-08 V                  ; 2.78 V             ; -0.0452 V          ; 0.248 V                             ; 0.108 V                             ; 2.67e-10 s                 ; 2.75e-10 s                 ; No                        ; Yes                       ;
; HEX2[4]       ; 2.5 V        ; 0 s                 ; 0 s                 ; 2.62 V                       ; 9.95e-08 V                   ; 2.78 V              ; -0.0452 V           ; 0.248 V                              ; 0.108 V                              ; 2.67e-10 s                  ; 2.75e-10 s                  ; No                         ; Yes                        ; 2.62 V                      ; 9.95e-08 V                  ; 2.78 V             ; -0.0452 V          ; 0.248 V                             ; 0.108 V                             ; 2.67e-10 s                 ; 2.75e-10 s                 ; No                        ; Yes                       ;
; HEX2[5]       ; 2.5 V        ; 0 s                 ; 0 s                 ; 2.62 V                       ; 9.95e-08 V                   ; 2.78 V              ; -0.0452 V           ; 0.248 V                              ; 0.108 V                              ; 2.67e-10 s                  ; 2.75e-10 s                  ; No                         ; Yes                        ; 2.62 V                      ; 9.95e-08 V                  ; 2.78 V             ; -0.0452 V          ; 0.248 V                             ; 0.108 V                             ; 2.67e-10 s                 ; 2.75e-10 s                 ; No                        ; Yes                       ;
; HEX2[6]       ; 2.5 V        ; 0 s                 ; 0 s                 ; 2.62 V                       ; 9.94e-08 V                   ; 2.78 V              ; -0.0444 V           ; 0.25 V                               ; 0.107 V                              ; 2.67e-10 s                  ; 2.75e-10 s                  ; No                         ; Yes                        ; 2.62 V                      ; 9.94e-08 V                  ; 2.78 V             ; -0.0444 V          ; 0.25 V                              ; 0.107 V                             ; 2.67e-10 s                 ; 2.75e-10 s                 ; No                        ; Yes                       ;
; HEX2[7]       ; 2.5 V        ; 0 s                 ; 0 s                 ; 2.62 V                       ; 9.95e-08 V                   ; 2.78 V              ; -0.0452 V           ; 0.248 V                              ; 0.108 V                              ; 2.67e-10 s                  ; 2.75e-10 s                  ; No                         ; Yes                        ; 2.62 V                      ; 9.95e-08 V                  ; 2.78 V             ; -0.0452 V          ; 0.248 V                             ; 0.108 V                             ; 2.67e-10 s                 ; 2.75e-10 s                 ; No                        ; Yes                       ;
; HEX3[0]       ; 2.5 V        ; 0 s                 ; 0 s                 ; 2.62 V                       ; 9.94e-08 V                   ; 2.78 V              ; -0.0444 V           ; 0.25 V                               ; 0.107 V                              ; 2.67e-10 s                  ; 2.75e-10 s                  ; No                         ; Yes                        ; 2.62 V                      ; 9.94e-08 V                  ; 2.78 V             ; -0.0444 V          ; 0.25 V                              ; 0.107 V                             ; 2.67e-10 s                 ; 2.75e-10 s                 ; No                        ; Yes                       ;
; HEX3[1]       ; 2.5 V        ; 0 s                 ; 0 s                 ; 2.62 V                       ; 9.94e-08 V                   ; 2.78 V              ; -0.0444 V           ; 0.25 V                               ; 0.107 V                              ; 2.67e-10 s                  ; 2.75e-10 s                  ; No                         ; Yes                        ; 2.62 V                      ; 9.94e-08 V                  ; 2.78 V             ; -0.0444 V          ; 0.25 V                              ; 0.107 V                             ; 2.67e-10 s                 ; 2.75e-10 s                 ; No                        ; Yes                       ;
; HEX3[2]       ; 2.5 V        ; 0 s                 ; 0 s                 ; 2.62 V                       ; 9.95e-08 V                   ; 2.78 V              ; -0.0452 V           ; 0.248 V                              ; 0.108 V                              ; 2.67e-10 s                  ; 2.75e-10 s                  ; No                         ; Yes                        ; 2.62 V                      ; 9.95e-08 V                  ; 2.78 V             ; -0.0452 V          ; 0.248 V                             ; 0.108 V                             ; 2.67e-10 s                 ; 2.75e-10 s                 ; No                        ; Yes                       ;
; HEX3[3]       ; 2.5 V        ; 0 s                 ; 0 s                 ; 2.62 V                       ; 9.94e-08 V                   ; 2.78 V              ; -0.0444 V           ; 0.25 V                               ; 0.107 V                              ; 2.67e-10 s                  ; 2.75e-10 s                  ; No                         ; Yes                        ; 2.62 V                      ; 9.94e-08 V                  ; 2.78 V             ; -0.0444 V          ; 0.25 V                              ; 0.107 V                             ; 2.67e-10 s                 ; 2.75e-10 s                 ; No                        ; Yes                       ;
; HEX3[4]       ; 2.5 V        ; 0 s                 ; 0 s                 ; 2.62 V                       ; 9.94e-08 V                   ; 2.78 V              ; -0.0444 V           ; 0.25 V                               ; 0.107 V                              ; 2.67e-10 s                  ; 2.75e-10 s                  ; No                         ; Yes                        ; 2.62 V                      ; 9.94e-08 V                  ; 2.78 V             ; -0.0444 V          ; 0.25 V                              ; 0.107 V                             ; 2.67e-10 s                 ; 2.75e-10 s                 ; No                        ; Yes                       ;
; HEX3[5]       ; 2.5 V        ; 0 s                 ; 0 s                 ; 2.62 V                       ; 9.95e-08 V                   ; 2.78 V              ; -0.0452 V           ; 0.248 V                              ; 0.108 V                              ; 2.67e-10 s                  ; 2.75e-10 s                  ; No                         ; Yes                        ; 2.62 V                      ; 9.95e-08 V                  ; 2.78 V             ; -0.0452 V          ; 0.248 V                             ; 0.108 V                             ; 2.67e-10 s                 ; 2.75e-10 s                 ; No                        ; Yes                       ;
; HEX3[6]       ; 2.5 V        ; 0 s                 ; 0 s                 ; 2.62 V                       ; 9.95e-08 V                   ; 2.78 V              ; -0.0452 V           ; 0.248 V                              ; 0.108 V                              ; 2.67e-10 s                  ; 2.75e-10 s                  ; No                         ; Yes                        ; 2.62 V                      ; 9.95e-08 V                  ; 2.78 V             ; -0.0452 V          ; 0.248 V                             ; 0.108 V                             ; 2.67e-10 s                 ; 2.75e-10 s                 ; No                        ; Yes                       ;
; HEX3[7]       ; 2.5 V        ; 0 s                 ; 0 s                 ; 2.62 V                       ; 9.94e-08 V                   ; 2.78 V              ; -0.0444 V           ; 0.25 V                               ; 0.107 V                              ; 2.67e-10 s                  ; 2.75e-10 s                  ; No                         ; Yes                        ; 2.62 V                      ; 9.94e-08 V                  ; 2.78 V             ; -0.0444 V          ; 0.25 V                              ; 0.107 V                             ; 2.67e-10 s                 ; 2.75e-10 s                 ; No                        ; Yes                       ;
; HEX4[0]       ; 2.5 V        ; 0 s                 ; 0 s                 ; 2.62 V                       ; 9.95e-08 V                   ; 2.78 V              ; -0.0452 V           ; 0.248 V                              ; 0.108 V                              ; 2.67e-10 s                  ; 2.75e-10 s                  ; No                         ; Yes                        ; 2.62 V                      ; 9.95e-08 V                  ; 2.78 V             ; -0.0452 V          ; 0.248 V                             ; 0.108 V                             ; 2.67e-10 s                 ; 2.75e-10 s                 ; No                        ; Yes                       ;
; HEX4[1]       ; 2.5 V        ; 0 s                 ; 0 s                 ; 2.62 V                       ; 9.95e-08 V                   ; 2.78 V              ; -0.0452 V           ; 0.248 V                              ; 0.108 V                              ; 2.67e-10 s                  ; 2.75e-10 s                  ; No                         ; Yes                        ; 2.62 V                      ; 9.95e-08 V                  ; 2.78 V             ; -0.0452 V          ; 0.248 V                             ; 0.108 V                             ; 2.67e-10 s                 ; 2.75e-10 s                 ; No                        ; Yes                       ;
; HEX4[2]       ; 2.5 V        ; 0 s                 ; 0 s                 ; 2.62 V                       ; 9.94e-08 V                   ; 2.78 V              ; -0.0444 V           ; 0.25 V                               ; 0.107 V                              ; 2.67e-10 s                  ; 2.75e-10 s                  ; No                         ; Yes                        ; 2.62 V                      ; 9.94e-08 V                  ; 2.78 V             ; -0.0444 V          ; 0.25 V                              ; 0.107 V                             ; 2.67e-10 s                 ; 2.75e-10 s                 ; No                        ; Yes                       ;
; HEX4[3]       ; 2.5 V        ; 0 s                 ; 0 s                 ; 2.62 V                       ; 9.95e-08 V                   ; 2.78 V              ; -0.0452 V           ; 0.248 V                              ; 0.108 V                              ; 2.67e-10 s                  ; 2.75e-10 s                  ; No                         ; Yes                        ; 2.62 V                      ; 9.95e-08 V                  ; 2.78 V             ; -0.0452 V          ; 0.248 V                             ; 0.108 V                             ; 2.67e-10 s                 ; 2.75e-10 s                 ; No                        ; Yes                       ;
; HEX4[4]       ; 2.5 V        ; 0 s                 ; 0 s                 ; 2.62 V                       ; 9.94e-08 V                   ; 2.78 V              ; -0.0444 V           ; 0.25 V                               ; 0.107 V                              ; 2.67e-10 s                  ; 2.75e-10 s                  ; No                         ; Yes                        ; 2.62 V                      ; 9.94e-08 V                  ; 2.78 V             ; -0.0444 V          ; 0.25 V                              ; 0.107 V                             ; 2.67e-10 s                 ; 2.75e-10 s                 ; No                        ; Yes                       ;
; HEX4[5]       ; 2.5 V        ; 0 s                 ; 0 s                 ; 2.62 V                       ; 9.94e-08 V                   ; 2.78 V              ; -0.0444 V           ; 0.25 V                               ; 0.107 V                              ; 2.67e-10 s                  ; 2.75e-10 s                  ; No                         ; Yes                        ; 2.62 V                      ; 9.94e-08 V                  ; 2.78 V             ; -0.0444 V          ; 0.25 V                              ; 0.107 V                             ; 2.67e-10 s                 ; 2.75e-10 s                 ; No                        ; Yes                       ;
; HEX4[6]       ; 2.5 V        ; 0 s                 ; 0 s                 ; 2.62 V                       ; 9.95e-08 V                   ; 2.78 V              ; -0.0452 V           ; 0.248 V                              ; 0.108 V                              ; 2.67e-10 s                  ; 2.75e-10 s                  ; No                         ; Yes                        ; 2.62 V                      ; 9.95e-08 V                  ; 2.78 V             ; -0.0452 V          ; 0.248 V                             ; 0.108 V                             ; 2.67e-10 s                 ; 2.75e-10 s                 ; No                        ; Yes                       ;
; HEX4[7]       ; 2.5 V        ; 0 s                 ; 0 s                 ; 2.62 V                       ; 9.94e-08 V                   ; 2.78 V              ; -0.0444 V           ; 0.25 V                               ; 0.107 V                              ; 2.67e-10 s                  ; 2.75e-10 s                  ; No                         ; Yes                        ; 2.62 V                      ; 9.94e-08 V                  ; 2.78 V             ; -0.0444 V          ; 0.25 V                              ; 0.107 V                             ; 2.67e-10 s                 ; 2.75e-10 s                 ; No                        ; Yes                       ;
; TXD           ; 2.5 V        ; 0 s                 ; 0 s                 ; 2.62 V                       ; 9.95e-08 V                   ; 2.78 V              ; -0.0452 V           ; 0.248 V                              ; 0.108 V                              ; 2.67e-10 s                  ; 2.75e-10 s                  ; No                         ; Yes                        ; 2.62 V                      ; 9.95e-08 V                  ; 2.78 V             ; -0.0452 V          ; 0.248 V                             ; 0.108 V                             ; 2.67e-10 s                 ; 2.75e-10 s                 ; No                        ; Yes                       ;
; TDO           ; 2.5 V        ; 0 s                 ; 0 s                 ; 2.62 V                       ; 9.94e-08 V                   ; 2.77 V              ; -0.0485 V           ; 0.289 V                              ; 0.058 V                              ; 2.81e-10 s                  ; 3.04e-10 s                  ; No                         ; Yes                        ; 2.62 V                      ; 9.94e-08 V                  ; 2.77 V             ; -0.0485 V          ; 0.289 V                             ; 0.058 V                             ; 2.81e-10 s                 ; 3.04e-10 s                 ; No                        ; Yes                       ;
; DRAM_ADDR[0]  ; 2.5 V        ; 0 s                 ; 0 s                 ; 2.62 V                       ; 9.95e-08 V                   ; 2.78 V              ; -0.0452 V           ; 0.248 V                              ; 0.108 V                              ; 2.67e-10 s                  ; 2.75e-10 s                  ; No                         ; Yes                        ; 2.62 V                      ; 9.95e-08 V                  ; 2.78 V             ; -0.0452 V          ; 0.248 V                             ; 0.108 V                             ; 2.67e-10 s                 ; 2.75e-10 s                 ; No                        ; Yes                       ;
; DRAM_ADDR[1]  ; 2.5 V        ; 0 s                 ; 0 s                 ; 2.62 V                       ; 9.94e-08 V                   ; 2.78 V              ; -0.0444 V           ; 0.25 V                               ; 0.107 V                              ; 2.67e-10 s                  ; 2.75e-10 s                  ; No                         ; Yes                        ; 2.62 V                      ; 9.94e-08 V                  ; 2.78 V             ; -0.0444 V          ; 0.25 V                              ; 0.107 V                             ; 2.67e-10 s                 ; 2.75e-10 s                 ; No                        ; Yes                       ;
; DRAM_ADDR[2]  ; 2.5 V        ; 0 s                 ; 0 s                 ; 2.62 V                       ; 9.94e-08 V                   ; 2.78 V              ; -0.0444 V           ; 0.25 V                               ; 0.107 V                              ; 2.67e-10 s                  ; 2.75e-10 s                  ; No                         ; Yes                        ; 2.62 V                      ; 9.94e-08 V                  ; 2.78 V             ; -0.0444 V          ; 0.25 V                              ; 0.107 V                             ; 2.67e-10 s                 ; 2.75e-10 s                 ; No                        ; Yes                       ;
; DRAM_ADDR[3]  ; 2.5 V        ; 0 s                 ; 0 s                 ; 2.62 V                       ; 9.94e-08 V                   ; 2.78 V              ; -0.0444 V           ; 0.25 V                               ; 0.107 V                              ; 2.67e-10 s                  ; 2.75e-10 s                  ; No                         ; Yes                        ; 2.62 V                      ; 9.94e-08 V                  ; 2.78 V             ; -0.0444 V          ; 0.25 V                              ; 0.107 V                             ; 2.67e-10 s                 ; 2.75e-10 s                 ; No                        ; Yes                       ;
; DRAM_ADDR[4]  ; 2.5 V        ; 0 s                 ; 0 s                 ; 2.62 V                       ; 9.95e-08 V                   ; 2.78 V              ; -0.0452 V           ; 0.248 V                              ; 0.108 V                              ; 2.67e-10 s                  ; 2.75e-10 s                  ; No                         ; Yes                        ; 2.62 V                      ; 9.95e-08 V                  ; 2.78 V             ; -0.0452 V          ; 0.248 V                             ; 0.108 V                             ; 2.67e-10 s                 ; 2.75e-10 s                 ; No                        ; Yes                       ;
; DRAM_ADDR[5]  ; 2.5 V        ; 0 s                 ; 0 s                 ; 2.62 V                       ; 9.95e-08 V                   ; 2.78 V              ; -0.0452 V           ; 0.248 V                              ; 0.108 V                              ; 2.67e-10 s                  ; 2.75e-10 s                  ; No                         ; Yes                        ; 2.62 V                      ; 9.95e-08 V                  ; 2.78 V             ; -0.0452 V          ; 0.248 V                             ; 0.108 V                             ; 2.67e-10 s                 ; 2.75e-10 s                 ; No                        ; Yes                       ;
; DRAM_ADDR[6]  ; 2.5 V        ; 0 s                 ; 0 s                 ; 2.62 V                       ; 9.94e-08 V                   ; 2.78 V              ; -0.0444 V           ; 0.25 V                               ; 0.107 V                              ; 2.67e-10 s                  ; 2.75e-10 s                  ; No                         ; Yes                        ; 2.62 V                      ; 9.94e-08 V                  ; 2.78 V             ; -0.0444 V          ; 0.25 V                              ; 0.107 V                             ; 2.67e-10 s                 ; 2.75e-10 s                 ; No                        ; Yes                       ;
; DRAM_ADDR[7]  ; 2.5 V        ; 0 s                 ; 0 s                 ; 2.62 V                       ; 9.94e-08 V                   ; 2.78 V              ; -0.0444 V           ; 0.25 V                               ; 0.107 V                              ; 2.67e-10 s                  ; 2.75e-10 s                  ; No                         ; Yes                        ; 2.62 V                      ; 9.94e-08 V                  ; 2.78 V             ; -0.0444 V          ; 0.25 V                              ; 0.107 V                             ; 2.67e-10 s                 ; 2.75e-10 s                 ; No                        ; Yes                       ;
; DRAM_ADDR[8]  ; 2.5 V        ; 0 s                 ; 0 s                 ; 2.62 V                       ; 9.95e-08 V                   ; 2.78 V              ; -0.0452 V           ; 0.248 V                              ; 0.108 V                              ; 2.67e-10 s                  ; 2.75e-10 s                  ; No                         ; Yes                        ; 2.62 V                      ; 9.95e-08 V                  ; 2.78 V             ; -0.0452 V          ; 0.248 V                             ; 0.108 V                             ; 2.67e-10 s                 ; 2.75e-10 s                 ; No                        ; Yes                       ;
; DRAM_ADDR[9]  ; 2.5 V        ; 0 s                 ; 0 s                 ; 2.62 V                       ; 9.94e-08 V                   ; 2.78 V              ; -0.0444 V           ; 0.25 V                               ; 0.107 V                              ; 2.67e-10 s                  ; 2.75e-10 s                  ; No                         ; Yes                        ; 2.62 V                      ; 9.94e-08 V                  ; 2.78 V             ; -0.0444 V          ; 0.25 V                              ; 0.107 V                             ; 2.67e-10 s                 ; 2.75e-10 s                 ; No                        ; Yes                       ;
; DRAM_ADDR[10] ; 2.5 V        ; 0 s                 ; 0 s                 ; 2.62 V                       ; 9.94e-08 V                   ; 2.78 V              ; -0.0444 V           ; 0.25 V                               ; 0.107 V                              ; 2.67e-10 s                  ; 2.75e-10 s                  ; No                         ; Yes                        ; 2.62 V                      ; 9.94e-08 V                  ; 2.78 V             ; -0.0444 V          ; 0.25 V                              ; 0.107 V                             ; 2.67e-10 s                 ; 2.75e-10 s                 ; No                        ; Yes                       ;
; DRAM_ADDR[11] ; 2.5 V        ; 0 s                 ; 0 s                 ; 2.62 V                       ; 9.95e-08 V                   ; 2.78 V              ; -0.0452 V           ; 0.248 V                              ; 0.108 V                              ; 2.67e-10 s                  ; 2.75e-10 s                  ; No                         ; Yes                        ; 2.62 V                      ; 9.95e-08 V                  ; 2.78 V             ; -0.0452 V          ; 0.248 V                             ; 0.108 V                             ; 2.67e-10 s                 ; 2.75e-10 s                 ; No                        ; Yes                       ;
; DRAM_ADDR[12] ; 2.5 V        ; 0 s                 ; 0 s                 ; 2.62 V                       ; 9.95e-08 V                   ; 2.78 V              ; -0.0452 V           ; 0.248 V                              ; 0.108 V                              ; 2.67e-10 s                  ; 2.75e-10 s                  ; No                         ; Yes                        ; 2.62 V                      ; 9.95e-08 V                  ; 2.78 V             ; -0.0452 V          ; 0.248 V                             ; 0.108 V                             ; 2.67e-10 s                 ; 2.75e-10 s                 ; No                        ; Yes                       ;
; DRAM_BA[0]    ; 2.5 V        ; 0 s                 ; 0 s                 ; 2.62 V                       ; 9.94e-08 V                   ; 2.78 V              ; -0.0444 V           ; 0.25 V                               ; 0.107 V                              ; 2.67e-10 s                  ; 2.75e-10 s                  ; No                         ; Yes                        ; 2.62 V                      ; 9.94e-08 V                  ; 2.78 V             ; -0.0444 V          ; 0.25 V                              ; 0.107 V                             ; 2.67e-10 s                 ; 2.75e-10 s                 ; No                        ; Yes                       ;
; DRAM_BA[1]    ; 2.5 V        ; 0 s                 ; 0 s                 ; 2.62 V                       ; 9.95e-08 V                   ; 2.78 V              ; -0.0452 V           ; 0.248 V                              ; 0.108 V                              ; 2.67e-10 s                  ; 2.75e-10 s                  ; No                         ; Yes                        ; 2.62 V                      ; 9.95e-08 V                  ; 2.78 V             ; -0.0452 V          ; 0.248 V                             ; 0.108 V                             ; 2.67e-10 s                 ; 2.75e-10 s                 ; No                        ; Yes                       ;
; DRAM_CAS_N    ; 2.5 V        ; 0 s                 ; 0 s                 ; 2.62 V                       ; 9.94e-08 V                   ; 2.78 V              ; -0.0444 V           ; 0.25 V                               ; 0.107 V                              ; 2.67e-10 s                  ; 2.75e-10 s                  ; No                         ; Yes                        ; 2.62 V                      ; 9.94e-08 V                  ; 2.78 V             ; -0.0444 V          ; 0.25 V                              ; 0.107 V                             ; 2.67e-10 s                 ; 2.75e-10 s                 ; No                        ; Yes                       ;
; DRAM_CKE      ; 2.5 V        ; 0 s                 ; 0 s                 ; 2.62 V                       ; 9.95e-08 V                   ; 2.78 V              ; -0.0452 V           ; 0.248 V                              ; 0.108 V                              ; 2.67e-10 s                  ; 2.75e-10 s                  ; No                         ; Yes                        ; 2.62 V                      ; 9.95e-08 V                  ; 2.78 V             ; -0.0452 V          ; 0.248 V                             ; 0.108 V                             ; 2.67e-10 s                 ; 2.75e-10 s                 ; No                        ; Yes                       ;
; DRAM_CLK      ; 2.5 V        ; 0 s                 ; 0 s                 ; 2.62 V                       ; 9.94e-08 V                   ; 2.78 V              ; -0.0444 V           ; 0.25 V                               ; 0.107 V                              ; 2.67e-10 s                  ; 2.75e-10 s                  ; No                         ; Yes                        ; 2.62 V                      ; 9.94e-08 V                  ; 2.78 V             ; -0.0444 V          ; 0.25 V                              ; 0.107 V                             ; 2.67e-10 s                 ; 2.75e-10 s                 ; No                        ; Yes                       ;
; DRAM_CS_N     ; 2.5 V        ; 0 s                 ; 0 s                 ; 2.62 V                       ; 9.95e-08 V                   ; 2.78 V              ; -0.0452 V           ; 0.248 V                              ; 0.108 V                              ; 2.67e-10 s                  ; 2.75e-10 s                  ; No                         ; Yes                        ; 2.62 V                      ; 9.95e-08 V                  ; 2.78 V             ; -0.0452 V          ; 0.248 V                             ; 0.108 V                             ; 2.67e-10 s                 ; 2.75e-10 s                 ; No                        ; Yes                       ;
; DRAM_RAS_N    ; 2.5 V        ; 0 s                 ; 0 s                 ; 2.62 V                       ; 9.95e-08 V                   ; 2.78 V              ; -0.0452 V           ; 0.248 V                              ; 0.108 V                              ; 2.67e-10 s                  ; 2.75e-10 s                  ; No                         ; Yes                        ; 2.62 V                      ; 9.95e-08 V                  ; 2.78 V             ; -0.0452 V          ; 0.248 V                             ; 0.108 V                             ; 2.67e-10 s                 ; 2.75e-10 s                 ; No                        ; Yes                       ;
; DRAM_WE_N     ; 2.5 V        ; 0 s                 ; 0 s                 ; 2.62 V                       ; 9.94e-08 V                   ; 2.78 V              ; -0.0444 V           ; 0.25 V                               ; 0.107 V                              ; 2.67e-10 s                  ; 2.75e-10 s                  ; No                         ; Yes                        ; 2.62 V                      ; 9.94e-08 V                  ; 2.78 V             ; -0.0444 V          ; 0.25 V                              ; 0.107 V                             ; 2.67e-10 s                 ; 2.75e-10 s                 ; No                        ; Yes                       ;
; DRAM_LDQM     ; 2.5 V        ; 0 s                 ; 0 s                 ; 2.62 V                       ; 9.95e-08 V                   ; 2.78 V              ; -0.0452 V           ; 0.248 V                              ; 0.108 V                              ; 2.67e-10 s                  ; 2.75e-10 s                  ; No                         ; Yes                        ; 2.62 V                      ; 9.95e-08 V                  ; 2.78 V             ; -0.0452 V          ; 0.248 V                             ; 0.108 V                             ; 2.67e-10 s                 ; 2.75e-10 s                 ; No                        ; Yes                       ;
; DRAM_UDQM     ; 2.5 V        ; 0 s                 ; 0 s                 ; 2.62 V                       ; 9.95e-08 V                   ; 2.78 V              ; -0.0452 V           ; 0.248 V                              ; 0.108 V                              ; 2.67e-10 s                  ; 2.75e-10 s                  ; No                         ; Yes                        ; 2.62 V                      ; 9.95e-08 V                  ; 2.78 V             ; -0.0452 V          ; 0.248 V                             ; 0.108 V                             ; 2.67e-10 s                 ; 2.75e-10 s                 ; No                        ; Yes                       ;
; ARDUINO_IO[0] ; 2.5 V        ; 0 s                 ; 0 s                 ; 2.62 V                       ; 9.94e-08 V                   ; 2.78 V              ; -0.0444 V           ; 0.25 V                               ; 0.107 V                              ; 2.67e-10 s                  ; 2.75e-10 s                  ; No                         ; Yes                        ; 2.62 V                      ; 9.94e-08 V                  ; 2.78 V             ; -0.0444 V          ; 0.25 V                              ; 0.107 V                             ; 2.67e-10 s                 ; 2.75e-10 s                 ; No                        ; Yes                       ;
; ARDUINO_IO[1] ; 2.5 V        ; 0 s                 ; 0 s                 ; 2.62 V                       ; 9.95e-08 V                   ; 2.78 V              ; -0.0452 V           ; 0.248 V                              ; 0.108 V                              ; 2.67e-10 s                  ; 2.75e-10 s                  ; No                         ; Yes                        ; 2.62 V                      ; 9.95e-08 V                  ; 2.78 V             ; -0.0452 V          ; 0.248 V                             ; 0.108 V                             ; 2.67e-10 s                 ; 2.75e-10 s                 ; No                        ; Yes                       ;
; ARDUINO_IO[2] ; 2.5 V        ; 0 s                 ; 0 s                 ; 2.62 V                       ; 9.94e-08 V                   ; 2.78 V              ; -0.0444 V           ; 0.25 V                               ; 0.107 V                              ; 2.67e-10 s                  ; 2.75e-10 s                  ; No                         ; Yes                        ; 2.62 V                      ; 9.94e-08 V                  ; 2.78 V             ; -0.0444 V          ; 0.25 V                              ; 0.107 V                             ; 2.67e-10 s                 ; 2.75e-10 s                 ; No                        ; Yes                       ;
; ARDUINO_IO[3] ; 2.5 V        ; 0 s                 ; 0 s                 ; 2.62 V                       ; 9.94e-08 V                   ; 2.78 V              ; -0.0444 V           ; 0.25 V                               ; 0.107 V                              ; 2.67e-10 s                  ; 2.75e-10 s                  ; No                         ; Yes                        ; 2.62 V                      ; 9.94e-08 V                  ; 2.78 V             ; -0.0444 V          ; 0.25 V                              ; 0.107 V                             ; 2.67e-10 s                 ; 2.75e-10 s                 ; No                        ; Yes                       ;
; ARDUINO_IO[4] ; 2.5 V        ; 0 s                 ; 0 s                 ; 2.62 V                       ; 9.94e-08 V                   ; 2.78 V              ; -0.0444 V           ; 0.25 V                               ; 0.107 V                              ; 2.67e-10 s                  ; 2.75e-10 s                  ; No                         ; Yes                        ; 2.62 V                      ; 9.94e-08 V                  ; 2.78 V             ; -0.0444 V          ; 0.25 V                              ; 0.107 V                             ; 2.67e-10 s                 ; 2.75e-10 s                 ; No                        ; Yes                       ;
; ARDUINO_IO[5] ; 2.5 V        ; 0 s                 ; 0 s                 ; 2.62 V                       ; 9.94e-08 V                   ; 2.77 V              ; -0.0485 V           ; 0.289 V                              ; 0.058 V                              ; 2.81e-10 s                  ; 3.04e-10 s                  ; No                         ; Yes                        ; 2.62 V                      ; 9.94e-08 V                  ; 2.77 V             ; -0.0485 V          ; 0.289 V                             ; 0.058 V                             ; 2.81e-10 s                 ; 3.04e-10 s                 ; No                        ; Yes                       ;
; ARDUINO_IO[6] ; 2.5 V        ; 0 s                 ; 0 s                 ; 2.62 V                       ; 9.94e-08 V                   ; 2.77 V              ; -0.0485 V           ; 0.289 V                              ; 0.058 V                              ; 2.81e-10 s                  ; 3.04e-10 s                  ; No                         ; Yes                        ; 2.62 V                      ; 9.94e-08 V                  ; 2.77 V             ; -0.0485 V          ; 0.289 V                             ; 0.058 V                             ; 2.81e-10 s                 ; 3.04e-10 s                 ; No                        ; Yes                       ;
; ARDUINO_IO[7] ; 2.5 V        ; 0 s                 ; 0 s                 ; 2.62 V                       ; 9.95e-08 V                   ; 2.77 V              ; -0.0486 V           ; 0.285 V                              ; 0.06 V                               ; 2.8e-10 s                   ; 3.04e-10 s                  ; No                         ; Yes                        ; 2.62 V                      ; 9.95e-08 V                  ; 2.77 V             ; -0.0486 V          ; 0.285 V                             ; 0.06 V                              ; 2.8e-10 s                  ; 3.04e-10 s                 ; No                        ; Yes                       ;
; ARDUINO_IO[8] ; 2.5 V        ; 0 s                 ; 0 s                 ; 2.62 V                       ; 9.95e-08 V                   ; 2.78 V              ; -0.0452 V           ; 0.248 V                              ; 0.108 V                              ; 2.67e-10 s                  ; 2.75e-10 s                  ; No                         ; Yes                        ; 2.62 V                      ; 9.95e-08 V                  ; 2.78 V             ; -0.0452 V          ; 0.248 V                             ; 0.108 V                             ; 2.67e-10 s                 ; 2.75e-10 s                 ; No                        ; Yes                       ;
; ARDUINO_IO[9] ; 2.5 V        ; 0 s                 ; 0 s                 ; 2.62 V                       ; 9.94e-08 V                   ; 2.77 V              ; -0.0485 V           ; 0.289 V                              ; 0.058 V                              ; 2.81e-10 s                  ; 3.04e-10 s                  ; No                         ; Yes                        ; 2.62 V                      ; 9.94e-08 V                  ; 2.77 V             ; -0.0485 V          ; 0.289 V                             ; 0.058 V                             ; 2.81e-10 s                 ; 3.04e-10 s                 ; No                        ; Yes                       ;
; DRAM_DQ[0]    ; 2.5 V        ; 0 s                 ; 0 s                 ; 2.62 V                       ; 9.95e-08 V                   ; 2.78 V              ; -0.0452 V           ; 0.248 V                              ; 0.108 V                              ; 2.67e-10 s                  ; 2.75e-10 s                  ; No                         ; Yes                        ; 2.62 V                      ; 9.95e-08 V                  ; 2.78 V             ; -0.0452 V          ; 0.248 V                             ; 0.108 V                             ; 2.67e-10 s                 ; 2.75e-10 s                 ; No                        ; Yes                       ;
; DRAM_DQ[1]    ; 2.5 V        ; 0 s                 ; 0 s                 ; 2.62 V                       ; 9.94e-08 V                   ; 2.78 V              ; -0.0444 V           ; 0.25 V                               ; 0.107 V                              ; 2.67e-10 s                  ; 2.75e-10 s                  ; No                         ; Yes                        ; 2.62 V                      ; 9.94e-08 V                  ; 2.78 V             ; -0.0444 V          ; 0.25 V                              ; 0.107 V                             ; 2.67e-10 s                 ; 2.75e-10 s                 ; No                        ; Yes                       ;
; DRAM_DQ[2]    ; 2.5 V        ; 0 s                 ; 0 s                 ; 2.62 V                       ; 9.95e-08 V                   ; 2.78 V              ; -0.0452 V           ; 0.248 V                              ; 0.108 V                              ; 2.67e-10 s                  ; 2.75e-10 s                  ; No                         ; Yes                        ; 2.62 V                      ; 9.95e-08 V                  ; 2.78 V             ; -0.0452 V          ; 0.248 V                             ; 0.108 V                             ; 2.67e-10 s                 ; 2.75e-10 s                 ; No                        ; Yes                       ;
; DRAM_DQ[3]    ; 2.5 V        ; 0 s                 ; 0 s                 ; 2.62 V                       ; 9.94e-08 V                   ; 2.78 V              ; -0.0444 V           ; 0.25 V                               ; 0.107 V                              ; 2.67e-10 s                  ; 2.75e-10 s                  ; No                         ; Yes                        ; 2.62 V                      ; 9.94e-08 V                  ; 2.78 V             ; -0.0444 V          ; 0.25 V                              ; 0.107 V                             ; 2.67e-10 s                 ; 2.75e-10 s                 ; No                        ; Yes                       ;
; DRAM_DQ[4]    ; 2.5 V        ; 0 s                 ; 0 s                 ; 2.62 V                       ; 9.94e-08 V                   ; 2.78 V              ; -0.0444 V           ; 0.25 V                               ; 0.107 V                              ; 2.67e-10 s                  ; 2.75e-10 s                  ; No                         ; Yes                        ; 2.62 V                      ; 9.94e-08 V                  ; 2.78 V             ; -0.0444 V          ; 0.25 V                              ; 0.107 V                             ; 2.67e-10 s                 ; 2.75e-10 s                 ; No                        ; Yes                       ;
; DRAM_DQ[5]    ; 2.5 V        ; 0 s                 ; 0 s                 ; 2.62 V                       ; 9.95e-08 V                   ; 2.78 V              ; -0.0452 V           ; 0.248 V                              ; 0.108 V                              ; 2.67e-10 s                  ; 2.75e-10 s                  ; No                         ; Yes                        ; 2.62 V                      ; 9.95e-08 V                  ; 2.78 V             ; -0.0452 V          ; 0.248 V                             ; 0.108 V                             ; 2.67e-10 s                 ; 2.75e-10 s                 ; No                        ; Yes                       ;
; DRAM_DQ[6]    ; 2.5 V        ; 0 s                 ; 0 s                 ; 2.62 V                       ; 9.95e-08 V                   ; 2.78 V              ; -0.0452 V           ; 0.248 V                              ; 0.108 V                              ; 2.67e-10 s                  ; 2.75e-10 s                  ; No                         ; Yes                        ; 2.62 V                      ; 9.95e-08 V                  ; 2.78 V             ; -0.0452 V          ; 0.248 V                             ; 0.108 V                             ; 2.67e-10 s                 ; 2.75e-10 s                 ; No                        ; Yes                       ;
; DRAM_DQ[7]    ; 2.5 V        ; 0 s                 ; 0 s                 ; 2.62 V                       ; 9.94e-08 V                   ; 2.78 V              ; -0.0444 V           ; 0.25 V                               ; 0.107 V                              ; 2.67e-10 s                  ; 2.75e-10 s                  ; No                         ; Yes                        ; 2.62 V                      ; 9.94e-08 V                  ; 2.78 V             ; -0.0444 V          ; 0.25 V                              ; 0.107 V                             ; 2.67e-10 s                 ; 2.75e-10 s                 ; No                        ; Yes                       ;
; DRAM_DQ[8]    ; 2.5 V        ; 0 s                 ; 0 s                 ; 2.62 V                       ; 9.94e-08 V                   ; 2.78 V              ; -0.0444 V           ; 0.25 V                               ; 0.107 V                              ; 2.67e-10 s                  ; 2.75e-10 s                  ; No                         ; Yes                        ; 2.62 V                      ; 9.94e-08 V                  ; 2.78 V             ; -0.0444 V          ; 0.25 V                              ; 0.107 V                             ; 2.67e-10 s                 ; 2.75e-10 s                 ; No                        ; Yes                       ;
; DRAM_DQ[9]    ; 2.5 V        ; 0 s                 ; 0 s                 ; 2.62 V                       ; 9.94e-08 V                   ; 2.78 V              ; -0.0444 V           ; 0.25 V                               ; 0.107 V                              ; 2.67e-10 s                  ; 2.75e-10 s                  ; No                         ; Yes                        ; 2.62 V                      ; 9.94e-08 V                  ; 2.78 V             ; -0.0444 V          ; 0.25 V                              ; 0.107 V                             ; 2.67e-10 s                 ; 2.75e-10 s                 ; No                        ; Yes                       ;
; DRAM_DQ[10]   ; 2.5 V        ; 0 s                 ; 0 s                 ; 2.62 V                       ; 9.95e-08 V                   ; 2.78 V              ; -0.0452 V           ; 0.248 V                              ; 0.108 V                              ; 2.67e-10 s                  ; 2.75e-10 s                  ; No                         ; Yes                        ; 2.62 V                      ; 9.95e-08 V                  ; 2.78 V             ; -0.0452 V          ; 0.248 V                             ; 0.108 V                             ; 2.67e-10 s                 ; 2.75e-10 s                 ; No                        ; Yes                       ;
; DRAM_DQ[11]   ; 2.5 V        ; 0 s                 ; 0 s                 ; 2.62 V                       ; 9.94e-08 V                   ; 2.78 V              ; -0.0444 V           ; 0.25 V                               ; 0.107 V                              ; 2.67e-10 s                  ; 2.75e-10 s                  ; No                         ; Yes                        ; 2.62 V                      ; 9.94e-08 V                  ; 2.78 V             ; -0.0444 V          ; 0.25 V                              ; 0.107 V                             ; 2.67e-10 s                 ; 2.75e-10 s                 ; No                        ; Yes                       ;
; DRAM_DQ[12]   ; 2.5 V        ; 0 s                 ; 0 s                 ; 2.62 V                       ; 9.94e-08 V                   ; 2.78 V              ; -0.0444 V           ; 0.25 V                               ; 0.107 V                              ; 2.67e-10 s                  ; 2.75e-10 s                  ; No                         ; Yes                        ; 2.62 V                      ; 9.94e-08 V                  ; 2.78 V             ; -0.0444 V          ; 0.25 V                              ; 0.107 V                             ; 2.67e-10 s                 ; 2.75e-10 s                 ; No                        ; Yes                       ;
; DRAM_DQ[13]   ; 2.5 V        ; 0 s                 ; 0 s                 ; 2.62 V                       ; 9.94e-08 V                   ; 2.78 V              ; -0.0444 V           ; 0.25 V                               ; 0.107 V                              ; 2.67e-10 s                  ; 2.75e-10 s                  ; No                         ; Yes                        ; 2.62 V                      ; 9.94e-08 V                  ; 2.78 V             ; -0.0444 V          ; 0.25 V                              ; 0.107 V                             ; 2.67e-10 s                 ; 2.75e-10 s                 ; No                        ; Yes                       ;
; DRAM_DQ[14]   ; 2.5 V        ; 0 s                 ; 0 s                 ; 2.62 V                       ; 9.95e-08 V                   ; 2.78 V              ; -0.0452 V           ; 0.248 V                              ; 0.108 V                              ; 2.67e-10 s                  ; 2.75e-10 s                  ; No                         ; Yes                        ; 2.62 V                      ; 9.95e-08 V                  ; 2.78 V             ; -0.0452 V          ; 0.248 V                             ; 0.108 V                             ; 2.67e-10 s                 ; 2.75e-10 s                 ; No                        ; Yes                       ;
; DRAM_DQ[15]   ; 2.5 V        ; 0 s                 ; 0 s                 ; 2.62 V                       ; 9.95e-08 V                   ; 2.78 V              ; -0.0452 V           ; 0.248 V                              ; 0.108 V                              ; 2.67e-10 s                  ; 2.75e-10 s                  ; No                         ; Yes                        ; 2.62 V                      ; 9.95e-08 V                  ; 2.78 V             ; -0.0452 V          ; 0.248 V                             ; 0.108 V                             ; 2.67e-10 s                 ; 2.75e-10 s                 ; No                        ; Yes                       ;
; ~ALTERA_TDO~  ; 2.5 V        ; 0 s                 ; 0 s                 ; 2.62 V                       ; 1.68e-07 V                   ; 2.73 V              ; -0.0395 V           ; 0.361 V                              ; 0.109 V                              ; 3.11e-10 s                  ; 4.41e-10 s                  ; No                         ; Yes                        ; 2.62 V                      ; 1.68e-07 V                  ; 2.73 V             ; -0.0395 V          ; 0.361 V                             ; 0.109 V                             ; 3.11e-10 s                 ; 4.41e-10 s                 ; No                        ; Yes                       ;
+---------------+--------------+---------------------+---------------------+------------------------------+------------------------------+---------------------+---------------------+--------------------------------------+--------------------------------------+-----------------------------+-----------------------------+----------------------------+----------------------------+-----------------------------+-----------------------------+--------------------+--------------------+-------------------------------------+-------------------------------------+----------------------------+----------------------------+---------------------------+---------------------------+


+-------------------------------------------------------------------------------------------------------------------------------------------------------------------+
; Setup Transfers                                                                                                                                                   ;
+-----------------------------------------------------------+-----------------------------------------------------------+----------+----------+----------+----------+
; From Clock                                                ; To Clock                                                  ; RR Paths ; FR Paths ; RF Paths ; FF Paths ;
+-----------------------------------------------------------+-----------------------------------------------------------+----------+----------+----------+----------+
; system|pll_1_|altpll_component|auto_generated|pll1|clk[1] ; system|pll_1_|altpll_component|auto_generated|pll1|clk[1] ; 24435613 ; 0        ; 0        ; 0        ;
; TCK                                                       ; system|pll_1_|altpll_component|auto_generated|pll1|clk[1] ; 3        ; 0        ; 0        ; 0        ;
; system|pll_1_|altpll_component|auto_generated|pll1|clk[1] ; TCK                                                       ; 33       ; 0        ; 0        ; 0        ;
; TCK                                                       ; TCK                                                       ; 623      ; 0        ; 15       ; 0        ;
+-----------------------------------------------------------+-----------------------------------------------------------+----------+----------+----------+----------+
Entries labeled "false path" only account for clock-to-clock false paths and not path-based false paths. As a result, actual path counts may be lower than reported.


+-------------------------------------------------------------------------------------------------------------------------------------------------------------------+
; Hold Transfers                                                                                                                                                    ;
+-----------------------------------------------------------+-----------------------------------------------------------+----------+----------+----------+----------+
; From Clock                                                ; To Clock                                                  ; RR Paths ; FR Paths ; RF Paths ; FF Paths ;
+-----------------------------------------------------------+-----------------------------------------------------------+----------+----------+----------+----------+
; system|pll_1_|altpll_component|auto_generated|pll1|clk[1] ; system|pll_1_|altpll_component|auto_generated|pll1|clk[1] ; 24435613 ; 0        ; 0        ; 0        ;
; TCK                                                       ; system|pll_1_|altpll_component|auto_generated|pll1|clk[1] ; 3        ; 0        ; 0        ; 0        ;
; system|pll_1_|altpll_component|auto_generated|pll1|clk[1] ; TCK                                                       ; 33       ; 0        ; 0        ; 0        ;
; TCK                                                       ; TCK                                                       ; 623      ; 0        ; 15       ; 0        ;
+-----------------------------------------------------------+-----------------------------------------------------------+----------+----------+----------+----------+
Entries labeled "false path" only account for clock-to-clock false paths and not path-based false paths. As a result, actual path counts may be lower than reported.


+-------------------------------------------------------------------------------------------------------------------------------------------------------------------+
; Recovery Transfers                                                                                                                                                ;
+-----------------------------------------------------------+-----------------------------------------------------------+----------+----------+----------+----------+
; From Clock                                                ; To Clock                                                  ; RR Paths ; FR Paths ; RF Paths ; FF Paths ;
+-----------------------------------------------------------+-----------------------------------------------------------+----------+----------+----------+----------+
; system|pll_1_|altpll_component|auto_generated|pll1|clk[1] ; system|pll_1_|altpll_component|auto_generated|pll1|clk[1] ; 416      ; 0        ; 0        ; 0        ;
+-----------------------------------------------------------+-----------------------------------------------------------+----------+----------+----------+----------+
Entries labeled "false path" only account for clock-to-clock false paths and not path-based false paths. As a result, actual path counts may be lower than reported.


+-------------------------------------------------------------------------------------------------------------------------------------------------------------------+
; Removal Transfers                                                                                                                                                 ;
+-----------------------------------------------------------+-----------------------------------------------------------+----------+----------+----------+----------+
; From Clock                                                ; To Clock                                                  ; RR Paths ; FR Paths ; RF Paths ; FF Paths ;
+-----------------------------------------------------------+-----------------------------------------------------------+----------+----------+----------+----------+
; system|pll_1_|altpll_component|auto_generated|pll1|clk[1] ; system|pll_1_|altpll_component|auto_generated|pll1|clk[1] ; 416      ; 0        ; 0        ; 0        ;
+-----------------------------------------------------------+-----------------------------------------------------------+----------+----------+----------+----------+
Entries labeled "false path" only account for clock-to-clock false paths and not path-based false paths. As a result, actual path counts may be lower than reported.


---------------
; Report TCCS ;
---------------
No dedicated SERDES Transmitter circuitry present in device or used in design


---------------
; Report RSKM ;
---------------
No non-DPA dedicated SERDES Receiver circuitry present in device or used in design


+------------------------------------------------+
; Unconstrained Paths Summary                    ;
+---------------------------------+-------+------+
; Property                        ; Setup ; Hold ;
+---------------------------------+-------+------+
; Illegal Clocks                  ; 0     ; 0    ;
; Unconstrained Clocks            ; 0     ; 0    ;
; Unconstrained Input Ports       ; 30    ; 30   ;
; Unconstrained Input Port Paths  ; 50    ; 50   ;
; Unconstrained Output Ports      ; 56    ; 56   ;
; Unconstrained Output Port Paths ; 72    ; 72   ;
+---------------------------------+-------+------+


+-------------------------------------------------------------------------------------------------------------------------------------------------+
; Clock Status Summary                                                                                                                            ;
+-----------------------------------------------------------+-----------------------------------------------------------+-----------+-------------+
; Target                                                    ; Clock                                                     ; Type      ; Status      ;
+-----------------------------------------------------------+-----------------------------------------------------------+-----------+-------------+
; MAX10_CLK1_50                                             ; MAX10_CLK1_50                                             ; Base      ; Constrained ;
; TCK                                                       ; TCK                                                       ; Base      ; Constrained ;
; system|pll_1_|altpll_component|auto_generated|pll1|clk[0] ; system|pll_1_|altpll_component|auto_generated|pll1|clk[0] ; Generated ; Constrained ;
; system|pll_1_|altpll_component|auto_generated|pll1|clk[1] ; system|pll_1_|altpll_component|auto_generated|pll1|clk[1] ; Generated ; Constrained ;
+-----------------------------------------------------------+-----------------------------------------------------------+-----------+-------------+


+----------------------------------------------------------------------------------------------------+
; Unconstrained Input Ports                                                                          ;
+-------------+--------------------------------------------------------------------------------------+
; Input Port  ; Comment                                                                              ;
+-------------+--------------------------------------------------------------------------------------+
; DRAM_DQ[0]  ; No input delay, min/max delays, false-path exceptions, or max skew assignments found ;
; DRAM_DQ[1]  ; No input delay, min/max delays, false-path exceptions, or max skew assignments found ;
; DRAM_DQ[2]  ; No input delay, min/max delays, false-path exceptions, or max skew assignments found ;
; DRAM_DQ[3]  ; No input delay, min/max delays, false-path exceptions, or max skew assignments found ;
; DRAM_DQ[4]  ; No input delay, min/max delays, false-path exceptions, or max skew assignments found ;
; DRAM_DQ[5]  ; No input delay, min/max delays, false-path exceptions, or max skew assignments found ;
; DRAM_DQ[6]  ; No input delay, min/max delays, false-path exceptions, or max skew assignments found ;
; DRAM_DQ[7]  ; No input delay, min/max delays, false-path exceptions, or max skew assignments found ;
; DRAM_DQ[8]  ; No input delay, min/max delays, false-path exceptions, or max skew assignments found ;
; DRAM_DQ[9]  ; No input delay, min/max delays, false-path exceptions, or max skew assignments found ;
; DRAM_DQ[10] ; No input delay, min/max delays, false-path exceptions, or max skew assignments found ;
; DRAM_DQ[11] ; No input delay, min/max delays, false-path exceptions, or max skew assignments found ;
; DRAM_DQ[12] ; No input delay, min/max delays, false-path exceptions, or max skew assignments found ;
; DRAM_DQ[13] ; No input delay, min/max delays, false-path exceptions, or max skew assignments found ;
; DRAM_DQ[14] ; No input delay, min/max delays, false-path exceptions, or max skew assignments found ;
; DRAM_DQ[15] ; No input delay, min/max delays, false-path exceptions, or max skew assignments found ;
; KEY[0]      ; No input delay, min/max delays, false-path exceptions, or max skew assignments found ;
; RXD         ; No input delay, min/max delays, false-path exceptions, or max skew assignments found ;
; SW[0]       ; No input delay, min/max delays, false-path exceptions, or max skew assignments found ;
; SW[1]       ; No input delay, min/max delays, false-path exceptions, or max skew assignments found ;
; SW[2]       ; No input delay, min/max delays, false-path exceptions, or max skew assignments found ;
; SW[3]       ; No input delay, min/max delays, false-path exceptions, or max skew assignments found ;
; SW[4]       ; No input delay, min/max delays, false-path exceptions, or max skew assignments found ;
; SW[5]       ; No input delay, min/max delays, false-path exceptions, or max skew assignments found ;
; SW[6]       ; No input delay, min/max delays, false-path exceptions, or max skew assignments found ;
; SW[7]       ; No input delay, min/max delays, false-path exceptions, or max skew assignments found ;
; SW[8]       ; No input delay, min/max delays, false-path exceptions, or max skew assignments found ;
; SW[9]       ; No input delay, min/max delays, false-path exceptions, or max skew assignments found ;
; TDI         ; No input delay, min/max delays, false-path exceptions, or max skew assignments found ;
; TMS         ; No input delay, min/max delays, false-path exceptions, or max skew assignments found ;
+-------------+--------------------------------------------------------------------------------------+


+-------------------------------------------------------------------------------------------------------+
; Unconstrained Output Ports                                                                            ;
+---------------+---------------------------------------------------------------------------------------+
; Output Port   ; Comment                                                                               ;
+---------------+---------------------------------------------------------------------------------------+
; DRAM_ADDR[0]  ; No output delay, min/max delays, false-path exceptions, or max skew assignments found ;
; DRAM_ADDR[1]  ; No output delay, min/max delays, false-path exceptions, or max skew assignments found ;
; DRAM_ADDR[2]  ; No output delay, min/max delays, false-path exceptions, or max skew assignments found ;
; DRAM_ADDR[3]  ; No output delay, min/max delays, false-path exceptions, or max skew assignments found ;
; DRAM_ADDR[4]  ; No output delay, min/max delays, false-path exceptions, or max skew assignments found ;
; DRAM_ADDR[5]  ; No output delay, min/max delays, false-path exceptions, or max skew assignments found ;
; DRAM_ADDR[6]  ; No output delay, min/max delays, false-path exceptions, or max skew assignments found ;
; DRAM_ADDR[7]  ; No output delay, min/max delays, false-path exceptions, or max skew assignments found ;
; DRAM_ADDR[8]  ; No output delay, min/max delays, false-path exceptions, or max skew assignments found ;
; DRAM_ADDR[9]  ; No output delay, min/max delays, false-path exceptions, or max skew assignments found ;
; DRAM_ADDR[10] ; No output delay, min/max delays, false-path exceptions, or max skew assignments found ;
; DRAM_ADDR[11] ; No output delay, min/max delays, false-path exceptions, or max skew assignments found ;
; DRAM_ADDR[12] ; No output delay, min/max delays, false-path exceptions, or max skew assignments found ;
; DRAM_BA[0]    ; No output delay, min/max delays, false-path exceptions, or max skew assignments found ;
; DRAM_BA[1]    ; No output delay, min/max delays, false-path exceptions, or max skew assignments found ;
; DRAM_CAS_N    ; No output delay, min/max delays, false-path exceptions, or max skew assignments found ;
; DRAM_CLK      ; No output delay, min/max delays, false-path exceptions, or max skew assignments found ;
; DRAM_DQ[0]    ; No output delay, min/max delays, false-path exceptions, or max skew assignments found ;
; DRAM_DQ[1]    ; No output delay, min/max delays, false-path exceptions, or max skew assignments found ;
; DRAM_DQ[2]    ; No output delay, min/max delays, false-path exceptions, or max skew assignments found ;
; DRAM_DQ[3]    ; No output delay, min/max delays, false-path exceptions, or max skew assignments found ;
; DRAM_DQ[4]    ; No output delay, min/max delays, false-path exceptions, or max skew assignments found ;
; DRAM_DQ[5]    ; No output delay, min/max delays, false-path exceptions, or max skew assignments found ;
; DRAM_DQ[6]    ; No output delay, min/max delays, false-path exceptions, or max skew assignments found ;
; DRAM_DQ[7]    ; No output delay, min/max delays, false-path exceptions, or max skew assignments found ;
; DRAM_DQ[8]    ; No output delay, min/max delays, false-path exceptions, or max skew assignments found ;
; DRAM_DQ[9]    ; No output delay, min/max delays, false-path exceptions, or max skew assignments found ;
; DRAM_DQ[10]   ; No output delay, min/max delays, false-path exceptions, or max skew assignments found ;
; DRAM_DQ[11]   ; No output delay, min/max delays, false-path exceptions, or max skew assignments found ;
; DRAM_DQ[12]   ; No output delay, min/max delays, false-path exceptions, or max skew assignments found ;
; DRAM_DQ[13]   ; No output delay, min/max delays, false-path exceptions, or max skew assignments found ;
; DRAM_DQ[14]   ; No output delay, min/max delays, false-path exceptions, or max skew assignments found ;
; DRAM_DQ[15]   ; No output delay, min/max delays, false-path exceptions, or max skew assignments found ;
; DRAM_LDQM     ; No output delay, min/max delays, false-path exceptions, or max skew assignments found ;
; DRAM_RAS_N    ; No output delay, min/max delays, false-path exceptions, or max skew assignments found ;
; DRAM_WE_N     ; No output delay, min/max delays, false-path exceptions, or max skew assignments found ;
; HEX0[0]       ; No output delay, min/max delays, false-path exceptions, or max skew assignments found ;
; HEX0[1]       ; No output delay, min/max delays, false-path exceptions, or max skew assignments found ;
; HEX0[2]       ; No output delay, min/max delays, false-path exceptions, or max skew assignments found ;
; HEX0[3]       ; No output delay, min/max delays, false-path exceptions, or max skew assignments found ;
; HEX0[4]       ; No output delay, min/max delays, false-path exceptions, or max skew assignments found ;
; HEX0[5]       ; No output delay, min/max delays, false-path exceptions, or max skew assignments found ;
; HEX0[6]       ; No output delay, min/max delays, false-path exceptions, or max skew assignments found ;
; HEX0[7]       ; No output delay, min/max delays, false-path exceptions, or max skew assignments found ;
; LEDR[0]       ; No output delay, min/max delays, false-path exceptions, or max skew assignments found ;
; LEDR[1]       ; No output delay, min/max delays, false-path exceptions, or max skew assignments found ;
; LEDR[2]       ; No output delay, min/max delays, false-path exceptions, or max skew assignments found ;
; LEDR[3]       ; No output delay, min/max delays, false-path exceptions, or max skew assignments found ;
; LEDR[4]       ; No output delay, min/max delays, false-path exceptions, or max skew assignments found ;
; LEDR[5]       ; No output delay, min/max delays, false-path exceptions, or max skew assignments found ;
; LEDR[6]       ; No output delay, min/max delays, false-path exceptions, or max skew assignments found ;
; LEDR[7]       ; No output delay, min/max delays, false-path exceptions, or max skew assignments found ;
; LEDR[8]       ; No output delay, min/max delays, false-path exceptions, or max skew assignments found ;
; LEDR[9]       ; No output delay, min/max delays, false-path exceptions, or max skew assignments found ;
; TDO           ; No output delay, min/max delays, false-path exceptions, or max skew assignments found ;
; TXD           ; No output delay, min/max delays, false-path exceptions, or max skew assignments found ;
+---------------+---------------------------------------------------------------------------------------+


+----------------------------------------------------------------------------------------------------+
; Unconstrained Input Ports                                                                          ;
+-------------+--------------------------------------------------------------------------------------+
; Input Port  ; Comment                                                                              ;
+-------------+--------------------------------------------------------------------------------------+
; DRAM_DQ[0]  ; No input delay, min/max delays, false-path exceptions, or max skew assignments found ;
; DRAM_DQ[1]  ; No input delay, min/max delays, false-path exceptions, or max skew assignments found ;
; DRAM_DQ[2]  ; No input delay, min/max delays, false-path exceptions, or max skew assignments found ;
; DRAM_DQ[3]  ; No input delay, min/max delays, false-path exceptions, or max skew assignments found ;
; DRAM_DQ[4]  ; No input delay, min/max delays, false-path exceptions, or max skew assignments found ;
; DRAM_DQ[5]  ; No input delay, min/max delays, false-path exceptions, or max skew assignments found ;
; DRAM_DQ[6]  ; No input delay, min/max delays, false-path exceptions, or max skew assignments found ;
; DRAM_DQ[7]  ; No input delay, min/max delays, false-path exceptions, or max skew assignments found ;
; DRAM_DQ[8]  ; No input delay, min/max delays, false-path exceptions, or max skew assignments found ;
; DRAM_DQ[9]  ; No input delay, min/max delays, false-path exceptions, or max skew assignments found ;
; DRAM_DQ[10] ; No input delay, min/max delays, false-path exceptions, or max skew assignments found ;
; DRAM_DQ[11] ; No input delay, min/max delays, false-path exceptions, or max skew assignments found ;
; DRAM_DQ[12] ; No input delay, min/max delays, false-path exceptions, or max skew assignments found ;
; DRAM_DQ[13] ; No input delay, min/max delays, false-path exceptions, or max skew assignments found ;
; DRAM_DQ[14] ; No input delay, min/max delays, false-path exceptions, or max skew assignments found ;
; DRAM_DQ[15] ; No input delay, min/max delays, false-path exceptions, or max skew assignments found ;
; KEY[0]      ; No input delay, min/max delays, false-path exceptions, or max skew assignments found ;
; RXD         ; No input delay, min/max delays, false-path exceptions, or max skew assignments found ;
; SW[0]       ; No input delay, min/max delays, false-path exceptions, or max skew assignments found ;
; SW[1]       ; No input delay, min/max delays, false-path exceptions, or max skew assignments found ;
; SW[2]       ; No input delay, min/max delays, false-path exceptions, or max skew assignments found ;
; SW[3]       ; No input delay, min/max delays, false-path exceptions, or max skew assignments found ;
; SW[4]       ; No input delay, min/max delays, false-path exceptions, or max skew assignments found ;
; SW[5]       ; No input delay, min/max delays, false-path exceptions, or max skew assignments found ;
; SW[6]       ; No input delay, min/max delays, false-path exceptions, or max skew assignments found ;
; SW[7]       ; No input delay, min/max delays, false-path exceptions, or max skew assignments found ;
; SW[8]       ; No input delay, min/max delays, false-path exceptions, or max skew assignments found ;
; SW[9]       ; No input delay, min/max delays, false-path exceptions, or max skew assignments found ;
; TDI         ; No input delay, min/max delays, false-path exceptions, or max skew assignments found ;
; TMS         ; No input delay, min/max delays, false-path exceptions, or max skew assignments found ;
+-------------+--------------------------------------------------------------------------------------+


+-------------------------------------------------------------------------------------------------------+
; Unconstrained Output Ports                                                                            ;
+---------------+---------------------------------------------------------------------------------------+
; Output Port   ; Comment                                                                               ;
+---------------+---------------------------------------------------------------------------------------+
; DRAM_ADDR[0]  ; No output delay, min/max delays, false-path exceptions, or max skew assignments found ;
; DRAM_ADDR[1]  ; No output delay, min/max delays, false-path exceptions, or max skew assignments found ;
; DRAM_ADDR[2]  ; No output delay, min/max delays, false-path exceptions, or max skew assignments found ;
; DRAM_ADDR[3]  ; No output delay, min/max delays, false-path exceptions, or max skew assignments found ;
; DRAM_ADDR[4]  ; No output delay, min/max delays, false-path exceptions, or max skew assignments found ;
; DRAM_ADDR[5]  ; No output delay, min/max delays, false-path exceptions, or max skew assignments found ;
; DRAM_ADDR[6]  ; No output delay, min/max delays, false-path exceptions, or max skew assignments found ;
; DRAM_ADDR[7]  ; No output delay, min/max delays, false-path exceptions, or max skew assignments found ;
; DRAM_ADDR[8]  ; No output delay, min/max delays, false-path exceptions, or max skew assignments found ;
; DRAM_ADDR[9]  ; No output delay, min/max delays, false-path exceptions, or max skew assignments found ;
; DRAM_ADDR[10] ; No output delay, min/max delays, false-path exceptions, or max skew assignments found ;
; DRAM_ADDR[11] ; No output delay, min/max delays, false-path exceptions, or max skew assignments found ;
; DRAM_ADDR[12] ; No output delay, min/max delays, false-path exceptions, or max skew assignments found ;
; DRAM_BA[0]    ; No output delay, min/max delays, false-path exceptions, or max skew assignments found ;
; DRAM_BA[1]    ; No output delay, min/max delays, false-path exceptions, or max skew assignments found ;
; DRAM_CAS_N    ; No output delay, min/max delays, false-path exceptions, or max skew assignments found ;
; DRAM_CLK      ; No output delay, min/max delays, false-path exceptions, or max skew assignments found ;
; DRAM_DQ[0]    ; No output delay, min/max delays, false-path exceptions, or max skew assignments found ;
; DRAM_DQ[1]    ; No output delay, min/max delays, false-path exceptions, or max skew assignments found ;
; DRAM_DQ[2]    ; No output delay, min/max delays, false-path exceptions, or max skew assignments found ;
; DRAM_DQ[3]    ; No output delay, min/max delays, false-path exceptions, or max skew assignments found ;
; DRAM_DQ[4]    ; No output delay, min/max delays, false-path exceptions, or max skew assignments found ;
; DRAM_DQ[5]    ; No output delay, min/max delays, false-path exceptions, or max skew assignments found ;
; DRAM_DQ[6]    ; No output delay, min/max delays, false-path exceptions, or max skew assignments found ;
; DRAM_DQ[7]    ; No output delay, min/max delays, false-path exceptions, or max skew assignments found ;
; DRAM_DQ[8]    ; No output delay, min/max delays, false-path exceptions, or max skew assignments found ;
; DRAM_DQ[9]    ; No output delay, min/max delays, false-path exceptions, or max skew assignments found ;
; DRAM_DQ[10]   ; No output delay, min/max delays, false-path exceptions, or max skew assignments found ;
; DRAM_DQ[11]   ; No output delay, min/max delays, false-path exceptions, or max skew assignments found ;
; DRAM_DQ[12]   ; No output delay, min/max delays, false-path exceptions, or max skew assignments found ;
; DRAM_DQ[13]   ; No output delay, min/max delays, false-path exceptions, or max skew assignments found ;
; DRAM_DQ[14]   ; No output delay, min/max delays, false-path exceptions, or max skew assignments found ;
; DRAM_DQ[15]   ; No output delay, min/max delays, false-path exceptions, or max skew assignments found ;
; DRAM_LDQM     ; No output delay, min/max delays, false-path exceptions, or max skew assignments found ;
; DRAM_RAS_N    ; No output delay, min/max delays, false-path exceptions, or max skew assignments found ;
; DRAM_WE_N     ; No output delay, min/max delays, false-path exceptions, or max skew assignments found ;
; HEX0[0]       ; No output delay, min/max delays, false-path exceptions, or max skew assignments found ;
; HEX0[1]       ; No output delay, min/max delays, false-path exceptions, or max skew assignments found ;
; HEX0[2]       ; No output delay, min/max delays, false-path exceptions, or max skew assignments found ;
; HEX0[3]       ; No output delay, min/max delays, false-path exceptions, or max skew assignments found ;
; HEX0[4]       ; No output delay, min/max delays, false-path exceptions, or max skew assignments found ;
; HEX0[5]       ; No output delay, min/max delays, false-path exceptions, or max skew assignments found ;
; HEX0[6]       ; No output delay, min/max delays, false-path exceptions, or max skew assignments found ;
; HEX0[7]       ; No output delay, min/max delays, false-path exceptions, or max skew assignments found ;
; LEDR[0]       ; No output delay, min/max delays, false-path exceptions, or max skew assignments found ;
; LEDR[1]       ; No output delay, min/max delays, false-path exceptions, or max skew assignments found ;
; LEDR[2]       ; No output delay, min/max delays, false-path exceptions, or max skew assignments found ;
; LEDR[3]       ; No output delay, min/max delays, false-path exceptions, or max skew assignments found ;
; LEDR[4]       ; No output delay, min/max delays, false-path exceptions, or max skew assignments found ;
; LEDR[5]       ; No output delay, min/max delays, false-path exceptions, or max skew assignments found ;
; LEDR[6]       ; No output delay, min/max delays, false-path exceptions, or max skew assignments found ;
; LEDR[7]       ; No output delay, min/max delays, false-path exceptions, or max skew assignments found ;
; LEDR[8]       ; No output delay, min/max delays, false-path exceptions, or max skew assignments found ;
; LEDR[9]       ; No output delay, min/max delays, false-path exceptions, or max skew assignments found ;
; TDO           ; No output delay, min/max delays, false-path exceptions, or max skew assignments found ;
; TXD           ; No output delay, min/max delays, false-path exceptions, or max skew assignments found ;
+---------------+---------------------------------------------------------------------------------------+


+--------------------------+
; Timing Analyzer Messages ;
+--------------------------+
Info: *******************************************************************
Info: Running Quartus Prime Timing Analyzer
    Info: Version 25.1std.0 Build 1129 10/21/2025 Patches 0.36 SC Lite Edition
    Info: Processing started: Sun May 17 09:02:52 2026
Info: Command: quartus_sta SimpleRiscExample -c SimpleRiscExample
Info: qsta_default_script.tcl version: #1
Warning (18236): Number of processors has not been specified which may cause overloading on shared machines.  Set the global assignment NUM_PARALLEL_PROCESSORS in your QSF to an appropriate value for best performance.
Info (20030): Parallel compilation is enabled and will use 16 of the 16 processors detected
Info (21077): Low junction temperature is 0 degrees C
Info (21077): High junction temperature is 85 degrees C
Info (332104): Reading SDC File: 'Timing.sdc'
Warning (332174): Ignored filter at Timing.sdc(1): Max10_CLK1_50 could not be matched with a port or pin or register or keeper or net or combinational node or node File: C:/Users/marvi/Desktop/fpga_exercises/exercise_12/simple_riscv_example/Quartus/Timing.sdc Line: 1
Warning (332049): Ignored create_clock at Timing.sdc(1): Argument <targets> is not an object ID File: C:/Users/marvi/Desktop/fpga_exercises/exercise_12/simple_riscv_example/Quartus/Timing.sdc Line: 1
    Info (332050): create_clock -period 20 Max10_CLK1_50 File: C:/Users/marvi/Desktop/fpga_exercises/exercise_12/simple_riscv_example/Quartus/Timing.sdc Line: 1
Info (332105): Deriving Clocks
    Info (332105): create_clock -period 20.000 -name MAX10_CLK1_50 MAX10_CLK1_50
    Info (332105): create_clock -period 20.000 -name TCK TCK
Info (332110): Deriving PLL clocks
    Info (332110): create_generated_clock -source {system|pll_1_|altpll_component|auto_generated|pll1|inclk[0]} -phase -90.00 -duty_cycle 50.00 -name {system|pll_1_|altpll_component|auto_generated|pll1|clk[0]} {system|pll_1_|altpll_component|auto_generated|pll1|clk[0]}
    Info (332110): create_generated_clock -source {system|pll_1_|altpll_component|auto_generated|pll1|inclk[0]} -duty_cycle 50.00 -name {system|pll_1_|altpll_component|auto_generated|pll1|clk[1]} {system|pll_1_|altpll_component|auto_generated|pll1|clk[1]}
Info (332151): Clock uncertainty is not calculated until you update the timing netlist.
Info (332123): Deriving Clock Uncertainty. Please refer to report_sdc in the Timing Analyzer to see clock uncertainties.
Info: Found TIMING_ANALYZER_REPORT_SCRIPT_INCLUDE_DEFAULT_ANALYSIS = ON
Info: Analyzing Slow 1200mV 85C Model
Info: Can't run Report Timing Closure Recommendations. The current device family is not supported.
Info (332146): Worst-case setup slack is 2.367
    Info (332119):     Slack       End Point TNS Clock 
    Info (332119): ========= =================== =====================
    Info (332119):     2.367               0.000 system|pll_1_|altpll_component|auto_generated|pll1|clk[1] 
    Info (332119):     8.359               0.000 TCK 
Info (332146): Worst-case hold slack is 0.359
    Info (332119):     Slack       End Point TNS Clock 
    Info (332119): ========= =================== =====================
    Info (332119):     0.359               0.000 TCK 
    Info (332119):     0.419               0.000 system|pll_1_|altpll_component|auto_generated|pll1|clk[1] 
Info (332146): Worst-case recovery slack is 14.960
    Info (332119):     Slack       End Point TNS Clock 
    Info (332119): ========= =================== =====================
    Info (332119):    14.960               0.000 system|pll_1_|altpll_component|auto_generated|pll1|clk[1] 
Info (332146): Worst-case removal slack is 3.536
    Info (332119):     Slack       End Point TNS Clock 
    Info (332119): ========= =================== =====================
    Info (332119):     3.536               0.000 system|pll_1_|altpll_component|auto_generated|pll1|clk[1] 
Info (332146): Worst-case minimum pulse width slack is 9.540
    Info (332119):     Slack       End Point TNS Clock 
    Info (332119): ========= =================== =====================
    Info (332119):     9.540               0.000 TCK 
    Info (332119):     9.624               0.000 system|pll_1_|altpll_component|auto_generated|pll1|clk[1] 
    Info (332119):     9.835               0.000 MAX10_CLK1_50 
Info (332114): Report Metastability: Found 4 synchronizer chains.
    Info (332114): The design MTBF is not calculated because there are no specified synchronizers in the design.
    Info (332114): Number of Synchronizer Chains Found: 4
    Info (332114): Shortest Synchronizer Chain: 2 Registers
    Info (332114): Fraction of Chains for which MTBFs Could Not be Calculated: 1.000
    Info (332114): Worst Case Available Settling Time: 35.001 ns
    Info (332114): 
Info: Analyzing Slow 1200mV 0C Model
Info (334003): Started post-fitting delay annotation
Warning (334000): Timing characteristics of device 10M50DAF484C6GES are preliminary
Info (334004): Delay annotation completed successfully
Info (332123): Deriving Clock Uncertainty. Please refer to report_sdc in the Timing Analyzer to see clock uncertainties.
Info (332146): Worst-case setup slack is 3.949
    Info (332119):     Slack       End Point TNS Clock 
    Info (332119): ========= =================== =====================
    Info (332119):     3.949               0.000 system|pll_1_|altpll_component|auto_generated|pll1|clk[1] 
    Info (332119):     8.455               0.000 TCK 
Info (332146): Worst-case hold slack is 0.325
    Info (332119):     Slack       End Point TNS Clock 
    Info (332119): ========= =================== =====================
    Info (332119):     0.325               0.000 TCK 
    Info (332119):     0.346               0.000 system|pll_1_|altpll_component|auto_generated|pll1|clk[1] 
Info (332146): Worst-case recovery slack is 15.409
    Info (332119):     Slack       End Point TNS Clock 
    Info (332119): ========= =================== =====================
    Info (332119):    15.409               0.000 system|pll_1_|altpll_component|auto_generated|pll1|clk[1] 
Info (332146): Worst-case removal slack is 3.242
    Info (332119):     Slack       End Point TNS Clock 
    Info (332119): ========= =================== =====================
    Info (332119):     3.242               0.000 system|pll_1_|altpll_component|auto_generated|pll1|clk[1] 
Info (332146): Worst-case minimum pulse width slack is 9.620
    Info (332119):     Slack       End Point TNS Clock 
    Info (332119): ========= =================== =====================
    Info (332119):     9.620               0.000 TCK 
    Info (332119):     9.639               0.000 system|pll_1_|altpll_component|auto_generated|pll1|clk[1] 
    Info (332119):     9.856               0.000 MAX10_CLK1_50 
Info (332114): Report Metastability: Found 4 synchronizer chains.
    Info (332114): The design MTBF is not calculated because there are no specified synchronizers in the design.
    Info (332114): Number of Synchronizer Chains Found: 4
    Info (332114): Shortest Synchronizer Chain: 2 Registers
    Info (332114): Fraction of Chains for which MTBFs Could Not be Calculated: 1.000
    Info (332114): Worst Case Available Settling Time: 35.473 ns
    Info (332114): 
Info: Analyzing Fast 1200mV 0C Model
Info (332123): Deriving Clock Uncertainty. Please refer to report_sdc in the Timing Analyzer to see clock uncertainties.
Info (332146): Worst-case setup slack is 9.546
    Info (332119):     Slack       End Point TNS Clock 
    Info (332119): ========= =================== =====================
    Info (332119):     9.546               0.000 TCK 
    Info (332119):    11.253               0.000 system|pll_1_|altpll_component|auto_generated|pll1|clk[1] 
Info (332146): Worst-case hold slack is 0.166
    Info (332119):     Slack       End Point TNS Clock 
    Info (332119): ========= =================== =====================
    Info (332119):     0.166               0.000 TCK 
    Info (332119):     0.207               0.000 system|pll_1_|altpll_component|auto_generated|pll1|clk[1] 
Info (332146): Worst-case recovery slack is 17.356
    Info (332119):     Slack       End Point TNS Clock 
    Info (332119): ========= =================== =====================
    Info (332119):    17.356               0.000 system|pll_1_|altpll_component|auto_generated|pll1|clk[1] 
Info (332146): Worst-case removal slack is 1.735
    Info (332119):     Slack       End Point TNS Clock 
    Info (332119): ========= =================== =====================
    Info (332119):     1.735               0.000 system|pll_1_|altpll_component|auto_generated|pll1|clk[1] 
Info (332146): Worst-case minimum pulse width slack is 9.311
    Info (332119):     Slack       End Point TNS Clock 
    Info (332119): ========= =================== =====================
    Info (332119):     9.311               0.000 TCK 
    Info (332119):     9.666               0.000 MAX10_CLK1_50 
    Info (332119):     9.710               0.000 system|pll_1_|altpll_component|auto_generated|pll1|clk[1] 
Info (332114): Report Metastability: Found 4 synchronizer chains.
    Info (332114): The design MTBF is not calculated because there are no specified synchronizers in the design.
    Info (332114): Number of Synchronizer Chains Found: 4
    Info (332114): Shortest Synchronizer Chain: 2 Registers
    Info (332114): Fraction of Chains for which MTBFs Could Not be Calculated: 1.000
    Info (332114): Worst Case Available Settling Time: 37.473 ns
    Info (332114): 
Info (332102): Design is not fully constrained for setup requirements
Info (332102): Design is not fully constrained for hold requirements
Info: Quartus Prime Timing Analyzer was successful. 0 errors, 4 warnings
    Info: Peak virtual memory: 5096 megabytes
    Info: Processing ended: Sun May 17 09:02:55 2026
    Info: Elapsed time: 00:00:03
    Info: Total CPU time (on all processors): 00:00:09


